date_heure,nom_pizza,quantite,prix_total,taille,categorie
2026-01-01 11:38:36,Hawaïenne Jambon,1,17.99,Large,Les Grands Classiques
2026-01-01 11:57:40,Extravaganzza,1,20.99,Large,Toujours Plus
2026-01-01 11:57:40,Divine 3 Fromages,1,21.99,XL,Éditions Limitées
2026-01-01 11:57:40,Pepperoni Party,1,23.49,XL,Les Iconiques
2026-01-01 11:57:40,Royale Veggie,1,18.99,Large,Les Gourmandes Veggies
2026-01-01 11:57:40,Hawaïenne Poulet,1,20.99,XL,Les Grands Classiques
2026-01-01 12:12:28,Pepperoni Party,1,20.49,Large,Les Iconiques
2026-01-01 12:12:28,Cannibale,1,23.49,XL,Les Iconiques
2026-01-01 12:16:31,Pepperoni Party,1,20.49,Large,Les Iconiques
2026-01-01 12:21:30,Pepperoni Party,1,20.49,Large,Les Iconiques
2026-01-01 12:29:36,Chicken BBQ,1,15.99,Medium,Les Grands Classiques
2026-01-01 12:29:36,Steak and Cheese,1,14.99,Medium,Les Grands Classiques
2026-01-01 12:50:37,Chicken and Cheddar,1,17.49,Medium,Éditions Limitées
2026-01-01 12:51:37,Chicken and Cheddar,1,17.49,Medium,Éditions Limitées
2026-01-01 12:52:01,Extravaganzza,1,17.99,Medium,Toujours Plus
2026-01-01 12:52:01,Super Veggie,1,17.49,Medium,Les Gourmandes Veggies
2026-01-01 12:52:01,Forestière,1,23.49,XL,Les Grands Classiques
2026-01-01 12:52:01,Pepperoni Party,1,23.49,XL,Les Iconiques
2026-01-01 12:52:01,Pepperoni Party,1,17.49,Medium,Les Iconiques
2026-01-01 12:52:01,Royale Veggie,1,15.99,Medium,Les Gourmandes Veggies
2026-01-01 12:52:01,Kebab and Spicy,1,21.99,XL,Les Originales
2026-01-01 12:52:01,Cheesy and Veggie,1,20.99,XL,Les Gourmandes Veggies
2026-01-01 12:52:01,Peppina Vegan,1,16.99,Medium,Les Vegans
2026-01-01 13:00:15,Royale Veggie,1,21.99,XL,Les Gourmandes Veggies
2026-01-01 13:00:15,Algérienne,1,21.99,XL,Les Grands Classiques
2026-01-01 13:02:59,Chicken BBQ,1,21.99,XL,Les Grands Classiques
2026-01-01 13:02:59,Chicken Delight,1,21.99,XL,Les Originales
2026-01-01 13:02:59,Chicken Delight,1,18.99,Large,Les Originales
2026-01-01 13:02:59,Originale Pepperoni,1,18.99,XL,Les Bons Plans
2026-01-01 13:04:41,Chicken Delight,1,21.99,XL,Les Originales
2026-01-01 13:04:41,Chicken Delight,1,15.99,Medium,Les Originales
2026-01-01 13:04:41,Bacon Groovy,1,23.49,XL,Les Iconiques
2026-01-01 13:04:41,Pepperoni Party,1,20.49,Large,Les Iconiques
2026-01-01 13:11:55,Royale Veggie,1,21.99,XL,Les Gourmandes Veggies
2026-01-01 13:14:19,Steak and Cheese,1,14.99,Medium,Les Grands Classiques
2026-01-01 13:33:00,Ultimate Meat,1,17.99,Medium,Toujours Plus
2026-01-01 13:33:00,Divine 3 Fromages,1,21.99,XL,Éditions Limitées
2026-01-01 13:33:00,Beef and Cheddar,1,23.99,XL,Éditions Limitées
2026-01-01 13:33:00,Steak and Cheese,1,14.99,Medium,Les Grands Classiques
2026-01-01 13:34:07,Chèvre-Miel,1,21.99,XL,Les Iconiques
2026-01-01 13:34:07,Pêcheur,1,15.99,Medium,Les Grands Classiques
2026-01-01 13:34:07,Hawaïenne Poulet,1,20.99,XL,Les Grands Classiques
2026-01-01 13:53:00,Chicken BBQ,1,21.99,XL,Les Grands Classiques
2026-01-01 13:53:00,Diavola Haché au bœuf,1,18.99,Large,Les Originales
2026-01-01 13:53:00,Divine 3 Fromages,1,21.99,XL,Éditions Limitées
2026-01-01 13:53:00,Chèvre-Miel,1,18.99,Large,Les Iconiques
2026-01-01 13:53:00,Pepperoni Party,1,20.49,Large,Les Iconiques
2026-01-01 13:53:00,Peppina,1,16.99,Medium,Les Gourmandes Veggies
2026-01-01 13:53:00,Rocket Veggie,2,31.98,Large,Les Gourmandes Veggies
2026-01-01 13:53:00,Royale Veggie,1,21.99,XL,Les Gourmandes Veggies
2026-01-01 13:53:00,Crispy Cannibale,1,17.99,Medium,Les Originales
2026-01-01 13:53:00,Margherita,1,18.99,XL,Les Bons Plans
2026-01-01 13:57:08,Pêcheur,1,21.99,XL,Les Grands Classiques
2026-01-01 13:59:09,Forestière,1,23.49,XL,Les Grands Classiques
2026-01-01 13:59:09,Urban Kebab,1,23.49,XL,Les Originales
2026-01-01 14:03:08,Ultimate Meat,1,17.99,Medium,Toujours Plus
2026-01-01 14:03:08,Divine 3 Fromages,1,21.99,XL,Éditions Limitées
2026-01-01 14:14:29,Forestière,1,23.49,XL,Les Grands Classiques
2026-01-01 14:16:26,Divine 3 Fromages,1,21.99,XL,Éditions Limitées
2026-01-01 14:16:26,Forestière,1,20.49,Large,Les Grands Classiques
2026-01-01 14:16:26,Algérienne,1,21.99,XL,Les Grands Classiques
2026-01-01 14:19:03,Algérienne,1,15.99,Medium,Les Grands Classiques
2026-01-01 14:23:01,Chicken BBQ,1,18.99,Large,Les Grands Classiques
2026-01-01 14:23:01,Forestière,1,20.49,Large,Les Grands Classiques
2026-01-01 14:23:01,Originale Pepperoni,1,15.99,Large,Les Bons Plans
2026-01-01 14:23:01,Cannibale,1,17.49,Medium,Les Iconiques
2026-01-01 14:44:44,Urban Kebab,1,20.49,Large,Les Originales
2026-01-01 14:44:44,Hawaïenne Poulet,1,20.99,XL,Les Grands Classiques
2026-01-01 14:54:26,Extravaganzza,1,17.99,Medium,Toujours Plus
2026-01-01 14:54:26,Peppina Vegan,1,22.99,XL,Les Vegans
2026-01-01 15:11:17,Chicken BBQ,1,21.99,XL,Les Grands Classiques
2026-01-01 15:11:17,Extravaganzza,1,20.99,Large,Toujours Plus
2026-01-01 15:11:17,Margherita,1,18.99,XL,Les Bons Plans
2026-01-01 15:35:46,Indienne,1,15.99,Medium,Les Grands Classiques
2026-01-01 15:41:01,Super Veggie,1,17.49,Medium,Les Gourmandes Veggies
2026-01-01 15:41:25,Hawaïenne Poulet,1,20.99,XL,Les Grands Classiques
2026-01-01 15:50:18,Royale Veggie,1,18.99,Large,Les Gourmandes Veggies
2026-01-01 15:50:18,Originale Pepperoni,1,12.99,Medium,Les Bons Plans
2026-01-01 15:53:18,Ultimate Meat,1,17.99,Medium,Toujours Plus
2026-01-01 15:53:18,Super Veggie,1,23.49,XL,Les Gourmandes Veggies
2026-01-01 15:53:18,Forestière,1,23.49,XL,Les Grands Classiques
2026-01-01 15:53:18,Pepperoni Party,1,20.49,Large,Les Iconiques
2026-01-01 15:54:08,Chicken BBQ,1,21.99,XL,Les Grands Classiques
2026-01-01 15:54:08,Super Veggie,1,17.49,Medium,Les Gourmandes Veggies
2026-01-01 16:21:21,Steak and Cheese,1,14.99,Medium,Les Grands Classiques
2026-01-01 16:32:04,Super Veggie,1,20.49,Large,Les Gourmandes Veggies
2026-01-01 16:32:04,Diavola Pepperoni,1,21.99,XL,Les Originales
2026-01-01 16:32:04,Originale Pepperoni,1,15.99,Large,Les Bons Plans
2026-01-01 16:32:04,Hawaïenne Poulet,1,20.99,XL,Les Grands Classiques
2026-01-01 16:54:09,Chicken BBQ,1,18.99,Large,Les Grands Classiques
2026-01-01 16:54:09,Extravaganzza,1,20.99,Large,Toujours Plus
2026-01-01 16:56:09,Pepperoni Party,1,23.49,XL,Les Iconiques
2026-01-01 16:56:09,Royale Veggie,1,21.99,XL,Les Gourmandes Veggies
2026-01-01 17:03:00,Hawaïenne Jambon,1,14.99,Medium,Les Grands Classiques
2026-01-01 17:03:00,Forestière,1,23.49,XL,Les Grands Classiques
2026-01-01 17:07:23,Pepperoni Party,1,23.49,XL,Les Iconiques
2026-01-01 17:14:36,Chèvre-Miel,1,21.99,XL,Les Iconiques
2026-01-01 17:14:36,Algérienne,1,15.99,Medium,Les Grands Classiques
2026-01-01 17:15:20,Chèvre-Miel,1,18.99,Large,Les Iconiques
2026-01-01 17:15:20,Super Veggie,1,17.49,Medium,Les Gourmandes Veggies
2026-01-01 17:28:09,Ultimate Meat,1,17.99,Medium,Toujours Plus
2026-01-01 17:28:09,Divine 3 Fromages,1,21.99,XL,Éditions Limitées
2026-01-01 17:28:09,Royale Veggie,1,21.99,XL,Les Gourmandes Veggies
2026-01-01 17:28:09,Crispy Cannibale,1,20.99,Large,Les Originales
2026-01-01 17:38:34,Indienne,1,18.99,Large,Les Grands Classiques
2026-01-01 17:38:34,Pepperoni Party,1,20.49,Large,Les Iconiques
2026-01-01 17:38:34,Crispy Cannibale,1,23.99,XL,Les Originales
2026-01-01 17:54:20,Cheesy and Veggie,1,14.99,Medium,Les Gourmandes Veggies
2026-01-01 17:55:48,Chèvre-Miel,1,21.99,XL,Les Iconiques
2026-01-01 17:55:48,Hawaïenne Jambon,1,14.99,Medium,Les Grands Classiques
2026-01-01 17:55:48,Hawaïenne Poulet,1,17.99,Large,Les Grands Classiques
2026-01-01 18:25:51,Bacon Groovy,1,23.49,XL,Les Iconiques
2026-01-01 18:25:51,Extravaganzza,1,23.99,XL,Toujours Plus
2026-01-01 18:25:51,Hawaïenne Poulet,1,17.99,Large,Les Grands Classiques
2026-01-01 18:26:34,Algérienne,1,21.99,XL,Les Grands Classiques
2026-01-01 18:26:34,Peppina Vegan,1,16.99,Medium,Les Vegans
2026-01-01 18:26:42,Bacon Groovy,1,20.49,Large,Les Iconiques
2026-01-01 18:26:42,Super Veggie,1,17.49,Medium,Les Gourmandes Veggies
2026-01-01 18:26:42,Cannibale,1,23.49,XL,Les Iconiques
2026-01-01 18:26:42,Kebab and Spicy,1,21.99,XL,Les Originales
2026-01-01 18:33:00,Urban Kebab,1,23.49,XL,Les Originales
2026-01-01 18:41:01,Steak and Cheese,1,20.99,XL,Les Grands Classiques
2026-01-01 18:48:28,Chicken BBQ,1,21.99,XL,Les Grands Classiques
2026-01-01 18:48:28,Diavola Pepperoni,1,21.99,XL,Les Originales
2026-01-01 18:53:02,Hawaïenne Jambon,1,20.99,XL,Les Grands Classiques
2026-01-01 18:53:02,Royale Veggie,1,21.99,XL,Les Gourmandes Veggies
2026-01-01 18:53:02,Kebab and Spicy,1,21.99,XL,Les Originales
2026-01-01 18:54:17,Diavola Pepperoni,1,15.99,Medium,Les Originales
2026-01-01 18:54:17,Chicken and Cheddar,1,20.49,Large,Éditions Limitées
2026-01-01 19:01:45,Cannibale,1,20.49,Large,Les Iconiques
2026-01-01 19:01:45,Hawaïenne Poulet,1,20.99,XL,Les Grands Classiques
2026-01-01 19:03:19,Crispy Cannibale,1,17.99,Medium,Les Originales
2026-01-01 19:03:19,Kebab and Spicy,1,21.99,XL,Les Originales
2026-01-01 19:07:00,Extravaganzza,1,20.99,Large,Toujours Plus
2026-01-01 19:07:00,Rocket Veggie,1,18.99,XL,Les Gourmandes Veggies
2026-01-01 19:07:00,Algérienne,1,18.99,Large,Les Grands Classiques
2026-01-01 19:10:51,Extravaganzza,1,20.99,Large,Toujours Plus
2026-01-01 19:30:40,Divine 3 Fromages,1,21.99,XL,Éditions Limitées
2026-01-01 19:30:40,Originale Pepperoni,1,15.99,Large,Les Bons Plans
2026-01-01 19:40:08,Peppina,1,16.99,Medium,Les Gourmandes Veggies
2026-01-01 19:40:08,Diavola Pepperoni,1,15.99,Medium,Les Originales
2026-01-01 19:40:08,Originale Pepperoni,1,18.99,XL,Les Bons Plans
2026-01-01 20:05:16,Bacon Groovy,1,23.49,XL,Les Iconiques
2026-01-01 20:05:16,Chèvre-Miel,1,18.99,Large,Les Iconiques
2026-01-01 20:08:43,Chicken BBQ,1,18.99,Large,Les Grands Classiques
2026-01-01 20:08:43,Pepperoni Party,1,23.49,XL,Les Iconiques
2026-01-01 20:50:16,Chicken BBQ,1,18.99,Large,Les Grands Classiques
2026-01-01 20:50:16,Chicken and Cheddar,1,20.49,Large,Éditions Limitées
2026-01-01 20:51:42,Diavola Pepperoni,1,18.99,Large,Les Originales
2026-01-01 20:52:08,Ultimate Meat,1,17.99,Medium,Toujours Plus
2026-01-01 21:16:00,Diavola Pepperoni,1,15.99,Medium,Les Originales
2026-01-01 21:16:00,Urban Kebab,1,17.49,Medium,Les Originales
2026-01-01 21:16:00,Kebab and Spicy,1,15.99,Medium,Les Originales
2026-01-01 21:16:00,Chicken and Cheddar,1,20.49,Large,Éditions Limitées
2026-01-01 21:47:55,Extravaganzza,1,20.99,Large,Toujours Plus
2026-01-01 21:47:55,Forestière,1,20.49,Large,Les Grands Classiques
2026-01-01 22:03:40,Algérienne,1,21.99,XL,Les Grands Classiques
2026-01-01 22:07:32,Extravaganzza,1,20.99,Large,Toujours Plus
2026-01-01 22:07:32,Pepperoni Party,1,23.49,XL,Les Iconiques
2026-01-01 22:07:32,Pepperoni Party,1,20.49,Large,Les Iconiques
2026-01-01 22:12:13,Chicken BBQ,1,21.99,XL,Les Grands Classiques
2026-01-02 11:38:51,Peppina,1,16.99,Medium,Les Gourmandes Veggies
2026-01-02 11:38:51,Beef and Cheddar,1,23.99,XL,Éditions Limitées
2026-01-02 11:40:50,Hawaïenne Poulet,1,20.99,XL,Les Grands Classiques
2026-01-02 11:57:25,Margherita,1,18.99,XL,Les Bons Plans
2026-01-02 11:58:56,Hawaïenne Poulet,1,14.99,Medium,Les Grands Classiques
2026-01-02 12:01:12,Divine 3 Fromages,1,21.99,XL,Éditions Limitées
2026-01-02 12:01:12,Royale Veggie,1,21.99,XL,Les Gourmandes Veggies
2026-01-02 12:01:12,Cheesy and Veggie,1,14.99,Medium,Les Gourmandes Veggies
2026-01-02 12:01:12,Chicken and Cheddar,1,23.49,XL,Éditions Limitées
2026-01-02 12:10:15,Pepperoni Party,1,17.49,Medium,Les Iconiques
2026-01-02 12:10:15,Rocket Veggie,1,18.99,XL,Les Gourmandes Veggies
2026-01-02 12:10:15,Pêcheur,1,21.99,XL,Les Grands Classiques
2026-01-02 12:21:17,Ultimate Meat,1,17.99,Medium,Toujours Plus
2026-01-02 12:21:17,Hawaïenne Jambon,1,20.99,XL,Les Grands Classiques
2026-01-02 12:21:17,Peppina,1,22.99,XL,Les Gourmandes Veggies
2026-01-02 12:21:17,Kebab and Spicy,1,21.99,XL,Les Originales
2026-01-02 12:22:46,Chicken BBQ,1,18.99,Large,Les Grands Classiques
2026-01-02 12:22:46,Hawaïenne Jambon,1,17.99,Large,Les Grands Classiques
2026-01-02 12:28:14,Ultimate Meat,1,17.99,Medium,Toujours Plus
2026-01-02 12:28:14,Extravaganzza,1,17.99,Medium,Toujours Plus
2026-01-02 12:28:14,Chèvre-Miel,1,21.99,XL,Les Iconiques
2026-01-02 12:28:14,Forestière,1,20.49,Large,Les Grands Classiques
2026-01-02 12:28:14,Kebab and Spicy,3,65.97,XL,Les Originales
2026-01-02 12:28:14,Hawaïenne Poulet,1,14.99,Medium,Les Grands Classiques
2026-01-02 12:29:11,Forestière,1,23.49,XL,Les Grands Classiques
2026-01-02 12:29:11,Diavola Pepperoni,1,15.99,Medium,Les Originales
2026-01-02 12:29:11,Hawaïenne Poulet,1,20.99,XL,Les Grands Classiques
2026-01-02 12:35:38,Originale Pepperoni,1,12.99,Medium,Les Bons Plans
2026-01-02 12:35:38,Hawaïenne Poulet,1,17.99,Large,Les Grands Classiques
2026-01-02 12:40:01,Hawaïenne Poulet,1,20.99,XL,Les Grands Classiques
2026-01-02 12:45:51,Ultimate Meat,1,17.99,Medium,Toujours Plus
2026-01-02 12:45:51,Chicken Delight,1,18.99,Large,Les Originales
2026-01-02 12:45:51,Kebab and Spicy,1,21.99,XL,Les Originales
2026-01-02 12:45:51,Peppina Vegan,1,19.99,Large,Les Vegans
2026-01-02 12:53:27,Algérienne,1,15.99,Medium,Les Grands Classiques
2026-01-02 13:13:41,Originale Pepperoni,1,18.99,XL,Les Bons Plans
2026-01-02 13:34:49,Extravaganzza,1,20.99,Large,Toujours Plus
2026-01-02 13:34:49,Extravaganzza,1,17.99,Medium,Toujours Plus
2026-01-02 13:34:49,Pepperoni Party,1,23.49,XL,Les Iconiques
2026-01-02 13:34:49,Steak and Cheese,1,17.99,Large,Les Grands Classiques
2026-01-02 13:40:31,Hawaïenne Jambon,1,20.99,XL,Les Grands Classiques
2026-01-02 14:01:02,Forestière,1,20.49,Large,Les Grands Classiques
2026-01-02 14:01:02,Royale Veggie,1,18.99,Large,Les Gourmandes Veggies
2026-01-02 14:01:02,Chicken and Cheddar,1,23.49,XL,Éditions Limitées
2026-01-02 14:01:02,Chicken and Cheddar,1,17.49,Medium,Éditions Limitées
2026-01-02 14:10:08,Divine 3 Fromages,1,21.99,XL,Éditions Limitées
2026-01-02 14:30:19,Beef and Cheddar,1,23.99,XL,Éditions Limitées
2026-01-02 14:30:19,Hawaïenne Poulet,1,20.99,XL,Les Grands Classiques
2026-01-02 15:08:48,Urban Kebab,1,23.49,XL,Les Originales
2026-01-02 15:08:48,Hawaïenne Poulet,1,14.99,Medium,Les Grands Classiques
2026-01-02 15:14:43,Chicken BBQ,2,43.98,XL,Les Grands Classiques
2026-01-02 15:14:43,Bacon Groovy,1,17.49,Medium,Les Iconiques
2026-01-02 15:14:43,Originale Pepperoni,1,12.99,Medium,Les Bons Plans
2026-01-02 15:17:02,Chicken BBQ,1,18.99,Large,Les Grands Classiques
2026-01-02 15:17:02,Pepperoni Party,1,23.49,XL,Les Iconiques
2026-01-02 15:17:02,Pepperoni Party,1,20.49,Large,Les Iconiques
2026-01-02 15:17:02,Peppina,1,16.99,Medium,Les Gourmandes Veggies
2026-01-02 15:17:02,Originale Pepperoni,1,15.99,Large,Les Bons Plans
2026-01-02 15:17:02,Crispy Cannibale,1,20.99,Large,Les Originales
2026-01-02 15:17:02,Margherita,1,12.99,Medium,Les Bons Plans
2026-01-02 15:17:02,Chicken and Cheddar,1,17.49,Medium,Éditions Limitées
2026-01-02 15:17:02,Steak and Cheese,2,35.98,Large,Les Grands Classiques
2026-01-02 15:29:31,Urban Kebab,1,20.49,Large,Les Originales
2026-01-02 16:17:16,Forestière,1,20.49,Large,Les Grands Classiques
2026-01-02 16:17:16,Algérienne,1,15.99,Medium,Les Grands Classiques
2026-01-02 16:18:04,Pêcheur,1,15.99,Medium,Les Grands Classiques
2026-01-02 16:18:04,Crispy Cannibale,1,23.99,XL,Les Originales
2026-01-02 16:21:20,Pêcheur,1,15.99,Medium,Les Grands Classiques
2026-01-02 16:45:33,Ultimate Meat,1,17.99,Medium,Toujours Plus
2026-01-02 17:18:18,Extravaganzza,1,23.99,XL,Toujours Plus
2026-01-02 17:18:18,Pêcheur,1,21.99,XL,Les Grands Classiques
2026-01-02 17:45:42,Pepperoni Party,1,23.49,XL,Les Iconiques
2026-01-02 17:46:17,Hawaïenne Jambon,1,20.99,XL,Les Grands Classiques
2026-01-02 17:51:33,Chicken Delight,1,21.99,XL,Les Originales
2026-01-02 17:51:33,Originale Pepperoni,1,18.99,XL,Les Bons Plans
2026-01-02 17:51:33,Beef and Cheddar,1,23.99,XL,Éditions Limitées
2026-01-02 17:51:33,Kebab and Spicy,1,18.99,Large,Les Originales
2026-01-02 17:54:04,Chicken BBQ,1,15.99,Medium,Les Grands Classiques
2026-01-02 17:54:04,Cannibale,1,17.49,Medium,Les Iconiques
2026-01-02 18:02:09,Chicken and Cheddar,1,17.49,Medium,Éditions Limitées
2026-01-02 18:02:12,Chicken BBQ,1,18.99,Large,Les Grands Classiques
2026-01-02 18:02:12,Indienne,1,18.99,Large,Les Grands Classiques
2026-01-02 18:02:12,Peppina,1,19.99,Large,Les Gourmandes Veggies
2026-01-02 18:02:12,Peppina Vegan,1,22.99,XL,Les Vegans
2026-01-02 18:12:01,Hawaïenne Jambon,2,29.98,Medium,Les Grands Classiques
2026-01-02 18:12:01,Originale Pepperoni,1,18.99,XL,Les Bons Plans
2026-01-02 18:12:01,Cannibale,1,20.49,Large,Les Iconiques
2026-01-02 18:12:13,Royale Veggie,1,21.99,XL,Les Gourmandes Veggies
2026-01-02 18:12:13,Kebab and Spicy,1,21.99,XL,Les Originales
2026-01-02 18:25:09,Chicken Delight,1,21.99,XL,Les Originales
2026-01-02 18:25:09,Pepperoni Party,1,20.49,Large,Les Iconiques
2026-01-02 18:25:09,Kebab and Spicy,1,21.99,XL,Les Originales
2026-01-02 18:25:09,Peppina Vegan,1,22.99,XL,Les Vegans
2026-01-02 18:25:25,Extravaganzza,1,23.99,XL,Toujours Plus
2026-01-02 18:25:25,Hawaïenne Jambon,1,20.99,XL,Les Grands Classiques
2026-01-02 18:25:25,Chicken and Cheddar,1,23.49,XL,Éditions Limitées
2026-01-02 18:27:50,Forestière,1,23.49,XL,Les Grands Classiques
2026-01-02 18:27:50,Pepperoni Party,1,23.49,XL,Les Iconiques
2026-01-02 18:27:50,Originale Pepperoni,1,15.99,Large,Les Bons Plans
2026-01-02 18:27:50,Cannibale,1,23.49,XL,Les Iconiques
2026-01-02 18:36:19,Ultimate Meat,1,17.99,Medium,Toujours Plus
2026-01-02 18:36:19,Pêcheur,1,21.99,XL,Les Grands Classiques
2026-01-02 18:36:19,Beef and Cheddar,1,23.99,XL,Éditions Limitées
2026-01-02 18:36:19,Kebab and Spicy,1,15.99,Medium,Les Originales
2026-01-02 18:38:01,Chicken Delight,1,18.99,Large,Les Originales
2026-01-02 18:38:01,Divine 3 Fromages,1,21.99,XL,Éditions Limitées
2026-01-02 18:38:01,Originale Pepperoni,1,15.99,Large,Les Bons Plans
2026-01-02 18:38:01,Cheesy and Veggie,1,20.99,XL,Les Gourmandes Veggies
2026-01-02 18:41:40,Originale Pepperoni,1,12.99,Medium,Les Bons Plans
2026-01-02 18:50:21,Chicken Delight,1,21.99,XL,Les Originales
2026-01-02 18:50:21,Royale Veggie,1,21.99,XL,Les Gourmandes Veggies
2026-01-02 18:50:21,Algérienne,1,18.99,Large,Les Grands Classiques
2026-01-02 18:59:32,Originale Pepperoni,1,18.99,XL,Les Bons Plans
2026-01-02 18:59:32,Urban Kebab,1,17.49,Medium,Les Originales
2026-01-02 19:05:17,Ultimate Meat,1,17.99,Medium,Toujours Plus
2026-01-02 19:05:17,Pêcheur,1,21.99,XL,Les Grands Classiques
2026-01-02 19:05:17,Hawaïenne Poulet,1,17.99,Large,Les Grands Classiques
2026-01-02 19:18:49,Divine 3 Fromages,1,21.99,XL,Éditions Limitées
2026-01-02 19:23:02,Crispy Cannibale,1,20.99,Large,Les Originales
2026-01-02 19:23:02,Urban Kebab,1,23.49,XL,Les Originales
2026-01-02 19:26:59,Cannibale,1,23.49,XL,Les Iconiques
2026-01-02 19:26:59,Margherita,1,12.99,Medium,Les Bons Plans
2026-01-02 19:32:29,Chèvre-Miel,1,18.99,Large,Les Iconiques
2026-01-02 19:35:07,Extravaganzza,1,17.99,Medium,Toujours Plus
2026-01-02 19:35:07,Hawaïenne Jambon,1,14.99,Medium,Les Grands Classiques
2026-01-02 19:35:07,Margherita,1,18.99,XL,Les Bons Plans
2026-01-02 19:38:48,Chicken BBQ,1,18.99,Large,Les Grands Classiques
2026-01-02 19:38:48,Chèvre-Miel,1,21.99,XL,Les Iconiques
2026-01-02 19:38:48,Urban Kebab,1,23.49,XL,Les Originales
2026-01-02 19:38:48,Algérienne,1,21.99,XL,Les Grands Classiques
2026-01-02 19:50:19,Pepperoni Party,1,20.49,Large,Les Iconiques
2026-01-02 20:12:09,Forestière,1,17.49,Medium,Les Grands Classiques
2026-01-02 20:12:34,Chicken BBQ,1,15.99,Medium,Les Grands Classiques
2026-01-02 20:12:34,Urban Kebab,1,23.49,XL,Les Originales
2026-01-02 20:12:34,Kebab and Spicy,1,21.99,XL,Les Originales
2026-01-02 20:12:34,Steak and Cheese,1,14.99,Medium,Les Grands Classiques
2026-01-02 20:31:06,Steak and Cheese,1,20.99,XL,Les Grands Classiques
2026-01-02 20:53:42,Peppina Vegan,1,22.99,XL,Les Vegans
2026-01-02 20:58:23,Originale Pepperoni,1,15.99,Large,Les Bons Plans
2026-01-02 21:05:06,Kebab and Spicy,1,15.99,Medium,Les Originales
2026-01-02 21:13:02,Ultimate Meat,1,17.99,Medium,Toujours Plus
2026-01-02 21:13:02,Steak and Cheese,1,17.99,Large,Les Grands Classiques
2026-01-02 21:14:55,Hawaïenne Jambon,1,14.99,Medium,Les Grands Classiques
2026-01-02 21:14:55,Forestière,1,23.49,XL,Les Grands Classiques
2026-01-02 21:14:55,Royale Veggie,1,18.99,Large,Les Gourmandes Veggies
2026-01-02 21:14:55,Algérienne,1,15.99,Medium,Les Grands Classiques
2026-01-02 21:33:10,Bacon Groovy,1,23.49,XL,Les Iconiques
2026-01-02 21:33:10,Divine 3 Fromages,1,21.99,XL,Éditions Limitées
2026-01-02 21:33:10,Super Veggie,1,17.49,Medium,Les Gourmandes Veggies
2026-01-02 21:33:10,Chicken and Cheddar,1,17.49,Medium,Éditions Limitées
2026-01-02 21:42:45,Originale Pepperoni,1,12.99,Medium,Les Bons Plans
2026-01-02 22:00:17,Chicken BBQ,1,21.99,XL,Les Grands Classiques
2026-01-02 22:00:17,Hawaïenne Jambon,1,20.99,XL,Les Grands Classiques
2026-01-02 22:00:17,Steak and Cheese,1,14.99,Medium,Les Grands Classiques
2026-01-02 22:13:24,Ultimate Meat,1,17.99,Medium,Toujours Plus
2026-01-02 22:13:24,Algérienne,1,21.99,XL,Les Grands Classiques
2026-01-02 22:13:24,Chicken and Cheddar,1,17.49,Medium,Éditions Limitées
2026-01-02 22:29:34,Peppina Vegan,1,22.99,XL,Les Vegans
2026-01-02 22:32:49,Divine 3 Fromages,1,21.99,XL,Éditions Limitées
2026-01-02 22:32:49,Crispy Cannibale,1,17.99,Medium,Les Originales
2026-01-03 11:34:10,Rocket Veggie,1,18.99,XL,Les Gourmandes Veggies
2026-01-03 11:34:10,Originale Pepperoni,1,12.99,Medium,Les Bons Plans
2026-01-03 11:34:10,Kebab and Spicy,1,18.99,Large,Les Originales
2026-01-03 11:44:50,Chicken Delight,1,18.99,Large,Les Originales
2026-01-03 11:44:50,Chèvre-Miel,1,21.99,XL,Les Iconiques
2026-01-03 11:44:50,Peppina,1,22.99,XL,Les Gourmandes Veggies
2026-01-03 11:44:50,Urban Kebab,1,20.49,Large,Les Originales
2026-01-03 11:57:39,Divine 3 Fromages,1,21.99,XL,Éditions Limitées
2026-01-03 12:26:44,Cannibale,1,17.49,Medium,Les Iconiques
2026-01-03 12:26:44,Peppina Vegan,1,19.99,Large,Les Vegans
2026-01-03 13:16:01,Extravaganzza,1,20.99,Large,Toujours Plus
2026-01-03 13:33:59,Super Veggie,1,20.49,Large,Les Gourmandes Veggies
2026-01-03 13:41:36,Chicken Delight,1,15.99,Medium,Les Originales
2026-01-03 13:41:36,Extravaganzza,1,17.99,Medium,Toujours Plus
2026-01-03 13:41:36,Hawaïenne Jambon,1,20.99,XL,Les Grands Classiques
2026-01-03 13:41:36,Royale Veggie,1,18.99,Large,Les Gourmandes Veggies
2026-01-03 13:41:36,Originale Pepperoni,1,18.99,XL,Les Bons Plans
2026-01-03 13:41:36,Cannibale,1,17.49,Medium,Les Iconiques
2026-01-03 13:41:36,Hawaïenne Poulet,1,20.99,XL,Les Grands Classiques
2026-01-03 13:41:36,Peppina Vegan,1,19.99,Large,Les Vegans
2026-01-03 13:44:28,Chicken BBQ,3,56.97,Large,Les Grands Classiques
2026-01-03 13:44:28,Ultimate Meat,1,17.99,Medium,Toujours Plus
2026-01-03 13:44:28,Chicken Delight,1,21.99,XL,Les Originales
2026-01-03 13:44:28,Bacon Groovy,1,20.49,Large,Les Iconiques
2026-01-03 13:44:28,Divine 3 Fromages,1,21.99,XL,Éditions Limitées
2026-01-03 13:44:28,Chèvre-Miel,1,21.99,XL,Les Iconiques
2026-01-03 13:44:28,Diavola Pepperoni,1,15.99,Medium,Les Originales
2026-01-03 13:44:28,Algérienne,1,21.99,XL,Les Grands Classiques
2026-01-03 13:44:28,Algérienne,1,15.99,Medium,Les Grands Classiques
2026-01-03 13:44:28,Kebab and Spicy,1,21.99,XL,Les Originales
2026-01-03 13:44:28,Hawaïenne Poulet,1,17.99,Large,Les Grands Classiques
2026-01-03 13:44:28,Peppina Vegan,1,22.99,XL,Les Vegans
2026-01-03 13:53:48,Steak and Cheese,1,14.99,Medium,Les Grands Classiques
2026-01-03 14:22:10,Chicken Delight,1,21.99,XL,Les Originales
2026-01-03 14:22:10,Chèvre-Miel,1,18.99,Large,Les Iconiques
2026-01-03 14:22:10,Hawaïenne Jambon,1,17.99,Large,Les Grands Classiques
2026-01-03 14:32:51,Steak and Cheese,1,20.99,XL,Les Grands Classiques
2026-01-03 14:40:42,Rocket Veggie,1,12.99,Medium,Les Gourmandes Veggies
2026-01-03 14:48:45,Margherita,1,15.99,Large,Les Bons Plans
2026-01-03 14:49:58,Originale Pepperoni,1,15.99,Large,Les Bons Plans
2026-01-03 15:09:34,Algérienne,1,21.99,XL,Les Grands Classiques
2026-01-03 15:09:34,Chicken and Cheddar,1,17.49,Medium,Éditions Limitées
2026-01-03 15:09:42,Hawaïenne Jambon,1,14.99,Medium,Les Grands Classiques
2026-01-03 15:09:42,Margherita,1,18.99,XL,Les Bons Plans
2026-01-03 15:09:42,Hawaïenne Poulet,1,14.99,Medium,Les Grands Classiques
2026-01-03 15:09:42,Steak and Cheese,1,17.99,Large,Les Grands Classiques
2026-01-03 15:16:34,Royale Veggie,1,18.99,Large,Les Gourmandes Veggies
2026-01-03 15:22:43,Cannibale,1,17.49,Medium,Les Iconiques
2026-01-03 15:28:59,Bacon Groovy,1,17.49,Medium,Les Iconiques
2026-01-03 15:28:59,Pêcheur,1,21.99,XL,Les Grands Classiques
2026-01-03 15:28:59,Originale Pepperoni,1,18.99,XL,Les Bons Plans
2026-01-03 15:28:59,Crispy Cannibale,1,23.99,XL,Les Originales
2026-01-03 15:42:19,Pêcheur,1,18.99,Large,Les Grands Classiques
2026-01-03 15:42:19,Hawaïenne Poulet,1,20.99,XL,Les Grands Classiques
2026-01-03 15:43:03,Pepperoni Party,1,23.49,XL,Les Iconiques
2026-01-03 15:43:03,Rocket Veggie,1,15.99,Large,Les Gourmandes Veggies
2026-01-03 15:43:03,Urban Kebab,1,20.49,Large,Les Originales
2026-01-03 15:43:03,Cheesy and Veggie,1,17.99,Large,Les Gourmandes Veggies
2026-01-03 15:54:30,Peppina,1,19.99,Large,Les Gourmandes Veggies
2026-01-03 15:54:30,Hawaïenne Poulet,1,17.99,Large,Les Grands Classiques
2026-01-03 15:59:22,Chèvre-Miel,1,21.99,XL,Les Iconiques
2026-01-03 15:59:22,Hawaïenne Poulet,1,17.99,Large,Les Grands Classiques
2026-01-03 16:35:33,Extravaganzza,1,20.99,Large,Toujours Plus
2026-01-03 16:43:46,Hawaïenne Jambon,1,14.99,Medium,Les Grands Classiques
2026-01-03 16:43:46,Kebab and Spicy,1,18.99,Large,Les Originales
2026-01-03 16:43:46,Steak and Cheese,1,20.99,XL,Les Grands Classiques
2026-01-03 16:51:22,Ultimate Meat,1,17.99,Medium,Toujours Plus
2026-01-03 16:54:54,Hawaïenne Jambon,1,17.99,Large,Les Grands Classiques
2026-01-03 16:54:54,Originale Pepperoni,1,18.99,XL,Les Bons Plans
2026-01-03 16:54:54,Steak and Cheese,1,17.99,Large,Les Grands Classiques
2026-01-03 16:56:33,Chicken Delight,1,21.99,XL,Les Originales
2026-01-03 16:56:33,Originale Pepperoni,1,15.99,Large,Les Bons Plans
2026-01-03 16:57:37,Cannibale,1,20.49,Large,Les Iconiques
2026-01-03 16:58:51,Cannibale,1,17.49,Medium,Les Iconiques
2026-01-03 17:00:49,Chicken BBQ,1,21.99,XL,Les Grands Classiques
2026-01-03 17:00:49,Pepperoni Party,1,20.49,Large,Les Iconiques
2026-01-03 17:00:49,Originale Pepperoni,1,15.99,Large,Les Bons Plans
2026-01-03 17:02:27,Ultimate Meat,1,17.99,Medium,Toujours Plus
2026-01-03 17:02:27,Peppina Vegan,1,19.99,Large,Les Vegans
2026-01-03 17:15:48,Chèvre-Miel,1,21.99,XL,Les Iconiques
2026-01-03 17:15:48,Forestière,1,17.49,Medium,Les Grands Classiques
2026-01-03 17:15:48,Urban Kebab,1,20.49,Large,Les Originales
2026-01-03 17:21:31,Hawaïenne Jambon,1,20.99,XL,Les Grands Classiques
2026-01-03 17:23:03,Pêcheur,1,18.99,Large,Les Grands Classiques
2026-01-03 17:29:24,Pêcheur,1,15.99,Medium,Les Grands Classiques
2026-01-03 17:29:24,Chicken and Cheddar,1,20.49,Large,Éditions Limitées
2026-01-03 17:29:24,Hawaïenne Poulet,1,20.99,XL,Les Grands Classiques
2026-01-03 17:35:30,Chicken Delight,1,18.99,Large,Les Originales
2026-01-03 17:35:30,Extravaganzza,1,20.99,Large,Toujours Plus
2026-01-03 17:35:30,Peppina Vegan,1,22.99,XL,Les Vegans
2026-01-03 17:37:49,Ultimate Meat,1,17.99,Medium,Toujours Plus
2026-01-03 17:37:49,Chicken Delight,1,21.99,XL,Les Originales
2026-01-03 17:37:49,Chicken Delight,1,18.99,Large,Les Originales
2026-01-03 17:37:49,Forestière,1,20.49,Large,Les Grands Classiques
2026-01-03 17:50:51,Pepperoni Party,1,23.49,XL,Les Iconiques
2026-01-03 17:51:57,Chicken Delight,1,21.99,XL,Les Originales
2026-01-03 17:51:57,Crispy Cannibale,1,20.99,Large,Les Originales
2026-01-03 17:54:36,Pêcheur,1,15.99,Medium,Les Grands Classiques
2026-01-03 17:54:36,Hawaïenne Poulet,1,20.99,XL,Les Grands Classiques
2026-01-03 18:15:03,Crispy Cannibale,1,23.99,XL,Les Originales
2026-01-03 18:20:14,Hawaïenne Jambon,1,20.99,XL,Les Grands Classiques
2026-01-03 18:20:14,Urban Kebab,1,20.49,Large,Les Originales
2026-01-03 18:20:14,Peppina Vegan,1,16.99,Medium,Les Vegans
2026-01-03 18:33:34,Extravaganzza,1,23.99,XL,Toujours Plus
2026-01-03 18:33:34,Cannibale,1,23.49,XL,Les Iconiques
2026-01-03 18:49:32,Royale Veggie,1,21.99,XL,Les Gourmandes Veggies
2026-01-03 18:50:10,4 Fromages,1,17.49,Medium,Les Iconiques
2026-01-03 18:50:10,Crispy Cannibale,1,23.99,XL,Les Originales
2026-01-03 18:54:55,Pêcheur,1,18.99,Large,Les Grands Classiques
2026-01-03 18:54:55,Cheesy and Veggie,1,20.99,XL,Les Gourmandes Veggies
2026-01-03 18:54:55,Cheesy and Veggie,1,14.99,Medium,Les Gourmandes Veggies
2026-01-03 18:59:05,Hawaïenne Jambon,1,20.99,XL,Les Grands Classiques
2026-01-03 19:08:33,Urban Kebab,1,20.49,Large,Les Originales
2026-01-03 19:08:33,Cheesy and Veggie,1,14.99,Medium,Les Gourmandes Veggies
2026-01-03 19:36:00,Royale Veggie,1,21.99,XL,Les Gourmandes Veggies
2026-01-03 19:36:00,Algérienne,1,21.99,XL,Les Grands Classiques
2026-01-03 19:36:00,Cheesy and Veggie,1,20.99,XL,Les Gourmandes Veggies
2026-01-03 19:36:00,Hawaïenne Poulet,1,20.99,XL,Les Grands Classiques
2026-01-03 19:37:12,Divine 3 Fromages,1,21.99,XL,Éditions Limitées
2026-01-03 19:37:12,Cheesy and Veggie,1,20.99,XL,Les Gourmandes Veggies
2026-01-03 20:08:39,Divine 3 Fromages,1,21.99,XL,Éditions Limitées
2026-01-03 20:08:39,Originale Pepperoni,1,12.99,Medium,Les Bons Plans
2026-01-03 20:08:39,Crispy Cannibale,1,23.99,XL,Les Originales
2026-01-03 20:12:14,Ultimate Meat,2,35.98,Medium,Toujours Plus
2026-01-03 20:12:14,Hawaïenne Poulet,1,14.99,Medium,Les Grands Classiques
2026-01-03 20:14:23,Chicken BBQ,1,21.99,XL,Les Grands Classiques
2026-01-03 20:14:23,Chèvre-Miel,1,18.99,Large,Les Iconiques
2026-01-03 20:14:23,Diavola Pepperoni,1,15.99,Medium,Les Originales
2026-01-03 20:14:23,Cannibale,1,23.49,XL,Les Iconiques
2026-01-03 20:24:50,Chicken Delight,1,21.99,XL,Les Originales
2026-01-03 20:24:50,Indienne,1,18.99,Large,Les Grands Classiques
2026-01-03 20:30:08,Urban Kebab,1,17.49,Medium,Les Originales
2026-01-03 20:30:08,Algérienne,1,21.99,XL,Les Grands Classiques
2026-01-03 20:55:47,Ultimate Meat,1,17.99,Medium,Toujours Plus
2026-01-03 20:55:47,Chicken Delight,1,18.99,Large,Les Originales
2026-01-03 20:55:47,Indienne,2,43.98,XL,Les Grands Classiques
2026-01-03 21:21:24,Chicken BBQ,1,15.99,Medium,Les Grands Classiques
2026-01-03 21:25:20,Chicken BBQ,1,21.99,XL,Les Grands Classiques
2026-01-03 21:40:14,Urban Kebab,1,17.49,Medium,Les Originales
2026-01-03 21:40:14,Kebab and Spicy,1,18.99,Large,Les Originales
2026-01-03 21:40:14,Peppina Vegan,1,19.99,Large,Les Vegans
2026-01-03 21:47:48,Chèvre-Miel,1,21.99,XL,Les Iconiques
2026-01-03 21:47:48,Forestière,1,23.49,XL,Les Grands Classiques
2026-01-03 21:47:48,Peppina,1,22.99,XL,Les Gourmandes Veggies
2026-01-03 21:47:48,Beef and Cheddar,1,23.99,XL,Éditions Limitées
2026-01-03 21:55:42,Ultimate Meat,1,17.99,Medium,Toujours Plus
2026-01-03 21:55:42,Indienne,1,21.99,XL,Les Grands Classiques
2026-01-03 22:10:38,Indienne,1,18.99,Large,Les Grands Classiques
2026-01-03 22:24:05,Steak and Cheese,1,20.99,XL,Les Grands Classiques
2026-01-03 22:29:59,Diavola Haché au bœuf,1,18.99,Large,Les Originales
2026-01-03 22:29:59,Bacon Groovy,1,23.49,XL,Les Iconiques
2026-01-03 22:29:59,Pepperoni Party,1,23.49,XL,Les Iconiques
2026-01-03 22:29:59,Steak and Cheese,1,20.99,XL,Les Grands Classiques
2026-01-03 22:50:29,Chicken Delight,1,15.99,Medium,Les Originales
2026-01-04 11:30:48,Chicken Delight,1,21.99,XL,Les Originales
2026-01-04 11:30:48,Peppina,1,19.99,Large,Les Gourmandes Veggies
2026-01-04 11:30:48,Diavola Pepperoni,1,21.99,XL,Les Originales
2026-01-04 11:30:48,Steak and Cheese,1,14.99,Medium,Les Grands Classiques
2026-01-04 11:36:25,Kebab and Spicy,1,21.99,XL,Les Originales
2026-01-04 11:43:54,Chicken Delight,1,15.99,Medium,Les Originales
2026-01-04 11:43:54,Indienne,1,18.99,Large,Les Grands Classiques
2026-01-04 11:43:54,Cannibale,1,17.49,Medium,Les Iconiques
2026-01-04 11:45:10,Pêcheur,1,18.99,Large,Les Grands Classiques
2026-01-04 11:45:10,Originale Pepperoni,1,12.99,Medium,Les Bons Plans
2026-01-04 11:45:10,Kebab and Spicy,1,21.99,XL,Les Originales
2026-01-04 12:03:58,Kebab and Spicy,1,21.99,XL,Les Originales
2026-01-04 12:12:05,Chicken BBQ,1,21.99,XL,Les Grands Classiques
2026-01-04 12:12:05,Chicken BBQ,1,15.99,Medium,Les Grands Classiques
2026-01-04 12:12:05,Indienne,1,18.99,Large,Les Grands Classiques
2026-01-04 12:12:05,Originale Pepperoni,1,15.99,Large,Les Bons Plans
2026-01-04 12:12:05,Steak and Cheese,1,17.99,Large,Les Grands Classiques
2026-01-04 12:29:17,Chicken Delight,1,21.99,XL,Les Originales
2026-01-04 12:34:13,Margherita,1,12.99,Medium,Les Bons Plans
2026-01-04 12:54:20,Originale Pepperoni,1,12.99,Medium,Les Bons Plans
2026-01-04 13:16:03,Forestière,1,23.49,XL,Les Grands Classiques
2026-01-04 13:20:39,Chèvre-Miel,1,21.99,XL,Les Iconiques
2026-01-04 13:39:16,Forestière,1,23.49,XL,Les Grands Classiques
2026-01-04 13:39:16,Pepperoni Party,1,20.49,Large,Les Iconiques
2026-01-04 13:39:16,Royale Veggie,1,15.99,Medium,Les Gourmandes Veggies
2026-01-04 13:39:16,Cheesy and Veggie,1,17.99,Large,Les Gourmandes Veggies
2026-01-04 13:44:49,Super Veggie,1,17.49,Medium,Les Gourmandes Veggies
2026-01-04 14:31:56,Chicken BBQ,1,18.99,Large,Les Grands Classiques
2026-01-04 14:31:56,Divine 3 Fromages,1,21.99,XL,Éditions Limitées
2026-01-04 14:31:56,Hawaïenne Jambon,1,20.99,XL,Les Grands Classiques
2026-01-04 14:35:03,Extravaganzza,1,20.99,Large,Toujours Plus
2026-01-04 14:35:03,Margherita,1,12.99,Medium,Les Bons Plans
2026-01-04 14:35:11,Kebab and Spicy,1,18.99,Large,Les Originales
2026-01-04 14:42:01,Chicken BBQ,1,21.99,XL,Les Grands Classiques
2026-01-04 14:42:01,Divine 3 Fromages,1,21.99,XL,Éditions Limitées
2026-01-04 14:42:01,Crispy Cannibale,1,20.99,Large,Les Originales
2026-01-04 14:42:01,Margherita,1,15.99,Large,Les Bons Plans
2026-01-04 15:31:59,Hawaïenne Jambon,1,14.99,Medium,Les Grands Classiques
2026-01-04 15:31:59,Forestière,1,17.49,Medium,Les Grands Classiques
2026-01-04 15:31:59,Pêcheur,1,21.99,XL,Les Grands Classiques
2026-01-04 15:31:59,Kebab and Spicy,1,21.99,XL,Les Originales
2026-01-04 15:33:18,Divine 3 Fromages,1,21.99,XL,Éditions Limitées
2026-01-04 15:33:18,Cannibale,1,20.49,Large,Les Iconiques
2026-01-04 15:33:18,Steak and Cheese,1,14.99,Medium,Les Grands Classiques
2026-01-04 15:46:38,Chèvre-Miel,1,21.99,XL,Les Iconiques
2026-01-04 15:46:38,Urban Kebab,1,17.49,Medium,Les Originales
2026-01-04 16:08:20,Diavola Pepperoni,1,15.99,Medium,Les Originales
2026-01-04 16:39:58,Indienne,1,15.99,Medium,Les Grands Classiques
2026-01-04 16:39:58,Pepperoni Party,1,20.49,Large,Les Iconiques
2026-01-04 16:39:58,Pêcheur,1,18.99,Large,Les Grands Classiques
2026-01-04 16:39:58,Hawaïenne Poulet,1,20.99,XL,Les Grands Classiques
2026-01-04 16:41:48,Chicken BBQ,1,21.99,XL,Les Grands Classiques
2026-01-04 16:41:48,Chicken BBQ,1,18.99,Large,Les Grands Classiques
2026-01-04 16:41:48,Algérienne,1,15.99,Medium,Les Grands Classiques
2026-01-04 16:59:39,Extravaganzza,1,23.99,XL,Toujours Plus
2026-01-04 17:24:39,Chicken BBQ,1,18.99,Large,Les Grands Classiques
2026-01-04 17:24:39,Steak and Cheese,1,17.99,Large,Les Grands Classiques
2026-01-04 17:31:24,Peppina,1,16.99,Medium,Les Gourmandes Veggies
2026-01-04 17:37:57,Peppina,1,22.99,XL,Les Gourmandes Veggies
2026-01-04 17:37:57,Cannibale,1,23.49,XL,Les Iconiques
2026-01-04 17:37:57,Cheesy and Veggie,1,14.99,Medium,Les Gourmandes Veggies
2026-01-04 17:58:38,Hawaïenne Poulet,1,17.99,Large,Les Grands Classiques
2026-01-04 18:04:18,Chicken Delight,1,21.99,XL,Les Originales
2026-01-04 18:04:18,Pêcheur,1,15.99,Medium,Les Grands Classiques
2026-01-04 18:04:18,Cannibale,1,17.49,Medium,Les Iconiques
2026-01-04 18:21:59,Chicken BBQ,1,18.99,Large,Les Grands Classiques
2026-01-04 18:21:59,Chicken and Cheddar,1,23.49,XL,Éditions Limitées
2026-01-04 18:26:51,Margherita,1,12.99,Medium,Les Bons Plans
2026-01-04 18:36:09,Indienne,1,18.99,Large,Les Grands Classiques
2026-01-04 18:36:09,Pepperoni Party,1,17.49,Medium,Les Iconiques
2026-01-04 18:36:09,Pêcheur,1,18.99,Large,Les Grands Classiques
2026-01-04 18:51:30,Chicken Delight,1,18.99,Large,Les Originales
2026-01-04 19:21:04,Extravaganzza,1,23.99,XL,Toujours Plus
2026-01-04 19:21:04,Super Veggie,1,20.49,Large,Les Gourmandes Veggies
2026-01-04 19:27:48,Super Veggie,1,17.49,Medium,Les Gourmandes Veggies
2026-01-04 19:45:15,Cheesy and Veggie,1,20.99,XL,Les Gourmandes Veggies
2026-01-04 19:57:52,Pepperoni Party,1,23.49,XL,Les Iconiques
2026-01-04 19:57:52,Hawaïenne Poulet,1,17.99,Large,Les Grands Classiques
2026-01-04 20:10:24,Chèvre-Miel,1,18.99,Large,Les Iconiques
2026-01-04 20:11:25,Urban Kebab,1,20.49,Large,Les Originales
2026-01-04 20:11:25,Chicken and Cheddar,1,23.49,XL,Éditions Limitées
2026-01-04 20:15:29,Diavola Haché au bœuf,1,18.99,Large,Les Originales
2026-01-04 20:15:29,Hawaïenne Poulet,1,20.99,XL,Les Grands Classiques
2026-01-04 20:15:29,Peppina Vegan,1,19.99,Large,Les Vegans
2026-01-04 20:26:17,Extravaganzza,1,23.99,XL,Toujours Plus
2026-01-04 20:26:17,Chicken and Cheddar,1,17.49,Medium,Éditions Limitées
2026-01-04 20:26:22,Pepperoni Party,1,17.49,Medium,Les Iconiques
2026-01-04 20:26:22,Kebab and Spicy,1,21.99,XL,Les Originales
2026-01-04 20:28:41,Chicken BBQ,1,21.99,XL,Les Grands Classiques
2026-01-04 20:28:41,Bacon Groovy,1,23.49,XL,Les Iconiques
2026-01-04 20:30:48,Indienne,1,18.99,Large,Les Grands Classiques
2026-01-04 20:30:48,Originale Pepperoni,1,18.99,XL,Les Bons Plans
2026-01-04 20:55:29,Hawaïenne Jambon,1,17.99,Large,Les Grands Classiques
2026-01-04 20:55:29,Urban Kebab,1,20.49,Large,Les Originales
2026-01-04 20:55:29,Chicken and Cheddar,1,17.49,Medium,Éditions Limitées
2026-01-04 20:58:19,Hawaïenne Jambon,1,14.99,Medium,Les Grands Classiques
2026-01-04 20:58:19,Hawaïenne Poulet,1,20.99,XL,Les Grands Classiques
2026-01-04 21:06:16,Chicken BBQ,1,21.99,XL,Les Grands Classiques
2026-01-04 21:06:16,Diavola Haché au bœuf,1,15.99,Medium,Les Originales
2026-01-04 21:07:05,Chèvre-Miel,1,18.99,Large,Les Iconiques
2026-01-04 21:10:05,Royale Veggie,1,18.99,Large,Les Gourmandes Veggies
2026-01-04 22:13:15,Cannibale,1,20.49,Large,Les Iconiques
2026-01-04 22:16:18,4 Fromages,1,17.49,Medium,Les Iconiques
2026-01-04 22:22:13,Chicken BBQ,1,21.99,XL,Les Grands Classiques
2026-01-04 22:22:13,4 Fromages,1,17.49,Medium,Les Iconiques
2026-01-04 22:22:13,Divine 3 Fromages,1,21.99,XL,Éditions Limitées
2026-01-05 11:23:35,Divine 3 Fromages,1,21.99,XL,Éditions Limitées
2026-01-05 11:23:35,Super Veggie,1,20.49,Large,Les Gourmandes Veggies
2026-01-05 11:23:35,Hawaïenne Jambon,1,20.99,XL,Les Grands Classiques
2026-01-05 11:23:35,Margherita,1,15.99,Large,Les Bons Plans
2026-01-05 11:56:06,Diavola Pepperoni,1,21.99,XL,Les Originales
2026-01-05 11:59:04,Chicken Delight,1,21.99,XL,Les Originales
2026-01-05 11:59:04,Indienne,1,21.99,XL,Les Grands Classiques
2026-01-05 11:59:23,Extravaganzza,1,20.99,Large,Toujours Plus
2026-01-05 12:04:25,Originale Pepperoni,1,18.99,XL,Les Bons Plans
2026-01-05 12:06:27,Divine 3 Fromages,1,21.99,XL,Éditions Limitées
2026-01-05 12:06:27,Steak and Cheese,1,20.99,XL,Les Grands Classiques
2026-01-05 12:38:29,4 Fromages,1,17.49,Medium,Les Iconiques
2026-01-05 12:42:01,Chicken Delight,1,18.99,Large,Les Originales
2026-01-05 12:57:22,Cheesy and Veggie,1,20.99,XL,Les Gourmandes Veggies
2026-01-05 13:03:59,Royale Veggie,1,18.99,Large,Les Gourmandes Veggies
2026-01-05 13:04:42,Indienne,1,18.99,Large,Les Grands Classiques
2026-01-05 13:04:42,Royale Veggie,1,21.99,XL,Les Gourmandes Veggies
2026-01-05 13:04:42,Urban Kebab,1,20.49,Large,Les Originales
2026-01-05 13:04:42,Kebab and Spicy,1,21.99,XL,Les Originales
2026-01-05 13:09:29,Crispy Cannibale,1,20.99,Large,Les Originales
2026-01-05 13:37:50,Chèvre-Miel,1,21.99,XL,Les Iconiques
2026-01-05 13:37:50,Rocket Veggie,1,18.99,XL,Les Gourmandes Veggies
2026-01-05 13:37:50,Pêcheur,1,15.99,Medium,Les Grands Classiques
2026-01-05 13:40:46,Pepperoni Party,1,23.49,XL,Les Iconiques
2026-01-05 13:40:46,Originale Pepperoni,1,12.99,Medium,Les Bons Plans
2026-01-05 13:49:34,Indienne,1,18.99,Large,Les Grands Classiques
2026-01-05 14:09:02,Algérienne,1,21.99,XL,Les Grands Classiques
2026-01-05 14:09:02,Cheesy and Veggie,1,20.99,XL,Les Gourmandes Veggies
2026-01-05 14:09:02,Hawaïenne Poulet,1,20.99,XL,Les Grands Classiques
2026-01-05 14:22:19,Ultimate Meat,1,17.99,Medium,Toujours Plus
2026-01-05 14:22:19,Chicken Delight,2,37.98,Large,Les Originales
2026-01-05 14:22:19,Indienne,2,37.98,Large,Les Grands Classiques
2026-01-05 14:22:19,Bacon Groovy,2,46.98,XL,Les Iconiques
2026-01-05 14:22:19,Extravaganzza,1,20.99,Large,Toujours Plus
2026-01-05 14:22:19,Pepperoni Party,1,20.49,Large,Les Iconiques
2026-01-05 14:22:19,Urban Kebab,1,17.49,Medium,Les Originales
2026-01-05 14:22:19,Beef and Cheddar,1,20.99,Large,Éditions Limitées
2026-01-05 14:22:19,Algérienne,1,18.99,Large,Les Grands Classiques
2026-01-05 14:22:19,Steak and Cheese,1,14.99,Medium,Les Grands Classiques
2026-01-05 14:24:05,Pepperoni Party,1,20.49,Large,Les Iconiques
2026-01-05 14:28:00,Beef and Cheddar,1,17.99,Medium,Éditions Limitées
2026-01-05 14:36:33,Chèvre-Miel,1,21.99,XL,Les Iconiques
2026-01-05 14:36:33,Hawaïenne Poulet,1,20.99,XL,Les Grands Classiques
2026-01-05 14:38:14,Extravaganzza,1,23.99,XL,Toujours Plus
2026-01-05 14:38:14,Divine 3 Fromages,1,21.99,XL,Éditions Limitées
2026-01-05 14:38:14,Originale Pepperoni,1,12.99,Medium,Les Bons Plans
2026-01-05 14:38:14,Urban Kebab,1,20.49,Large,Les Originales
2026-01-05 15:18:18,Divine 3 Fromages,1,21.99,XL,Éditions Limitées
2026-01-05 15:18:18,Kebab and Spicy,1,21.99,XL,Les Originales
2026-01-05 15:41:50,Chèvre-Miel,1,18.99,Large,Les Iconiques
2026-01-05 15:49:21,Peppina,1,19.99,Large,Les Gourmandes Veggies
2026-01-05 15:49:21,Algérienne,1,21.99,XL,Les Grands Classiques
2026-01-05 16:07:03,Chicken Delight,1,18.99,Large,Les Originales
2026-01-05 16:07:03,Indienne,1,18.99,Large,Les Grands Classiques
2026-01-05 16:20:23,Cannibale,1,20.49,Large,Les Iconiques
2026-01-05 16:20:23,Peppina Vegan,1,19.99,Large,Les Vegans
2026-01-05 16:33:48,Urban Kebab,1,17.49,Medium,Les Originales
2026-01-05 16:49:38,Extravaganzza,1,17.99,Medium,Toujours Plus
2026-01-05 16:49:38,Divine 3 Fromages,1,21.99,XL,Éditions Limitées
2026-01-05 16:49:38,Crispy Cannibale,1,23.99,XL,Les Originales
2026-01-05 16:49:38,Cheesy and Veggie,1,20.99,XL,Les Gourmandes Veggies
2026-01-05 16:51:43,Pêcheur,1,18.99,Large,Les Grands Classiques
2026-01-05 16:58:16,Chèvre-Miel,1,18.99,Large,Les Iconiques
2026-01-05 16:58:16,Hawaïenne Jambon,1,14.99,Medium,Les Grands Classiques
2026-01-05 16:58:16,Pêcheur,1,18.99,Large,Les Grands Classiques
2026-01-05 16:58:38,Cannibale,1,23.49,XL,Les Iconiques
2026-01-05 17:01:23,Pepperoni Party,1,20.49,Large,Les Iconiques
2026-01-05 17:01:23,Crispy Cannibale,1,23.99,XL,Les Originales
2026-01-05 17:30:09,Pepperoni Party,1,20.49,Large,Les Iconiques
2026-01-05 17:30:09,Diavola Pepperoni,1,18.99,Large,Les Originales
2026-01-05 17:30:09,Originale Pepperoni,1,15.99,Large,Les Bons Plans
2026-01-05 17:30:09,Urban Kebab,1,17.49,Medium,Les Originales
2026-01-05 17:32:44,4 Fromages,1,17.49,Medium,Les Iconiques
2026-01-05 17:32:44,Cannibale,1,23.49,XL,Les Iconiques
2026-01-05 17:32:44,Chicken and Cheddar,1,23.49,XL,Éditions Limitées
2026-01-05 17:36:23,Divine 3 Fromages,1,21.99,XL,Éditions Limitées
2026-01-05 17:41:16,Extravaganzza,1,17.99,Medium,Toujours Plus
2026-01-05 17:41:16,Peppina Vegan,1,19.99,Large,Les Vegans
2026-01-05 17:44:39,Chicken BBQ,1,21.99,XL,Les Grands Classiques
2026-01-05 17:44:39,Indienne,2,37.98,Large,Les Grands Classiques
2026-01-05 17:44:39,Chèvre-Miel,1,18.99,Large,Les Iconiques
2026-01-05 17:48:59,Cheesy and Veggie,1,17.99,Large,Les Gourmandes Veggies
2026-01-05 17:48:59,Margherita,1,18.99,XL,Les Bons Plans
2026-01-05 17:58:38,Extravaganzza,1,17.99,Medium,Toujours Plus
2026-01-05 17:58:38,Peppina,1,16.99,Medium,Les Gourmandes Veggies
2026-01-05 18:16:35,Chicken BBQ,1,18.99,Large,Les Grands Classiques
2026-01-05 18:16:35,Pepperoni Party,1,23.49,XL,Les Iconiques
2026-01-05 18:16:35,Hawaïenne Poulet,1,20.99,XL,Les Grands Classiques
2026-01-05 18:20:12,Chicken Delight,1,18.99,Large,Les Originales
2026-01-05 18:46:54,Super Veggie,1,17.49,Medium,Les Gourmandes Veggies
2026-01-05 18:46:54,Forestière,1,17.49,Medium,Les Grands Classiques
2026-01-05 18:46:54,Hawaïenne Poulet,1,17.99,Large,Les Grands Classiques
2026-01-05 19:02:18,Algérienne,1,18.99,Large,Les Grands Classiques
2026-01-05 19:10:36,Chicken Delight,1,18.99,Large,Les Originales
2026-01-05 19:10:36,Chicken Delight,1,15.99,Medium,Les Originales
2026-01-05 19:10:36,Indienne,1,18.99,Large,Les Grands Classiques
2026-01-05 19:10:36,Extravaganzza,1,17.99,Medium,Toujours Plus
2026-01-05 19:34:31,Extravaganzza,1,17.99,Medium,Toujours Plus
2026-01-05 19:34:31,Margherita,1,15.99,Large,Les Bons Plans
2026-01-05 19:42:54,Ultimate Meat,1,17.99,Medium,Toujours Plus
2026-01-05 19:42:54,Forestière,1,17.49,Medium,Les Grands Classiques
2026-01-05 19:42:54,Peppina,1,16.99,Medium,Les Gourmandes Veggies
2026-01-05 19:42:54,Chicken and Cheddar,1,17.49,Medium,Éditions Limitées
2026-01-05 19:45:58,Pêcheur,1,21.99,XL,Les Grands Classiques
2026-01-05 19:57:37,Crispy Cannibale,1,23.99,XL,Les Originales
2026-01-05 20:02:51,Ultimate Meat,1,17.99,Medium,Toujours Plus
2026-01-05 20:02:51,Forestière,1,20.49,Large,Les Grands Classiques
2026-01-05 20:02:51,Originale Pepperoni,1,12.99,Medium,Les Bons Plans
2026-01-05 20:07:58,Hawaïenne Jambon,1,14.99,Medium,Les Grands Classiques
2026-01-05 20:07:58,Royale Veggie,1,21.99,XL,Les Gourmandes Veggies
2026-01-05 20:35:40,Originale Pepperoni,1,18.99,XL,Les Bons Plans
2026-01-05 20:35:40,Urban Kebab,1,17.49,Medium,Les Originales
2026-01-05 20:35:40,Kebab and Spicy,1,18.99,Large,Les Originales
2026-01-05 20:37:40,Ultimate Meat,1,17.99,Medium,Toujours Plus
2026-01-05 20:37:40,Hawaïenne Jambon,1,14.99,Medium,Les Grands Classiques
2026-01-05 20:37:40,Pêcheur,1,18.99,Large,Les Grands Classiques
2026-01-05 21:45:38,Extravaganzza,1,23.99,XL,Toujours Plus
2026-01-05 21:45:38,Hawaïenne Poulet,1,17.99,Large,Les Grands Classiques
2026-01-05 21:59:46,Hawaïenne Jambon,1,20.99,XL,Les Grands Classiques
2026-01-05 21:59:46,Diavola Pepperoni,1,21.99,XL,Les Originales
2026-01-05 21:59:46,Hawaïenne Poulet,1,14.99,Medium,Les Grands Classiques
2026-01-06 11:39:06,Divine 3 Fromages,1,21.99,XL,Éditions Limitées
2026-01-06 11:39:06,Crispy Cannibale,1,20.99,Large,Les Originales
2026-01-06 11:40:48,Hawaïenne Jambon,1,14.99,Medium,Les Grands Classiques
2026-01-06 11:40:48,Hawaïenne Poulet,1,14.99,Medium,Les Grands Classiques
2026-01-06 11:57:27,Urban Kebab,1,23.49,XL,Les Originales
2026-01-06 12:05:21,Ultimate Meat,1,17.99,Medium,Toujours Plus
2026-01-06 12:05:21,4 Fromages,1,17.49,Medium,Les Iconiques
2026-01-06 12:05:21,Indienne,1,18.99,Large,Les Grands Classiques
2026-01-06 12:05:21,Urban Kebab,1,20.49,Large,Les Originales
2026-01-06 12:09:09,Extravaganzza,1,20.99,Large,Toujours Plus
2026-01-06 12:11:58,Diavola Haché au bœuf,1,18.99,Large,Les Originales
2026-01-06 12:11:58,Divine 3 Fromages,1,21.99,XL,Éditions Limitées
2026-01-06 12:11:58,Super Veggie,1,20.49,Large,Les Gourmandes Veggies
2026-01-06 12:11:58,Hawaïenne Jambon,1,17.99,Large,Les Grands Classiques
2026-01-06 12:11:58,Peppina Vegan,1,19.99,Large,Les Vegans
2026-01-06 12:17:40,Extravaganzza,1,20.99,Large,Toujours Plus
2026-01-06 12:29:34,Hawaïenne Jambon,1,14.99,Medium,Les Grands Classiques
2026-01-06 12:29:34,Pepperoni Party,1,20.49,Large,Les Iconiques
2026-01-06 12:31:00,Chicken Delight,1,15.99,Medium,Les Originales
2026-01-06 12:31:00,Extravaganzza,1,20.99,Large,Toujours Plus
2026-01-06 12:31:00,Chèvre-Miel,1,21.99,XL,Les Iconiques
2026-01-06 12:31:00,Hawaïenne Jambon,1,14.99,Medium,Les Grands Classiques
2026-01-06 12:31:00,Diavola Pepperoni,1,21.99,XL,Les Originales
2026-01-06 12:31:00,Cannibale,1,17.49,Medium,Les Iconiques
2026-01-06 12:31:00,Margherita,1,12.99,Medium,Les Bons Plans
2026-01-06 12:45:14,Forestière,1,23.49,XL,Les Grands Classiques
2026-01-06 12:45:14,Royale Veggie,1,21.99,XL,Les Gourmandes Veggies
2026-01-06 12:45:14,Beef and Cheddar,1,17.99,Medium,Éditions Limitées
2026-01-06 12:45:14,Kebab and Spicy,1,21.99,XL,Les Originales
2026-01-06 12:46:22,Pepperoni Party,1,20.49,Large,Les Iconiques
2026-01-06 12:46:40,Chicken Delight,1,18.99,Large,Les Originales
2026-01-06 12:46:40,Bacon Groovy,1,23.49,XL,Les Iconiques
2026-01-06 12:56:21,Pepperoni Party,1,23.49,XL,Les Iconiques
2026-01-06 13:02:13,Chicken Delight,1,21.99,XL,Les Originales
2026-01-06 13:02:13,Bacon Groovy,1,23.49,XL,Les Iconiques
2026-01-06 13:02:13,Extravaganzza,1,17.99,Medium,Toujours Plus
2026-01-06 13:02:13,Hawaïenne Poulet,1,20.99,XL,Les Grands Classiques
2026-01-06 13:05:33,Extravaganzza,1,20.99,Large,Toujours Plus
2026-01-06 13:06:44,Divine 3 Fromages,1,21.99,XL,Éditions Limitées
2026-01-06 13:07:32,Extravaganzza,1,17.99,Medium,Toujours Plus
2026-01-06 13:07:32,Peppina Vegan,1,16.99,Medium,Les Vegans
2026-01-06 13:10:13,Chicken Delight,1,18.99,Large,Les Originales
2026-01-06 13:10:13,Chicken and Cheddar,1,23.49,XL,Éditions Limitées
2026-01-06 13:10:54,Extravaganzza,1,20.99,Large,Toujours Plus
2026-01-06 13:16:35,Rocket Veggie,1,18.99,XL,Les Gourmandes Veggies
2026-01-06 13:22:44,Kebab and Spicy,1,21.99,XL,Les Originales
2026-01-06 13:22:44,Chicken and Cheddar,1,20.49,Large,Éditions Limitées
2026-01-06 13:27:11,Ultimate Meat,1,17.99,Medium,Toujours Plus
2026-01-06 13:27:11,Indienne,1,18.99,Large,Les Grands Classiques
2026-01-06 13:27:11,Extravaganzza,1,20.99,Large,Toujours Plus
2026-01-06 13:27:11,Extravaganzza,1,17.99,Medium,Toujours Plus
2026-01-06 13:27:11,Divine 3 Fromages,1,21.99,XL,Éditions Limitées
2026-01-06 13:27:11,Chèvre-Miel,2,43.98,XL,Les Iconiques
2026-01-06 13:27:11,Hawaïenne Jambon,1,20.99,XL,Les Grands Classiques
2026-01-06 13:27:11,Diavola Pepperoni,1,21.99,XL,Les Originales
2026-01-06 13:27:11,Crispy Cannibale,1,17.99,Medium,Les Originales
2026-01-06 13:27:11,Urban Kebab,1,23.49,XL,Les Originales
2026-01-06 13:27:11,Kebab and Spicy,1,21.99,XL,Les Originales
2026-01-06 13:27:11,Kebab and Spicy,1,18.99,Large,Les Originales
2026-01-06 13:27:11,Margherita,1,18.99,XL,Les Bons Plans
2026-01-06 13:27:11,Steak and Cheese,1,17.99,Large,Les Grands Classiques
2026-01-06 13:43:30,Cannibale,1,20.49,Large,Les Iconiques
2026-01-06 14:12:01,Urban Kebab,1,20.49,Large,Les Originales
2026-01-06 14:12:01,Algérienne,1,21.99,XL,Les Grands Classiques
2026-01-06 14:12:01,Hawaïenne Poulet,1,17.99,Large,Les Grands Classiques
2026-01-06 14:16:36,Indienne,1,18.99,Large,Les Grands Classiques
2026-01-06 14:24:18,Diavola Haché au bœuf,1,21.99,XL,Les Originales
2026-01-06 14:24:18,Originale Pepperoni,1,15.99,Large,Les Bons Plans
2026-01-06 14:24:18,Algérienne,1,18.99,Large,Les Grands Classiques
2026-01-06 14:24:18,Hawaïenne Poulet,1,20.99,XL,Les Grands Classiques
2026-01-06 14:24:47,Rocket Veggie,1,18.99,XL,Les Gourmandes Veggies
2026-01-06 14:51:41,Cannibale,1,23.49,XL,Les Iconiques
2026-01-06 15:03:12,Hawaïenne Jambon,1,20.99,XL,Les Grands Classiques
2026-01-06 15:03:12,Originale Pepperoni,1,18.99,XL,Les Bons Plans
2026-01-06 15:18:26,Royale Veggie,1,21.99,XL,Les Gourmandes Veggies
2026-01-06 15:18:26,Hawaïenne Poulet,1,20.99,XL,Les Grands Classiques
2026-01-06 15:18:26,Steak and Cheese,1,20.99,XL,Les Grands Classiques
2026-01-06 15:25:13,Kebab and Spicy,1,18.99,Large,Les Originales
2026-01-06 15:35:32,Crispy Cannibale,1,17.99,Medium,Les Originales
2026-01-06 15:35:47,Chicken BBQ,1,18.99,Large,Les Grands Classiques
2026-01-06 15:35:47,Originale Pepperoni,1,12.99,Medium,Les Bons Plans
2026-01-06 15:44:12,Urban Kebab,1,23.49,XL,Les Originales
2026-01-06 15:44:12,Algérienne,1,21.99,XL,Les Grands Classiques
2026-01-06 15:45:37,Divine 3 Fromages,1,21.99,XL,Éditions Limitées
2026-01-06 15:45:37,Chèvre-Miel,1,18.99,Large,Les Iconiques
2026-01-06 16:01:11,Forestière,1,20.49,Large,Les Grands Classiques
2026-01-06 16:01:47,Crispy Cannibale,1,17.99,Medium,Les Originales
2026-01-06 16:01:47,Margherita,1,12.99,Medium,Les Bons Plans
2026-01-06 16:30:00,Super Veggie,1,17.49,Medium,Les Gourmandes Veggies
2026-01-06 16:30:00,Hawaïenne Jambon,1,14.99,Medium,Les Grands Classiques
2026-01-06 16:30:00,Forestière,1,23.49,XL,Les Grands Classiques
2026-01-06 16:30:00,Pêcheur,1,15.99,Medium,Les Grands Classiques
2026-01-06 16:37:17,Margherita,1,18.99,XL,Les Bons Plans
2026-01-06 16:37:17,Hawaïenne Poulet,1,20.99,XL,Les Grands Classiques
2026-01-06 16:37:17,Peppina Vegan,1,19.99,Large,Les Vegans
2026-01-06 16:49:12,Extravaganzza,1,20.99,Large,Toujours Plus
2026-01-06 16:49:12,Hawaïenne Poulet,1,20.99,XL,Les Grands Classiques
2026-01-06 16:49:12,Hawaïenne Poulet,1,14.99,Medium,Les Grands Classiques
2026-01-06 17:25:58,Originale Pepperoni,1,18.99,XL,Les Bons Plans
2026-01-06 17:37:05,Extravaganzza,1,23.99,XL,Toujours Plus
2026-01-06 17:37:05,Originale Pepperoni,2,31.98,Large,Les Bons Plans
2026-01-06 17:37:05,Kebab and Spicy,1,15.99,Medium,Les Originales
2026-01-06 17:37:29,Ultimate Meat,1,17.99,Medium,Toujours Plus
2026-01-06 17:37:29,Hawaïenne Jambon,1,17.99,Large,Les Grands Classiques
2026-01-06 17:45:48,Ultimate Meat,1,17.99,Medium,Toujours Plus
2026-01-06 17:45:48,Forestière,1,23.49,XL,Les Grands Classiques
2026-01-06 17:59:48,Chicken BBQ,1,21.99,XL,Les Grands Classiques
2026-01-06 17:59:48,Chicken Delight,1,21.99,XL,Les Originales
2026-01-06 17:59:48,Cannibale,1,17.49,Medium,Les Iconiques
2026-01-06 18:01:44,Super Veggie,1,17.49,Medium,Les Gourmandes Veggies
2026-01-06 18:01:44,Peppina Vegan,1,22.99,XL,Les Vegans
2026-01-06 18:14:45,Indienne,1,18.99,Large,Les Grands Classiques
2026-01-06 18:14:45,Pepperoni Party,1,20.49,Large,Les Iconiques
2026-01-06 18:16:05,Indienne,1,18.99,Large,Les Grands Classiques
2026-01-06 18:27:58,Chicken Delight,1,21.99,XL,Les Originales
2026-01-06 18:27:58,Algérienne,1,15.99,Medium,Les Grands Classiques
2026-01-06 18:27:58,Margherita,1,12.99,Medium,Les Bons Plans
2026-01-06 18:30:12,Pepperoni Party,1,20.49,Large,Les Iconiques
2026-01-06 18:33:08,Super Veggie,1,20.49,Large,Les Gourmandes Veggies
2026-01-06 18:33:08,Hawaïenne Poulet,1,20.99,XL,Les Grands Classiques
2026-01-06 18:50:38,Chicken BBQ,1,21.99,XL,Les Grands Classiques
2026-01-06 18:50:38,Super Veggie,1,17.49,Medium,Les Gourmandes Veggies
2026-01-06 18:50:38,Hawaïenne Jambon,1,14.99,Medium,Les Grands Classiques
2026-01-06 19:12:38,Ultimate Meat,2,35.98,Medium,Toujours Plus
2026-01-06 19:12:38,Forestière,1,17.49,Medium,Les Grands Classiques
2026-01-06 19:13:36,Chicken BBQ,1,18.99,Large,Les Grands Classiques
2026-01-06 19:13:36,Royale Veggie,1,21.99,XL,Les Gourmandes Veggies
2026-01-06 19:20:31,Rocket Veggie,1,18.99,XL,Les Gourmandes Veggies
2026-01-06 19:20:31,Royale Veggie,1,21.99,XL,Les Gourmandes Veggies
2026-01-06 19:27:24,Pepperoni Party,1,20.49,Large,Les Iconiques
2026-01-06 19:27:24,Steak and Cheese,1,20.99,XL,Les Grands Classiques
2026-01-06 19:37:26,Chèvre-Miel,1,18.99,Large,Les Iconiques
2026-01-06 19:37:26,Rocket Veggie,1,18.99,XL,Les Gourmandes Veggies
2026-01-06 19:37:26,Originale Pepperoni,1,15.99,Large,Les Bons Plans
2026-01-06 20:04:20,Forestière,1,23.49,XL,Les Grands Classiques
2026-01-06 20:05:12,Hawaïenne Jambon,1,20.99,XL,Les Grands Classiques
2026-01-06 20:05:12,Margherita,1,15.99,Large,Les Bons Plans
2026-01-06 20:28:16,Cheesy and Veggie,1,17.99,Large,Les Gourmandes Veggies
2026-01-06 20:28:16,Hawaïenne Poulet,1,20.99,XL,Les Grands Classiques
2026-01-06 20:30:06,Margherita,1,15.99,Large,Les Bons Plans
2026-01-06 21:02:30,Chèvre-Miel,1,21.99,XL,Les Iconiques
2026-01-06 21:02:30,Hawaïenne Jambon,1,14.99,Medium,Les Grands Classiques
2026-01-06 21:15:20,Originale Pepperoni,1,15.99,Large,Les Bons Plans
2026-01-06 22:26:59,Margherita,1,12.99,Medium,Les Bons Plans
2026-01-07 11:45:18,Bacon Groovy,1,17.49,Medium,Les Iconiques
2026-01-07 11:45:18,Extravaganzza,1,20.99,Large,Toujours Plus
2026-01-07 11:45:18,Urban Kebab,1,23.49,XL,Les Originales
2026-01-07 11:55:59,Ultimate Meat,1,17.99,Medium,Toujours Plus
2026-01-07 11:55:59,Indienne,1,18.99,Large,Les Grands Classiques
2026-01-07 11:55:59,Crispy Cannibale,1,17.99,Medium,Les Originales
2026-01-07 11:58:36,Royale Veggie,1,18.99,Large,Les Gourmandes Veggies
2026-01-07 12:01:17,Steak and Cheese,1,20.99,XL,Les Grands Classiques
2026-01-07 12:01:17,Peppina Vegan,1,22.99,XL,Les Vegans
2026-01-07 12:03:18,Hawaïenne Jambon,1,17.99,Large,Les Grands Classiques
2026-01-07 12:03:18,Hawaïenne Poulet,1,20.99,XL,Les Grands Classiques
2026-01-07 12:19:37,Peppina,1,16.99,Medium,Les Gourmandes Veggies
2026-01-07 12:25:37,Hawaïenne Poulet,1,20.99,XL,Les Grands Classiques
2026-01-07 12:32:10,Diavola Haché au bœuf,1,18.99,Large,Les Originales
2026-01-07 12:32:10,Chicken Delight,1,18.99,Large,Les Originales
2026-01-07 12:33:06,Algérienne,1,18.99,Large,Les Grands Classiques
2026-01-07 12:33:07,Hawaïenne Poulet,1,14.99,Medium,Les Grands Classiques
2026-01-07 12:33:07,Peppina Vegan,1,19.99,Large,Les Vegans
2026-01-07 12:43:59,Kebab and Spicy,1,18.99,Large,Les Originales
2026-01-07 12:51:46,Hawaïenne Jambon,1,14.99,Medium,Les Grands Classiques
2026-01-07 12:51:46,Forestière,1,20.49,Large,Les Grands Classiques
2026-01-07 12:51:46,Rocket Veggie,1,15.99,Large,Les Gourmandes Veggies
2026-01-07 12:51:46,Steak and Cheese,1,14.99,Medium,Les Grands Classiques
2026-01-07 12:54:19,Peppina Vegan,1,22.99,XL,Les Vegans
2026-01-07 12:58:16,Peppina,1,16.99,Medium,Les Gourmandes Veggies
2026-01-07 12:58:16,Beef and Cheddar,1,20.99,Large,Éditions Limitées
2026-01-07 12:58:16,Hawaïenne Poulet,1,17.99,Large,Les Grands Classiques
2026-01-07 13:03:14,Chicken BBQ,1,15.99,Medium,Les Grands Classiques
2026-01-07 13:03:14,Ultimate Meat,1,17.99,Medium,Toujours Plus
2026-01-07 13:03:14,Bacon Groovy,1,20.49,Large,Les Iconiques
2026-01-07 13:03:14,Divine 3 Fromages,1,21.99,XL,Éditions Limitées
2026-01-07 13:03:14,Originale Pepperoni,1,12.99,Medium,Les Bons Plans
2026-01-07 13:03:14,Kebab and Spicy,1,21.99,XL,Les Originales
2026-01-07 13:03:14,Margherita,1,12.99,Medium,Les Bons Plans
2026-01-07 13:04:56,Chicken BBQ,1,15.99,Medium,Les Grands Classiques
2026-01-07 13:04:56,Indienne,1,18.99,Large,Les Grands Classiques
2026-01-07 13:04:56,Rocket Veggie,1,15.99,Large,Les Gourmandes Veggies
2026-01-07 13:04:56,Peppina Vegan,1,16.99,Medium,Les Vegans
2026-01-07 13:10:17,Cheesy and Veggie,1,20.99,XL,Les Gourmandes Veggies
2026-01-07 13:15:32,Diavola Pepperoni,1,21.99,XL,Les Originales
2026-01-07 13:25:31,Steak and Cheese,1,17.99,Large,Les Grands Classiques
2026-01-07 13:36:47,Ultimate Meat,1,17.99,Medium,Toujours Plus
2026-01-07 13:36:47,Diavola Haché au bœuf,1,15.99,Medium,Les Originales
2026-01-07 13:36:47,Chicken Delight,1,21.99,XL,Les Originales
2026-01-07 13:36:47,Originale Pepperoni,2,25.98,Medium,Les Bons Plans
2026-01-07 13:36:47,Cannibale,1,23.49,XL,Les Iconiques
2026-01-07 13:36:47,Urban Kebab,1,23.49,XL,Les Originales
2026-01-07 13:36:47,Beef and Cheddar,1,23.99,XL,Éditions Limitées
2026-01-07 13:36:47,Kebab and Spicy,1,21.99,XL,Les Originales
2026-01-07 13:48:31,Super Veggie,1,17.49,Medium,Les Gourmandes Veggies
2026-01-07 13:48:31,Hawaïenne Jambon,1,20.99,XL,Les Grands Classiques
2026-01-07 14:02:18,Ultimate Meat,1,17.99,Medium,Toujours Plus
2026-01-07 14:02:18,Bacon Groovy,1,17.49,Medium,Les Iconiques
2026-01-07 14:02:18,Hawaïenne Jambon,1,20.99,XL,Les Grands Classiques
2026-01-07 14:02:18,Hawaïenne Jambon,1,14.99,Medium,Les Grands Classiques
2026-01-07 14:02:18,Diavola Pepperoni,1,21.99,XL,Les Originales
2026-01-07 14:02:18,Originale Pepperoni,3,47.97,Large,Les Bons Plans
2026-01-07 14:02:18,Originale Pepperoni,1,12.99,Medium,Les Bons Plans
2026-01-07 14:02:18,Urban Kebab,1,23.49,XL,Les Originales
2026-01-07 14:02:18,Kebab and Spicy,1,21.99,XL,Les Originales
2026-01-07 14:02:18,Cheesy and Veggie,1,14.99,Medium,Les Gourmandes Veggies
2026-01-07 14:02:18,Hawaïenne Poulet,1,20.99,XL,Les Grands Classiques
2026-01-07 14:02:18,Peppina Vegan,1,16.99,Medium,Les Vegans
2026-01-07 14:11:08,Pêcheur,1,18.99,Large,Les Grands Classiques
2026-01-07 14:12:21,Margherita,1,12.99,Medium,Les Bons Plans
2026-01-07 14:31:10,Divine 3 Fromages,2,43.98,XL,Éditions Limitées
2026-01-07 14:31:10,Hawaïenne Jambon,1,20.99,XL,Les Grands Classiques
2026-01-07 14:31:10,Originale Pepperoni,1,15.99,Large,Les Bons Plans
2026-01-07 14:56:26,Originale Pepperoni,1,12.99,Medium,Les Bons Plans
2026-01-07 15:47:49,Chicken BBQ,1,18.99,Large,Les Grands Classiques
2026-01-07 15:47:49,Chicken Delight,1,21.99,XL,Les Originales
2026-01-07 15:47:49,Chèvre-Miel,1,18.99,Large,Les Iconiques
2026-01-07 15:47:49,Steak and Cheese,1,17.99,Large,Les Grands Classiques
2026-01-07 16:03:07,Originale Pepperoni,1,15.99,Large,Les Bons Plans
2026-01-07 16:03:07,Hawaïenne Poulet,1,20.99,XL,Les Grands Classiques
2026-01-07 16:08:35,Peppina Vegan,1,19.99,Large,Les Vegans
2026-01-07 16:24:46,Chèvre-Miel,1,21.99,XL,Les Iconiques
2026-01-07 16:24:46,Pepperoni Party,1,20.49,Large,Les Iconiques
2026-01-07 16:26:10,Chicken BBQ,1,15.99,Medium,Les Grands Classiques
2026-01-07 16:26:10,Extravaganzza,1,23.99,XL,Toujours Plus
2026-01-07 16:26:10,Cannibale,1,17.49,Medium,Les Iconiques
2026-01-07 16:39:27,Bacon Groovy,1,23.49,XL,Les Iconiques
2026-01-07 16:44:16,Urban Kebab,1,23.49,XL,Les Originales
2026-01-07 16:50:49,Indienne,1,18.99,Large,Les Grands Classiques
2026-01-07 16:50:49,Extravaganzza,1,20.99,Large,Toujours Plus
2026-01-07 16:50:49,Peppina,1,16.99,Medium,Les Gourmandes Veggies
2026-01-07 16:56:42,Chicken Delight,1,18.99,Large,Les Originales
2026-01-07 16:56:42,Extravaganzza,1,23.99,XL,Toujours Plus
2026-01-07 16:56:42,Originale Pepperoni,1,15.99,Large,Les Bons Plans
2026-01-07 17:09:09,4 Fromages,1,17.49,Medium,Les Iconiques
2026-01-07 17:09:09,Crispy Cannibale,1,20.99,Large,Les Originales
2026-01-07 17:15:04,Originale Pepperoni,1,18.99,XL,Les Bons Plans
2026-01-07 17:33:49,Ultimate Meat,2,35.98,Medium,Toujours Plus
2026-01-07 17:33:49,Rocket Veggie,1,15.99,Large,Les Gourmandes Veggies
2026-01-07 17:33:49,Steak and Cheese,1,20.99,XL,Les Grands Classiques
2026-01-07 17:58:09,Pepperoni Party,1,20.49,Large,Les Iconiques
2026-01-07 17:58:09,Algérienne,1,21.99,XL,Les Grands Classiques
2026-01-07 18:07:46,4 Fromages,1,17.49,Medium,Les Iconiques
2026-01-07 18:07:46,Chicken and Cheddar,1,20.49,Large,Éditions Limitées
2026-01-07 18:11:32,Steak and Cheese,1,14.99,Medium,Les Grands Classiques
2026-01-07 18:13:22,Extravaganzza,1,17.99,Medium,Toujours Plus
2026-01-07 18:13:22,Divine 3 Fromages,1,21.99,XL,Éditions Limitées
2026-01-07 18:13:22,Pepperoni Party,1,20.49,Large,Les Iconiques
2026-01-07 18:16:23,Chicken Delight,1,15.99,Medium,Les Originales
2026-01-07 18:17:42,Margherita,1,18.99,XL,Les Bons Plans
2026-01-07 18:24:40,Originale Pepperoni,1,12.99,Medium,Les Bons Plans
2026-01-07 18:40:11,Bacon Groovy,1,20.49,Large,Les Iconiques
2026-01-07 18:40:11,Urban Kebab,1,20.49,Large,Les Originales
2026-01-07 19:02:31,Chicken BBQ,1,21.99,XL,Les Grands Classiques
2026-01-07 19:02:31,Hawaïenne Jambon,1,20.99,XL,Les Grands Classiques
2026-01-07 19:02:31,Peppina,1,19.99,Large,Les Gourmandes Veggies
2026-01-07 19:02:31,Peppina Vegan,1,16.99,Medium,Les Vegans
2026-01-07 19:04:40,Divine 3 Fromages,1,21.99,XL,Éditions Limitées
2026-01-07 19:04:40,Diavola Pepperoni,1,15.99,Medium,Les Originales
2026-01-07 19:21:58,Chicken BBQ,1,21.99,XL,Les Grands Classiques
2026-01-07 19:21:58,Diavola Haché au bœuf,1,21.99,XL,Les Originales
2026-01-07 19:21:58,Bacon Groovy,1,17.49,Medium,Les Iconiques
2026-01-07 19:30:25,Chèvre-Miel,1,21.99,XL,Les Iconiques
2026-01-07 19:30:25,Pepperoni Party,1,20.49,Large,Les Iconiques
2026-01-07 19:30:25,Margherita,1,15.99,Large,Les Bons Plans
2026-01-07 19:45:07,Pepperoni Party,1,23.49,XL,Les Iconiques
2026-01-07 19:45:07,Urban Kebab,1,17.49,Medium,Les Originales
2026-01-07 20:01:28,Originale Pepperoni,1,15.99,Large,Les Bons Plans
2026-01-07 20:21:19,Beef and Cheddar,1,20.99,Large,Éditions Limitées
2026-01-07 20:25:45,Extravaganzza,1,20.99,Large,Toujours Plus
2026-01-07 20:25:45,Urban Kebab,1,17.49,Medium,Les Originales
2026-01-07 20:25:45,Beef and Cheddar,1,20.99,Large,Éditions Limitées
2026-01-07 21:49:00,Margherita,1,18.99,XL,Les Bons Plans
2026-01-07 22:05:00,Diavola Haché au bœuf,1,21.99,XL,Les Originales
2026-01-07 22:05:00,Forestière,1,17.49,Medium,Les Grands Classiques
2026-01-07 22:16:53,Kebab and Spicy,1,18.99,Large,Les Originales
2026-01-07 22:46:13,Super Veggie,1,20.49,Large,Les Gourmandes Veggies
2026-01-07 22:46:13,Urban Kebab,1,17.49,Medium,Les Originales
2026-01-08 11:17:13,Ultimate Meat,1,17.99,Medium,Toujours Plus
2026-01-08 11:17:13,Indienne,1,15.99,Medium,Les Grands Classiques
2026-01-08 11:17:13,Chèvre-Miel,1,21.99,XL,Les Iconiques
2026-01-08 11:17:13,Hawaïenne Jambon,1,20.99,XL,Les Grands Classiques
2026-01-08 11:39:07,Forestière,1,17.49,Medium,Les Grands Classiques
2026-01-08 11:39:07,Hawaïenne Poulet,1,20.99,XL,Les Grands Classiques
2026-01-08 11:39:07,Peppina Vegan,1,16.99,Medium,Les Vegans
2026-01-08 11:49:50,Kebab and Spicy,1,21.99,XL,Les Originales
2026-01-08 11:54:14,Pêcheur,1,18.99,Large,Les Grands Classiques
2026-01-08 11:54:14,Kebab and Spicy,1,21.99,XL,Les Originales
2026-01-08 11:54:14,Peppina Vegan,1,22.99,XL,Les Vegans
2026-01-08 12:06:09,Extravaganzza,1,20.99,Large,Toujours Plus
2026-01-08 12:06:09,Diavola Pepperoni,1,18.99,Large,Les Originales
2026-01-08 12:06:09,Chicken and Cheddar,1,17.49,Medium,Éditions Limitées
2026-01-08 12:07:21,Extravaganzza,1,23.99,XL,Toujours Plus
2026-01-08 12:07:21,Pepperoni Party,1,20.49,Large,Les Iconiques
2026-01-08 12:07:21,Diavola Pepperoni,1,15.99,Medium,Les Originales
2026-01-08 12:07:21,Crispy Cannibale,1,17.99,Medium,Les Originales
2026-01-08 12:07:54,Chicken BBQ,1,18.99,Large,Les Grands Classiques
2026-01-08 12:08:38,Peppina Vegan,1,19.99,Large,Les Vegans
2026-01-08 12:13:08,Indienne,1,18.99,Large,Les Grands Classiques
2026-01-08 12:13:08,Originale Pepperoni,1,15.99,Large,Les Bons Plans
2026-01-08 12:13:08,Steak and Cheese,1,14.99,Medium,Les Grands Classiques
2026-01-08 12:16:34,Diavola Haché au bœuf,1,18.99,Large,Les Originales
2026-01-08 12:16:34,Indienne,1,18.99,Large,Les Grands Classiques
2026-01-08 12:16:34,Divine 3 Fromages,1,21.99,XL,Éditions Limitées
2026-01-08 12:16:34,Chèvre-Miel,1,21.99,XL,Les Iconiques
2026-01-08 12:16:34,Chèvre-Miel,1,18.99,Large,Les Iconiques
2026-01-08 12:16:34,Super Veggie,1,23.49,XL,Les Gourmandes Veggies
2026-01-08 12:16:34,Super Veggie,1,20.49,Large,Les Gourmandes Veggies
2026-01-08 12:16:34,Hawaïenne Jambon,1,20.99,XL,Les Grands Classiques
2026-01-08 12:16:34,Peppina,1,22.99,XL,Les Gourmandes Veggies
2026-01-08 12:16:34,Originale Pepperoni,1,18.99,XL,Les Bons Plans
2026-01-08 12:16:34,Kebab and Spicy,1,21.99,XL,Les Originales
2026-01-08 12:16:34,Margherita,1,12.99,Medium,Les Bons Plans
2026-01-08 12:16:34,Hawaïenne Poulet,1,20.99,XL,Les Grands Classiques
2026-01-08 12:16:34,Peppina Vegan,1,19.99,Large,Les Vegans
2026-01-08 12:16:58,Kebab and Spicy,1,21.99,XL,Les Originales
2026-01-08 12:16:58,Hawaïenne Poulet,1,20.99,XL,Les Grands Classiques
2026-01-08 12:28:49,Crispy Cannibale,1,23.99,XL,Les Originales
2026-01-08 12:34:20,Ultimate Meat,1,17.99,Medium,Toujours Plus
2026-01-08 12:34:20,Chicken Delight,2,37.98,Large,Les Originales
2026-01-08 12:34:20,Chèvre-Miel,1,21.99,XL,Les Iconiques
2026-01-08 12:34:20,Forestière,1,20.49,Large,Les Grands Classiques
2026-01-08 12:34:20,Peppina,1,19.99,Large,Les Gourmandes Veggies
2026-01-08 12:34:20,Royale Veggie,1,21.99,XL,Les Gourmandes Veggies
2026-01-08 12:34:20,Originale Pepperoni,1,18.99,XL,Les Bons Plans
2026-01-08 12:34:20,Urban Kebab,1,23.49,XL,Les Originales
2026-01-08 12:34:20,Urban Kebab,1,20.49,Large,Les Originales
2026-01-08 12:34:20,Algérienne,1,18.99,Large,Les Grands Classiques
2026-01-08 12:34:20,Kebab and Spicy,1,21.99,XL,Les Originales
2026-01-08 12:34:20,Kebab and Spicy,1,15.99,Medium,Les Originales
2026-01-08 12:34:20,Chicken and Cheddar,1,20.49,Large,Éditions Limitées
2026-01-08 12:34:20,Hawaïenne Poulet,1,17.99,Large,Les Grands Classiques
2026-01-08 12:40:05,Chèvre-Miel,1,18.99,Large,Les Iconiques
2026-01-08 12:57:39,Hawaïenne Jambon,1,20.99,XL,Les Grands Classiques
2026-01-08 12:58:01,Ultimate Meat,1,17.99,Medium,Toujours Plus
2026-01-08 12:58:01,Peppina,1,19.99,Large,Les Gourmandes Veggies
2026-01-08 12:58:01,Urban Kebab,1,23.49,XL,Les Originales
2026-01-08 13:02:00,Divine 3 Fromages,1,21.99,XL,Éditions Limitées
2026-01-08 13:03:34,Hawaïenne Jambon,1,14.99,Medium,Les Grands Classiques
2026-01-08 13:03:34,Diavola Pepperoni,1,18.99,Large,Les Originales
2026-01-08 13:03:34,Urban Kebab,1,20.49,Large,Les Originales
2026-01-08 13:04:15,Hawaïenne Poulet,1,20.99,XL,Les Grands Classiques
2026-01-08 13:07:53,Ultimate Meat,1,17.99,Medium,Toujours Plus
2026-01-08 13:19:06,Divine 3 Fromages,1,21.99,XL,Éditions Limitées
2026-01-08 13:19:06,Forestière,1,20.49,Large,Les Grands Classiques
2026-01-08 13:19:06,Algérienne,1,21.99,XL,Les Grands Classiques
2026-01-08 13:24:11,Chicken BBQ,1,18.99,Large,Les Grands Classiques
2026-01-08 13:24:11,Ultimate Meat,1,17.99,Medium,Toujours Plus
2026-01-08 13:24:11,Urban Kebab,1,20.49,Large,Les Originales
2026-01-08 13:27:14,Chicken Delight,1,15.99,Medium,Les Originales
2026-01-08 13:27:14,Chèvre-Miel,1,21.99,XL,Les Iconiques
2026-01-08 13:27:14,Urban Kebab,1,20.49,Large,Les Originales
2026-01-08 13:27:14,Hawaïenne Poulet,1,20.99,XL,Les Grands Classiques
2026-01-08 13:31:40,Kebab and Spicy,1,18.99,Large,Les Originales
2026-01-08 13:39:14,Pepperoni Party,1,23.49,XL,Les Iconiques
2026-01-08 13:47:53,Margherita,1,18.99,XL,Les Bons Plans
2026-01-08 13:59:04,Chicken Delight,1,21.99,XL,Les Originales
2026-01-08 13:59:04,Indienne,1,18.99,Large,Les Grands Classiques
2026-01-08 13:59:04,Extravaganzza,1,20.99,Large,Toujours Plus
2026-01-08 14:00:05,Cannibale,1,20.49,Large,Les Iconiques
2026-01-08 14:00:05,Chicken and Cheddar,1,20.49,Large,Éditions Limitées
2026-01-08 14:00:05,Steak and Cheese,1,14.99,Medium,Les Grands Classiques
2026-01-08 14:14:02,Kebab and Spicy,1,21.99,XL,Les Originales
2026-01-08 14:19:58,Super Veggie,1,17.49,Medium,Les Gourmandes Veggies
2026-01-08 14:19:58,Pepperoni Party,1,20.49,Large,Les Iconiques
2026-01-08 14:21:19,Chicken Delight,1,18.99,Large,Les Originales
2026-01-08 14:21:19,Hawaïenne Jambon,1,14.99,Medium,Les Grands Classiques
2026-01-08 14:38:41,Margherita,1,12.99,Medium,Les Bons Plans
2026-01-08 14:40:28,Chicken BBQ,1,21.99,XL,Les Grands Classiques
2026-01-08 14:40:28,Cannibale,1,20.49,Large,Les Iconiques
2026-01-08 14:49:01,Chicken BBQ,1,21.99,XL,Les Grands Classiques
2026-01-08 14:49:01,Diavola Haché au bœuf,1,18.99,Large,Les Originales
2026-01-08 14:55:23,Pêcheur,1,15.99,Medium,Les Grands Classiques
2026-01-08 15:30:10,Margherita,1,18.99,XL,Les Bons Plans
2026-01-08 15:30:10,Steak and Cheese,1,20.99,XL,Les Grands Classiques
2026-01-08 15:33:13,Cannibale,1,17.49,Medium,Les Iconiques
2026-01-08 15:36:12,Chèvre-Miel,1,21.99,XL,Les Iconiques
2026-01-08 15:36:12,Originale Pepperoni,1,18.99,XL,Les Bons Plans
2026-01-08 15:37:18,Chicken BBQ,1,18.99,Large,Les Grands Classiques
2026-01-08 15:37:18,Urban Kebab,1,17.49,Medium,Les Originales
2026-01-08 15:49:13,Peppina Vegan,1,16.99,Medium,Les Vegans
2026-01-08 16:20:26,Peppina,1,16.99,Medium,Les Gourmandes Veggies
2026-01-08 16:29:50,Peppina,1,22.99,XL,Les Gourmandes Veggies
2026-01-08 16:29:50,Peppina,1,19.99,Large,Les Gourmandes Veggies
2026-01-08 16:41:27,Hawaïenne Jambon,1,20.99,XL,Les Grands Classiques
2026-01-08 16:41:27,Cannibale,1,20.49,Large,Les Iconiques
2026-01-08 16:41:27,Algérienne,1,18.99,Large,Les Grands Classiques
2026-01-08 16:47:48,Super Veggie,1,17.49,Medium,Les Gourmandes Veggies
2026-01-08 16:47:48,Originale Pepperoni,1,12.99,Medium,Les Bons Plans
2026-01-08 17:15:17,Ultimate Meat,1,17.99,Medium,Toujours Plus
2026-01-08 17:15:17,Hawaïenne Poulet,1,20.99,XL,Les Grands Classiques
2026-01-08 17:27:56,Originale Pepperoni,1,15.99,Large,Les Bons Plans
2026-01-08 17:27:56,Cannibale,1,23.49,XL,Les Iconiques
2026-01-08 17:27:56,Peppina Vegan,1,19.99,Large,Les Vegans
2026-01-08 17:30:04,Super Veggie,1,20.49,Large,Les Gourmandes Veggies
2026-01-08 17:30:04,Royale Veggie,1,18.99,Large,Les Gourmandes Veggies
2026-01-08 17:35:56,Diavola Haché au bœuf,1,18.99,Large,Les Originales
2026-01-08 17:35:56,Indienne,1,18.99,Large,Les Grands Classiques
2026-01-08 17:37:03,Divine 3 Fromages,1,21.99,XL,Éditions Limitées
2026-01-08 17:37:03,Forestière,2,46.98,XL,Les Grands Classiques
2026-01-08 17:41:31,Originale Pepperoni,1,15.99,Large,Les Bons Plans
2026-01-08 17:41:37,Originale Pepperoni,1,12.99,Medium,Les Bons Plans
2026-01-08 17:41:37,Margherita,1,12.99,Medium,Les Bons Plans
2026-01-08 17:52:42,Super Veggie,1,23.49,XL,Les Gourmandes Veggies
2026-01-08 17:52:42,Pepperoni Party,1,20.49,Large,Les Iconiques
2026-01-08 17:52:42,Kebab and Spicy,1,15.99,Medium,Les Originales
2026-01-08 17:54:05,Chicken BBQ,1,21.99,XL,Les Grands Classiques
2026-01-08 17:54:05,Pêcheur,1,15.99,Medium,Les Grands Classiques
2026-01-08 17:54:05,Diavola Pepperoni,1,15.99,Medium,Les Originales
2026-01-08 17:54:05,Kebab and Spicy,1,18.99,Large,Les Originales
2026-01-08 18:02:54,Chèvre-Miel,1,21.99,XL,Les Iconiques
2026-01-08 18:02:54,Royale Veggie,1,21.99,XL,Les Gourmandes Veggies
2026-01-08 18:07:31,Chicken Delight,1,18.99,Large,Les Originales
2026-01-08 18:15:08,Chicken and Cheddar,1,17.49,Medium,Éditions Limitées
2026-01-08 18:30:16,Hawaïenne Jambon,1,14.99,Medium,Les Grands Classiques
2026-01-08 18:30:16,Urban Kebab,1,23.49,XL,Les Originales
2026-01-08 18:30:16,Margherita,1,18.99,XL,Les Bons Plans
2026-01-08 18:46:02,Peppina Vegan,1,19.99,Large,Les Vegans
2026-01-08 18:48:43,Crispy Cannibale,1,23.99,XL,Les Originales
2026-01-08 18:49:24,Ultimate Meat,1,17.99,Medium,Toujours Plus
2026-01-08 18:49:24,Extravaganzza,1,20.99,Large,Toujours Plus
2026-01-08 18:49:24,Pêcheur,1,18.99,Large,Les Grands Classiques
2026-01-08 19:01:12,Pêcheur,1,15.99,Medium,Les Grands Classiques
2026-01-08 19:01:12,Originale Pepperoni,1,18.99,XL,Les Bons Plans
2026-01-08 19:01:12,Crispy Cannibale,1,23.99,XL,Les Originales
2026-01-08 19:01:12,Cannibale,1,20.49,Large,Les Iconiques
2026-01-08 19:06:21,Bacon Groovy,1,23.49,XL,Les Iconiques
2026-01-08 19:06:21,Urban Kebab,1,20.49,Large,Les Originales
2026-01-08 19:06:21,Margherita,1,15.99,Large,Les Bons Plans
2026-01-08 19:31:47,Pepperoni Party,1,23.49,XL,Les Iconiques
2026-01-08 19:38:40,Divine 3 Fromages,1,21.99,XL,Éditions Limitées
2026-01-08 19:38:40,Chèvre-Miel,1,21.99,XL,Les Iconiques
2026-01-08 19:38:40,Royale Veggie,1,21.99,XL,Les Gourmandes Veggies
2026-01-08 19:38:40,Algérienne,1,21.99,XL,Les Grands Classiques
2026-01-08 19:42:52,Pepperoni Party,1,20.49,Large,Les Iconiques
2026-01-08 19:42:52,Urban Kebab,1,23.49,XL,Les Originales
2026-01-08 19:46:18,Hawaïenne Jambon,1,20.99,XL,Les Grands Classiques
2026-01-08 19:46:18,Beef and Cheddar,1,17.99,Medium,Éditions Limitées
2026-01-08 19:49:26,Peppina Vegan,1,16.99,Medium,Les Vegans
2026-01-08 20:02:25,Pepperoni Party,1,20.49,Large,Les Iconiques
2026-01-08 21:10:46,Diavola Haché au bœuf,1,15.99,Medium,Les Originales
2026-01-08 21:10:46,Chèvre-Miel,1,21.99,XL,Les Iconiques
2026-01-08 21:10:46,Royale Veggie,1,18.99,Large,Les Gourmandes Veggies
2026-01-08 21:10:46,Diavola Pepperoni,1,18.99,Large,Les Originales
2026-01-08 21:46:49,Rocket Veggie,1,15.99,Large,Les Gourmandes Veggies
2026-01-08 21:51:31,Chicken Delight,1,15.99,Medium,Les Originales
2026-01-08 21:51:31,Hawaïenne Jambon,1,14.99,Medium,Les Grands Classiques
2026-01-08 21:51:31,Algérienne,1,21.99,XL,Les Grands Classiques
2026-01-08 22:26:08,Peppina,1,19.99,Large,Les Gourmandes Veggies
2026-01-09 11:16:21,Originale Pepperoni,1,18.99,XL,Les Bons Plans
2026-01-09 11:16:21,Urban Kebab,1,20.49,Large,Les Originales
2026-01-09 11:48:18,Steak and Cheese,1,20.99,XL,Les Grands Classiques
2026-01-09 11:55:10,Originale Pepperoni,1,15.99,Large,Les Bons Plans
2026-01-09 11:55:10,Steak and Cheese,1,20.99,XL,Les Grands Classiques
2026-01-09 12:02:09,Margherita,1,15.99,Large,Les Bons Plans
2026-01-09 12:06:03,Bacon Groovy,1,17.49,Medium,Les Iconiques
2026-01-09 12:13:32,Chicken Delight,1,18.99,Large,Les Originales
2026-01-09 12:13:32,Chicken Delight,1,15.99,Medium,Les Originales
2026-01-09 12:13:32,Originale Pepperoni,1,15.99,Large,Les Bons Plans
2026-01-09 12:13:58,Kebab and Spicy,1,21.99,XL,Les Originales
2026-01-09 12:15:03,Extravaganzza,1,20.99,Large,Toujours Plus
2026-01-09 12:15:03,Extravaganzza,1,17.99,Medium,Toujours Plus
2026-01-09 12:15:03,Pepperoni Party,1,23.49,XL,Les Iconiques
2026-01-09 12:15:03,Kebab and Spicy,1,21.99,XL,Les Originales
2026-01-09 12:18:21,Divine 3 Fromages,1,21.99,XL,Éditions Limitées
2026-01-09 12:19:24,Peppina,1,19.99,Large,Les Gourmandes Veggies
2026-01-09 12:22:48,Chèvre-Miel,1,21.99,XL,Les Iconiques
2026-01-09 12:22:48,Peppina,1,19.99,Large,Les Gourmandes Veggies
2026-01-09 12:22:48,Originale Pepperoni,1,18.99,XL,Les Bons Plans
2026-01-09 12:22:48,Hawaïenne Poulet,1,20.99,XL,Les Grands Classiques
2026-01-09 12:26:47,Extravaganzza,1,17.99,Medium,Toujours Plus
2026-01-09 13:07:37,Bacon Groovy,1,23.49,XL,Les Iconiques
2026-01-09 13:07:37,Rocket Veggie,1,18.99,XL,Les Gourmandes Veggies
2026-01-09 13:09:09,Pêcheur,1,21.99,XL,Les Grands Classiques
2026-01-09 13:09:09,Peppina Vegan,1,22.99,XL,Les Vegans
2026-01-09 13:09:11,Royale Veggie,1,18.99,Large,Les Gourmandes Veggies
2026-01-09 13:11:25,Ultimate Meat,1,17.99,Medium,Toujours Plus
2026-01-09 13:11:25,Cannibale,1,23.49,XL,Les Iconiques
2026-01-09 13:11:25,Urban Kebab,1,17.49,Medium,Les Originales
2026-01-09 13:15:20,Cannibale,1,17.49,Medium,Les Iconiques
2026-01-09 13:22:33,Cheesy and Veggie,1,20.99,XL,Les Gourmandes Veggies
2026-01-09 13:43:07,Hawaïenne Poulet,1,14.99,Medium,Les Grands Classiques
2026-01-09 14:09:33,Chicken BBQ,1,15.99,Medium,Les Grands Classiques
2026-01-09 14:09:33,Ultimate Meat,1,17.99,Medium,Toujours Plus
2026-01-09 14:09:33,Extravaganzza,1,17.99,Medium,Toujours Plus
2026-01-09 14:09:33,Divine 3 Fromages,1,21.99,XL,Éditions Limitées
2026-01-09 14:09:33,Chèvre-Miel,2,43.98,XL,Les Iconiques
2026-01-09 14:09:33,Super Veggie,1,17.49,Medium,Les Gourmandes Veggies
2026-01-09 14:09:33,Forestière,2,40.98,Large,Les Grands Classiques
2026-01-09 14:09:33,Peppina,1,22.99,XL,Les Gourmandes Veggies
2026-01-09 14:09:33,Urban Kebab,1,23.49,XL,Les Originales
2026-01-09 14:09:33,Steak and Cheese,1,20.99,XL,Les Grands Classiques
2026-01-09 14:09:33,Steak and Cheese,1,17.99,Large,Les Grands Classiques
2026-01-09 14:42:14,Cannibale,1,20.49,Large,Les Iconiques
2026-01-09 14:51:35,Urban Kebab,1,17.49,Medium,Les Originales
2026-01-09 14:51:35,Hawaïenne Poulet,1,17.99,Large,Les Grands Classiques
2026-01-09 15:08:46,Originale Pepperoni,1,18.99,XL,Les Bons Plans
2026-01-09 15:10:13,Chicken Delight,1,21.99,XL,Les Originales
2026-01-09 15:10:13,Divine 3 Fromages,1,21.99,XL,Éditions Limitées
2026-01-09 15:23:37,Chèvre-Miel,1,21.99,XL,Les Iconiques
2026-01-09 15:23:37,Algérienne,1,21.99,XL,Les Grands Classiques
2026-01-09 15:27:21,Forestière,1,20.49,Large,Les Grands Classiques
2026-01-09 15:31:01,Diavola Haché au bœuf,1,18.99,Large,Les Originales
2026-01-09 15:31:01,Chicken Delight,2,37.98,Large,Les Originales
2026-01-09 15:31:01,Hawaïenne Jambon,1,14.99,Medium,Les Grands Classiques
2026-01-09 15:43:01,Extravaganzza,1,23.99,XL,Toujours Plus
2026-01-09 15:43:01,Pepperoni Party,1,20.49,Large,Les Iconiques
2026-01-09 15:58:10,Crispy Cannibale,2,41.98,Large,Les Originales
2026-01-09 16:14:28,Crispy Cannibale,1,23.99,XL,Les Originales
2026-01-09 16:14:28,Beef and Cheddar,1,17.99,Medium,Éditions Limitées
2026-01-09 16:28:43,Divine 3 Fromages,1,21.99,XL,Éditions Limitées
2026-01-09 16:28:43,Kebab and Spicy,1,21.99,XL,Les Originales
2026-01-09 16:28:43,Steak and Cheese,1,20.99,XL,Les Grands Classiques
2026-01-09 16:43:32,Cannibale,1,23.49,XL,Les Iconiques
2026-01-09 16:43:32,Algérienne,1,21.99,XL,Les Grands Classiques
2026-01-09 17:08:47,Extravaganzza,1,20.99,Large,Toujours Plus
2026-01-09 17:18:50,4 Fromages,1,17.49,Medium,Les Iconiques
2026-01-09 17:18:50,Crispy Cannibale,1,23.99,XL,Les Originales
2026-01-09 17:23:52,Extravaganzza,1,17.99,Medium,Toujours Plus
2026-01-09 17:23:52,Hawaïenne Jambon,1,14.99,Medium,Les Grands Classiques
2026-01-09 17:23:52,Pepperoni Party,1,23.49,XL,Les Iconiques
2026-01-09 17:44:04,Chicken and Cheddar,1,23.49,XL,Éditions Limitées
2026-01-09 17:51:34,Divine 3 Fromages,1,21.99,XL,Éditions Limitées
2026-01-09 17:51:34,Peppina,1,22.99,XL,Les Gourmandes Veggies
2026-01-09 17:51:34,Margherita,1,15.99,Large,Les Bons Plans
2026-01-09 17:52:41,Chicken and Cheddar,1,23.49,XL,Éditions Limitées
2026-01-09 18:07:47,Ultimate Meat,1,17.99,Medium,Toujours Plus
2026-01-09 18:08:06,Chicken BBQ,1,21.99,XL,Les Grands Classiques
2026-01-09 18:08:06,Cannibale,1,20.49,Large,Les Iconiques
2026-01-09 18:23:59,Bacon Groovy,1,23.49,XL,Les Iconiques
2026-01-09 18:23:59,Extravaganzza,1,20.99,Large,Toujours Plus
2026-01-09 18:23:59,Rocket Veggie,1,15.99,Large,Les Gourmandes Veggies
2026-01-09 18:31:04,Pêcheur,1,18.99,Large,Les Grands Classiques
2026-01-09 18:31:04,Urban Kebab,1,20.49,Large,Les Originales
2026-01-09 18:46:28,Originale Pepperoni,1,18.99,XL,Les Bons Plans
2026-01-09 18:46:28,Originale Pepperoni,1,12.99,Medium,Les Bons Plans
2026-01-09 18:46:28,Crispy Cannibale,1,23.99,XL,Les Originales
2026-01-09 18:46:28,Beef and Cheddar,1,23.99,XL,Éditions Limitées
2026-01-09 18:47:27,Super Veggie,1,17.49,Medium,Les Gourmandes Veggies
2026-01-09 18:49:23,Ultimate Meat,1,17.99,Medium,Toujours Plus
2026-01-09 19:06:09,Hawaïenne Jambon,1,20.99,XL,Les Grands Classiques
2026-01-09 19:06:34,Ultimate Meat,1,17.99,Medium,Toujours Plus
2026-01-09 19:06:34,Hawaïenne Poulet,1,20.99,XL,Les Grands Classiques
2026-01-09 19:12:59,Margherita,1,15.99,Large,Les Bons Plans
2026-01-09 19:12:59,Steak and Cheese,1,17.99,Large,Les Grands Classiques
2026-01-09 19:26:24,Chèvre-Miel,1,21.99,XL,Les Iconiques
2026-01-09 19:26:24,Beef and Cheddar,1,20.99,Large,Éditions Limitées
2026-01-09 19:26:24,Hawaïenne Poulet,1,20.99,XL,Les Grands Classiques
2026-01-09 19:26:24,Steak and Cheese,1,17.99,Large,Les Grands Classiques
2026-01-09 19:31:25,Indienne,1,18.99,Large,Les Grands Classiques
2026-01-09 19:31:25,Super Veggie,1,17.49,Medium,Les Gourmandes Veggies
2026-01-09 19:31:25,Pepperoni Party,1,23.49,XL,Les Iconiques
2026-01-09 20:14:47,Royale Veggie,1,21.99,XL,Les Gourmandes Veggies
2026-01-09 20:15:51,Indienne,1,18.99,Large,Les Grands Classiques
2026-01-09 20:15:51,Super Veggie,1,17.49,Medium,Les Gourmandes Veggies
2026-01-09 20:18:25,Chicken BBQ,1,15.99,Medium,Les Grands Classiques
2026-01-09 20:18:25,Hawaïenne Jambon,1,14.99,Medium,Les Grands Classiques
2026-01-09 20:23:12,Chèvre-Miel,1,21.99,XL,Les Iconiques
2026-01-09 20:23:12,Steak and Cheese,1,20.99,XL,Les Grands Classiques
2026-01-09 20:30:06,Urban Kebab,1,17.49,Medium,Les Originales
2026-01-09 20:30:06,Kebab and Spicy,1,15.99,Medium,Les Originales
2026-01-09 20:51:10,Hawaïenne Jambon,1,17.99,Large,Les Grands Classiques
2026-01-09 21:10:16,Extravaganzza,1,17.99,Medium,Toujours Plus
2026-01-09 21:13:48,Super Veggie,1,20.49,Large,Les Gourmandes Veggies
2026-01-09 21:13:48,Kebab and Spicy,1,18.99,Large,Les Originales
2026-01-09 21:47:56,Chicken and Cheddar,1,17.49,Medium,Éditions Limitées
2026-01-09 22:04:05,Indienne,1,18.99,Large,Les Grands Classiques
2026-01-09 22:19:03,Royale Veggie,1,21.99,XL,Les Gourmandes Veggies
2026-01-09 22:19:03,Peppina Vegan,1,16.99,Medium,Les Vegans
2026-01-09 22:32:32,Rocket Veggie,1,12.99,Medium,Les Gourmandes Veggies
2026-01-09 22:32:32,Originale Pepperoni,1,15.99,Large,Les Bons Plans
2026-01-09 22:32:32,Chicken and Cheddar,1,23.49,XL,Éditions Limitées
2026-01-10 12:11:19,Peppina,1,16.99,Medium,Les Gourmandes Veggies
2026-01-10 12:21:19,Chicken and Cheddar,1,23.49,XL,Éditions Limitées
2026-01-10 12:27:47,Chicken BBQ,1,21.99,XL,Les Grands Classiques
2026-01-10 12:27:47,Divine 3 Fromages,2,43.98,XL,Éditions Limitées
2026-01-10 12:27:47,Chèvre-Miel,1,18.99,Large,Les Iconiques
2026-01-10 12:27:47,Originale Pepperoni,1,15.99,Large,Les Bons Plans
2026-01-10 12:27:47,Urban Kebab,1,20.49,Large,Les Originales
2026-01-10 12:27:47,Urban Kebab,1,17.49,Medium,Les Originales
2026-01-10 12:27:47,Beef and Cheddar,1,23.99,XL,Éditions Limitées
2026-01-10 12:27:47,Kebab and Spicy,1,21.99,XL,Les Originales
2026-01-10 12:27:47,Chicken and Cheddar,1,20.49,Large,Éditions Limitées
2026-01-10 12:27:47,Hawaïenne Poulet,1,14.99,Medium,Les Grands Classiques
2026-01-10 12:28:53,Royale Veggie,1,21.99,XL,Les Gourmandes Veggies
2026-01-10 12:37:10,Chicken BBQ,1,15.99,Medium,Les Grands Classiques
2026-01-10 12:37:10,Indienne,1,18.99,Large,Les Grands Classiques
2026-01-10 12:37:10,Extravaganzza,1,17.99,Medium,Toujours Plus
2026-01-10 13:13:59,Super Veggie,1,20.49,Large,Les Gourmandes Veggies
2026-01-10 13:13:59,Algérienne,1,21.99,XL,Les Grands Classiques
2026-01-10 13:14:47,Ultimate Meat,1,17.99,Medium,Toujours Plus
2026-01-10 13:15:32,Algérienne,1,18.99,Large,Les Grands Classiques
2026-01-10 13:39:33,Extravaganzza,1,20.99,Large,Toujours Plus
2026-01-10 13:39:33,Divine 3 Fromages,1,21.99,XL,Éditions Limitées
2026-01-10 13:40:54,Peppina,1,19.99,Large,Les Gourmandes Veggies
2026-01-10 13:41:04,Extravaganzza,1,23.99,XL,Toujours Plus
2026-01-10 13:41:04,Pêcheur,1,21.99,XL,Les Grands Classiques
2026-01-10 13:41:04,Originale Pepperoni,1,18.99,XL,Les Bons Plans
2026-01-10 13:41:04,Margherita,1,15.99,Large,Les Bons Plans
2026-01-10 13:44:22,Ultimate Meat,1,17.99,Medium,Toujours Plus
2026-01-10 13:44:22,Indienne,1,18.99,Large,Les Grands Classiques
2026-01-10 13:44:22,Margherita,1,12.99,Medium,Les Bons Plans
2026-01-10 13:45:00,Margherita,1,15.99,Large,Les Bons Plans
2026-01-10 13:45:00,Peppina Vegan,1,22.99,XL,Les Vegans
2026-01-10 13:48:49,Chicken BBQ,1,15.99,Medium,Les Grands Classiques
2026-01-10 13:48:49,Diavola Haché au bœuf,1,18.99,Large,Les Originales
2026-01-10 13:48:49,Originale Pepperoni,1,18.99,XL,Les Bons Plans
2026-01-10 13:48:49,Crispy Cannibale,1,20.99,Large,Les Originales
2026-01-10 13:48:49,Steak and Cheese,1,20.99,XL,Les Grands Classiques
2026-01-10 13:51:19,Super Veggie,1,17.49,Medium,Les Gourmandes Veggies
2026-01-10 13:56:01,Hawaïenne Jambon,1,17.99,Large,Les Grands Classiques
2026-01-10 13:56:01,Algérienne,1,18.99,Large,Les Grands Classiques
2026-01-10 14:13:01,Royale Veggie,1,21.99,XL,Les Gourmandes Veggies
2026-01-10 14:24:14,Rocket Veggie,1,18.99,XL,Les Gourmandes Veggies
2026-01-10 14:33:19,Pepperoni Party,1,23.49,XL,Les Iconiques
2026-01-10 15:05:29,Urban Kebab,1,17.49,Medium,Les Originales
2026-01-10 15:05:29,Beef and Cheddar,1,17.99,Medium,Éditions Limitées
2026-01-10 15:58:42,4 Fromages,1,17.49,Medium,Les Iconiques
2026-01-10 15:58:42,Royale Veggie,1,21.99,XL,Les Gourmandes Veggies
2026-01-10 16:09:57,Forestière,1,20.49,Large,Les Grands Classiques
2026-01-10 16:09:57,Algérienne,1,18.99,Large,Les Grands Classiques
2026-01-10 16:32:36,Crispy Cannibale,1,23.99,XL,Les Originales
2026-01-10 16:32:36,Crispy Cannibale,1,17.99,Medium,Les Originales
2026-01-10 16:33:36,Chicken Delight,1,15.99,Medium,Les Originales
2026-01-10 17:12:39,Pepperoni Party,1,17.49,Medium,Les Iconiques
2026-01-10 17:12:39,Rocket Veggie,1,15.99,Large,Les Gourmandes Veggies
2026-01-10 17:12:39,Peppina Vegan,1,16.99,Medium,Les Vegans
2026-01-10 17:23:39,Divine 3 Fromages,1,21.99,XL,Éditions Limitées
2026-01-10 17:32:54,Chèvre-Miel,1,21.99,XL,Les Iconiques
2026-01-10 17:32:54,Algérienne,1,15.99,Medium,Les Grands Classiques
2026-01-10 17:32:54,Cheesy and Veggie,1,20.99,XL,Les Gourmandes Veggies
2026-01-10 17:41:55,Peppina,1,16.99,Medium,Les Gourmandes Veggies
2026-01-10 17:41:55,Diavola Pepperoni,1,18.99,Large,Les Originales
2026-01-10 17:41:55,Hawaïenne Poulet,1,20.99,XL,Les Grands Classiques
2026-01-10 17:48:57,Chicken Delight,1,21.99,XL,Les Originales
2026-01-10 17:48:57,Kebab and Spicy,1,21.99,XL,Les Originales
2026-01-10 17:50:19,Diavola Haché au bœuf,1,21.99,XL,Les Originales
2026-01-10 18:12:28,Extravaganzza,1,23.99,XL,Toujours Plus
2026-01-10 18:12:28,Cannibale,1,20.49,Large,Les Iconiques
2026-01-10 18:24:07,Diavola Pepperoni,1,15.99,Medium,Les Originales
2026-01-10 18:24:07,Beef and Cheddar,1,17.99,Medium,Éditions Limitées
2026-01-10 18:32:36,Chicken Delight,1,21.99,XL,Les Originales
2026-01-10 18:32:36,Cannibale,1,20.49,Large,Les Iconiques
2026-01-10 18:32:36,Kebab and Spicy,1,18.99,Large,Les Originales
2026-01-10 18:34:14,Cannibale,1,23.49,XL,Les Iconiques
2026-01-10 18:34:27,Crispy Cannibale,1,23.99,XL,Les Originales
2026-01-10 18:53:52,Extravaganzza,1,17.99,Medium,Toujours Plus
2026-01-10 18:53:52,Chèvre-Miel,1,21.99,XL,Les Iconiques
2026-01-10 18:53:52,Rocket Veggie,1,15.99,Large,Les Gourmandes Veggies
2026-01-10 18:53:52,Royale Veggie,1,18.99,Large,Les Gourmandes Veggies
2026-01-10 18:58:19,Chicken BBQ,1,21.99,XL,Les Grands Classiques
2026-01-10 18:58:19,Extravaganzza,1,17.99,Medium,Toujours Plus
2026-01-10 18:58:19,Cheesy and Veggie,1,17.99,Large,Les Gourmandes Veggies
2026-01-10 19:02:27,Crispy Cannibale,1,23.99,XL,Les Originales
2026-01-10 19:03:11,Royale Veggie,1,18.99,Large,Les Gourmandes Veggies
2026-01-10 19:13:29,Beef and Cheddar,1,17.99,Medium,Éditions Limitées
2026-01-10 19:13:29,Chicken and Cheddar,1,20.49,Large,Éditions Limitées
2026-01-10 19:23:51,Originale Pepperoni,1,15.99,Large,Les Bons Plans
2026-01-10 19:23:51,Steak and Cheese,1,20.99,XL,Les Grands Classiques
2026-01-10 19:27:18,Originale Pepperoni,1,18.99,XL,Les Bons Plans
2026-01-10 19:36:16,Chicken BBQ,1,18.99,Large,Les Grands Classiques
2026-01-10 19:36:16,Pepperoni Party,1,20.49,Large,Les Iconiques
2026-01-10 19:36:16,Chicken and Cheddar,1,23.49,XL,Éditions Limitées
2026-01-10 19:36:33,Hawaïenne Jambon,1,20.99,XL,Les Grands Classiques
2026-01-10 19:36:33,Originale Pepperoni,1,15.99,Large,Les Bons Plans
2026-01-10 19:36:33,Hawaïenne Poulet,1,20.99,XL,Les Grands Classiques
2026-01-10 19:36:33,Hawaïenne Poulet,1,14.99,Medium,Les Grands Classiques
2026-01-10 19:39:32,Chèvre-Miel,1,21.99,XL,Les Iconiques
2026-01-10 19:51:02,Ultimate Meat,1,17.99,Medium,Toujours Plus
2026-01-10 19:51:02,Originale Pepperoni,1,18.99,XL,Les Bons Plans
2026-01-10 19:58:10,Divine 3 Fromages,1,21.99,XL,Éditions Limitées
2026-01-10 19:58:10,Royale Veggie,1,15.99,Medium,Les Gourmandes Veggies
2026-01-10 19:58:10,Algérienne,1,18.99,Large,Les Grands Classiques
2026-01-10 19:58:10,Steak and Cheese,1,20.99,XL,Les Grands Classiques
2026-01-10 19:58:15,Ultimate Meat,1,17.99,Medium,Toujours Plus
2026-01-10 19:58:15,Pepperoni Party,1,23.49,XL,Les Iconiques
2026-01-10 19:58:15,Royale Veggie,1,21.99,XL,Les Gourmandes Veggies
2026-01-10 19:58:15,Beef and Cheddar,1,17.99,Medium,Éditions Limitées
2026-01-10 20:10:44,Pêcheur,1,15.99,Medium,Les Grands Classiques
2026-01-10 20:12:33,Crispy Cannibale,1,23.99,XL,Les Originales
2026-01-10 20:14:03,Chicken Delight,1,21.99,XL,Les Originales
2026-01-10 20:14:03,Diavola Pepperoni,1,18.99,Large,Les Originales
2026-01-10 20:20:10,Cannibale,1,23.49,XL,Les Iconiques
2026-01-10 20:20:10,Peppina Vegan,1,19.99,Large,Les Vegans
2026-01-10 20:27:26,Bacon Groovy,1,23.49,XL,Les Iconiques
2026-01-10 20:27:26,Algérienne,1,18.99,Large,Les Grands Classiques
2026-01-10 20:31:14,Cannibale,1,20.49,Large,Les Iconiques
2026-01-10 20:31:14,Cheesy and Veggie,1,17.99,Large,Les Gourmandes Veggies
2026-01-10 20:41:58,Forestière,1,23.49,XL,Les Grands Classiques
2026-01-10 20:45:45,Chicken BBQ,1,21.99,XL,Les Grands Classiques
2026-01-10 20:45:45,Chicken Delight,1,18.99,Large,Les Originales
2026-01-10 20:45:45,Crispy Cannibale,1,20.99,Large,Les Originales
2026-01-10 20:45:45,Steak and Cheese,1,14.99,Medium,Les Grands Classiques
2026-01-10 20:49:29,Diavola Haché au bœuf,1,18.99,Large,Les Originales
2026-01-10 20:49:29,Chèvre-Miel,1,21.99,XL,Les Iconiques
2026-01-10 20:49:29,Royale Veggie,1,21.99,XL,Les Gourmandes Veggies
2026-01-10 20:49:29,Kebab and Spicy,1,21.99,XL,Les Originales
2026-01-10 20:57:41,Pepperoni Party,1,20.49,Large,Les Iconiques
2026-01-10 20:57:41,Kebab and Spicy,1,21.99,XL,Les Originales
2026-01-10 21:21:21,Chicken Delight,1,21.99,XL,Les Originales
2026-01-10 21:21:21,Hawaïenne Jambon,1,20.99,XL,Les Grands Classiques
2026-01-10 21:22:44,Chicken Delight,1,18.99,Large,Les Originales
2026-01-10 21:22:44,Peppina Vegan,1,19.99,Large,Les Vegans
2026-01-10 21:50:23,Margherita,1,18.99,XL,Les Bons Plans
2026-01-10 21:50:23,Chicken and Cheddar,1,20.49,Large,Éditions Limitées
2026-01-10 21:55:12,Extravaganzza,1,20.99,Large,Toujours Plus
2026-01-10 21:55:12,Chèvre-Miel,1,18.99,Large,Les Iconiques
2026-01-10 22:18:35,Steak and Cheese,1,20.99,XL,Les Grands Classiques
2026-01-10 22:18:35,Steak and Cheese,1,17.99,Large,Les Grands Classiques
2026-01-10 22:47:17,Extravaganzza,1,23.99,XL,Toujours Plus
2026-01-10 22:47:17,Peppina,1,16.99,Medium,Les Gourmandes Veggies
2026-01-10 22:47:17,Steak and Cheese,1,14.99,Medium,Les Grands Classiques
2026-01-10 22:47:17,Peppina Vegan,1,16.99,Medium,Les Vegans
2026-01-10 22:48:39,Diavola Haché au bœuf,1,18.99,Large,Les Originales
2026-01-10 22:48:39,Divine 3 Fromages,1,21.99,XL,Éditions Limitées
2026-01-10 22:48:39,Diavola Pepperoni,1,18.99,Large,Les Originales
2026-01-10 22:48:39,Cheesy and Veggie,1,20.99,XL,Les Gourmandes Veggies
2026-01-11 11:42:08,Urban Kebab,1,17.49,Medium,Les Originales
2026-01-11 11:44:36,Originale Pepperoni,1,18.99,XL,Les Bons Plans
2026-01-11 11:44:52,Extravaganzza,1,17.99,Medium,Toujours Plus
2026-01-11 11:51:45,Rocket Veggie,1,18.99,XL,Les Gourmandes Veggies
2026-01-11 11:51:45,Originale Pepperoni,1,18.99,XL,Les Bons Plans
2026-01-11 11:51:45,Crispy Cannibale,1,23.99,XL,Les Originales
2026-01-11 12:14:15,Originale Pepperoni,1,18.99,XL,Les Bons Plans
2026-01-11 12:18:31,Diavola Haché au bœuf,1,21.99,XL,Les Originales
2026-01-11 12:18:31,Chicken Delight,2,31.98,Medium,Les Originales
2026-01-11 12:18:31,Hawaïenne Jambon,1,14.99,Medium,Les Grands Classiques
2026-01-11 12:18:31,Royale Veggie,1,21.99,XL,Les Gourmandes Veggies
2026-01-11 12:18:31,Originale Pepperoni,1,15.99,Large,Les Bons Plans
2026-01-11 12:18:31,Originale Pepperoni,1,12.99,Medium,Les Bons Plans
2026-01-11 12:18:31,Crispy Cannibale,1,17.99,Medium,Les Originales
2026-01-11 12:18:31,Urban Kebab,1,17.49,Medium,Les Originales
2026-01-11 12:18:31,Margherita,1,18.99,XL,Les Bons Plans
2026-01-11 12:18:31,Margherita,1,12.99,Medium,Les Bons Plans
2026-01-11 12:34:44,Extravaganzza,1,20.99,Large,Toujours Plus
2026-01-11 12:44:10,Steak and Cheese,1,20.99,XL,Les Grands Classiques
2026-01-11 12:44:10,Peppina Vegan,1,19.99,Large,Les Vegans
2026-01-11 12:49:26,Royale Veggie,1,21.99,XL,Les Gourmandes Veggies
2026-01-11 13:23:21,Diavola Pepperoni,1,18.99,Large,Les Originales
2026-01-11 13:28:08,Chicken Delight,1,15.99,Medium,Les Originales
2026-01-11 13:28:08,Bacon Groovy,1,23.49,XL,Les Iconiques
2026-01-11 13:28:08,Pêcheur,1,15.99,Medium,Les Grands Classiques
2026-01-11 13:37:46,Originale Pepperoni,1,15.99,Large,Les Bons Plans
2026-01-11 13:37:46,Algérienne,1,21.99,XL,Les Grands Classiques
2026-01-11 13:37:46,Cheesy and Veggie,1,17.99,Large,Les Gourmandes Veggies
2026-01-11 13:37:46,Margherita,1,12.99,Medium,Les Bons Plans
2026-01-11 13:40:00,Diavola Haché au bœuf,1,18.99,Large,Les Originales
2026-01-11 13:40:00,Chicken Delight,1,21.99,XL,Les Originales
2026-01-11 13:40:00,Pepperoni Party,1,23.49,XL,Les Iconiques
2026-01-11 13:40:00,Beef and Cheddar,1,23.99,XL,Éditions Limitées
2026-01-11 13:43:19,Margherita,1,15.99,Large,Les Bons Plans
2026-01-11 13:52:52,Pepperoni Party,1,23.49,XL,Les Iconiques
2026-01-11 13:52:52,Crispy Cannibale,1,20.99,Large,Les Originales
2026-01-11 14:03:45,Chicken BBQ,1,18.99,Large,Les Grands Classiques
2026-01-11 14:03:45,Ultimate Meat,1,17.99,Medium,Toujours Plus
2026-01-11 14:07:26,Hawaïenne Jambon,1,14.99,Medium,Les Grands Classiques
2026-01-11 14:07:26,Hawaïenne Poulet,1,20.99,XL,Les Grands Classiques
2026-01-11 14:07:35,Hawaïenne Jambon,1,14.99,Medium,Les Grands Classiques
2026-01-11 14:17:17,Chèvre-Miel,1,21.99,XL,Les Iconiques
2026-01-11 14:17:17,Originale Pepperoni,1,15.99,Large,Les Bons Plans
2026-01-11 14:29:23,Chicken Delight,1,15.99,Medium,Les Originales
2026-01-11 14:29:23,Originale Pepperoni,1,15.99,Large,Les Bons Plans
2026-01-11 14:29:23,Crispy Cannibale,1,20.99,Large,Les Originales
2026-01-11 14:29:23,Urban Kebab,1,17.49,Medium,Les Originales
2026-01-11 14:34:05,Originale Pepperoni,1,15.99,Large,Les Bons Plans
2026-01-11 14:49:35,Chicken BBQ,1,15.99,Medium,Les Grands Classiques
2026-01-11 14:49:35,Diavola Haché au bœuf,1,18.99,Large,Les Originales
2026-01-11 14:49:35,Originale Pepperoni,1,15.99,Large,Les Bons Plans
2026-01-11 16:03:38,Ultimate Meat,1,17.99,Medium,Toujours Plus
2026-01-11 16:03:38,Indienne,1,18.99,Large,Les Grands Classiques
2026-01-11 16:03:38,Bacon Groovy,1,17.49,Medium,Les Iconiques
2026-01-11 16:03:38,Cannibale,1,17.49,Medium,Les Iconiques
2026-01-11 16:18:23,Hawaïenne Poulet,1,14.99,Medium,Les Grands Classiques
2026-01-11 16:34:07,Royale Veggie,1,21.99,XL,Les Gourmandes Veggies
2026-01-11 16:34:07,Urban Kebab,1,23.49,XL,Les Originales
2026-01-11 16:34:07,Cheesy and Veggie,1,17.99,Large,Les Gourmandes Veggies
2026-01-11 16:43:33,Pepperoni Party,1,20.49,Large,Les Iconiques
2026-01-11 16:44:49,Hawaïenne Poulet,1,20.99,XL,Les Grands Classiques
2026-01-11 16:44:49,Peppina Vegan,1,22.99,XL,Les Vegans
2026-01-11 16:45:47,Chicken BBQ,1,18.99,Large,Les Grands Classiques
2026-01-11 16:45:47,Extravaganzza,1,20.99,Large,Toujours Plus
2026-01-11 16:55:24,Pêcheur,1,18.99,Large,Les Grands Classiques
2026-01-11 16:55:24,Crispy Cannibale,1,17.99,Medium,Les Originales
2026-01-11 16:55:24,Peppina Vegan,1,19.99,Large,Les Vegans
2026-01-11 16:56:39,Pepperoni Party,1,20.49,Large,Les Iconiques
2026-01-11 16:56:39,Urban Kebab,1,23.49,XL,Les Originales
2026-01-11 17:09:36,Chicken BBQ,1,15.99,Medium,Les Grands Classiques
2026-01-11 17:09:36,Pepperoni Party,1,20.49,Large,Les Iconiques
2026-01-11 17:18:14,Pêcheur,1,15.99,Medium,Les Grands Classiques
2026-01-11 17:21:49,Chicken BBQ,1,21.99,XL,Les Grands Classiques
2026-01-11 17:21:49,Cannibale,1,17.49,Medium,Les Iconiques
2026-01-11 17:29:14,Chèvre-Miel,1,21.99,XL,Les Iconiques
2026-01-11 17:35:14,Diavola Haché au bœuf,1,18.99,Large,Les Originales
2026-01-11 17:35:14,Pepperoni Party,1,23.49,XL,Les Iconiques
2026-01-11 17:35:14,Originale Pepperoni,1,18.99,XL,Les Bons Plans
2026-01-11 17:42:23,Chicken BBQ,1,18.99,Large,Les Grands Classiques
2026-01-11 17:42:23,Rocket Veggie,1,12.99,Medium,Les Gourmandes Veggies
2026-01-11 17:42:25,Hawaïenne Jambon,1,20.99,XL,Les Grands Classiques
2026-01-11 18:13:08,Ultimate Meat,1,17.99,Medium,Toujours Plus
2026-01-11 18:13:08,Originale Pepperoni,1,12.99,Medium,Les Bons Plans
2026-01-11 18:13:12,Pepperoni Party,1,20.49,Large,Les Iconiques
2026-01-11 18:13:12,Royale Veggie,1,21.99,XL,Les Gourmandes Veggies
2026-01-11 18:13:12,Crispy Cannibale,1,23.99,XL,Les Originales
2026-01-11 18:13:12,Kebab and Spicy,1,18.99,Large,Les Originales
2026-01-11 18:40:44,Forestière,1,23.49,XL,Les Grands Classiques
2026-01-11 18:40:44,Royale Veggie,1,21.99,XL,Les Gourmandes Veggies
2026-01-11 18:46:25,Forestière,1,17.49,Medium,Les Grands Classiques
2026-01-11 18:46:25,Beef and Cheddar,1,20.99,Large,Éditions Limitées
2026-01-11 19:18:42,Bacon Groovy,1,17.49,Medium,Les Iconiques
2026-01-11 19:18:46,Super Veggie,1,20.49,Large,Les Gourmandes Veggies
2026-01-11 19:18:46,Kebab and Spicy,1,21.99,XL,Les Originales
2026-01-11 19:28:13,Beef and Cheddar,1,23.99,XL,Éditions Limitées
2026-01-11 19:28:13,Hawaïenne Poulet,1,17.99,Large,Les Grands Classiques
2026-01-11 19:33:05,Bacon Groovy,1,20.49,Large,Les Iconiques
2026-01-11 19:33:05,Royale Veggie,1,21.99,XL,Les Gourmandes Veggies
2026-01-11 19:33:05,Cannibale,1,17.49,Medium,Les Iconiques
2026-01-11 19:33:05,Margherita,1,15.99,Large,Les Bons Plans
2026-01-11 19:33:19,Pêcheur,1,21.99,XL,Les Grands Classiques
2026-01-11 19:44:57,Royale Veggie,1,21.99,XL,Les Gourmandes Veggies
2026-01-11 19:44:57,Peppina Vegan,1,19.99,Large,Les Vegans
2026-01-11 19:51:09,Crispy Cannibale,1,23.99,XL,Les Originales
2026-01-11 19:52:49,Royale Veggie,1,15.99,Medium,Les Gourmandes Veggies
2026-01-11 19:52:49,Pêcheur,1,18.99,Large,Les Grands Classiques
2026-01-11 19:52:49,Kebab and Spicy,2,37.98,Large,Les Originales
2026-01-11 20:31:02,4 Fromages,1,17.49,Medium,Les Iconiques
2026-01-11 20:31:02,Chèvre-Miel,1,18.99,Large,Les Iconiques
2026-01-11 20:31:02,Pepperoni Party,1,23.49,XL,Les Iconiques
2026-01-11 20:31:02,Rocket Veggie,1,18.99,XL,Les Gourmandes Veggies
2026-01-11 21:07:30,Bacon Groovy,1,17.49,Medium,Les Iconiques
2026-01-11 21:07:30,Urban Kebab,1,20.49,Large,Les Originales
2026-01-11 21:29:50,Crispy Cannibale,1,23.99,XL,Les Originales
2026-01-12 11:38:15,Pepperoni Party,1,23.49,XL,Les Iconiques
2026-01-12 11:39:08,Bacon Groovy,1,23.49,XL,Les Iconiques
2026-01-12 11:39:08,Peppina,1,16.99,Medium,Les Gourmandes Veggies
2026-01-12 11:39:08,Crispy Cannibale,1,20.99,Large,Les Originales
2026-01-12 12:01:23,Chèvre-Miel,1,21.99,XL,Les Iconiques
2026-01-12 12:11:46,Beef and Cheddar,1,23.99,XL,Éditions Limitées
2026-01-12 12:13:07,Ultimate Meat,1,17.99,Medium,Toujours Plus
2026-01-12 12:21:09,Peppina,1,19.99,Large,Les Gourmandes Veggies
2026-01-12 12:26:41,Kebab and Spicy,1,21.99,XL,Les Originales
2026-01-12 12:26:41,Chicken and Cheddar,1,20.49,Large,Éditions Limitées
2026-01-12 12:33:22,Hawaïenne Poulet,1,20.99,XL,Les Grands Classiques
2026-01-12 12:33:22,Hawaïenne Poulet,1,17.99,Large,Les Grands Classiques
2026-01-12 12:42:10,Originale Pepperoni,1,15.99,Large,Les Bons Plans
2026-01-12 12:45:53,Chicken BBQ,1,21.99,XL,Les Grands Classiques
2026-01-12 12:53:37,Chicken Delight,1,18.99,Large,Les Originales
2026-01-12 12:53:37,Peppina,1,19.99,Large,Les Gourmandes Veggies
2026-01-12 13:04:24,Chicken BBQ,1,21.99,XL,Les Grands Classiques
2026-01-12 13:04:24,Ultimate Meat,1,17.99,Medium,Toujours Plus
2026-01-12 13:04:24,Super Veggie,1,20.49,Large,Les Gourmandes Veggies
2026-01-12 13:04:24,Forestière,1,17.49,Medium,Les Grands Classiques
2026-01-12 13:30:47,Peppina,1,22.99,XL,Les Gourmandes Veggies
2026-01-12 13:30:47,Diavola Pepperoni,1,18.99,Large,Les Originales
2026-01-12 13:30:47,Originale Pepperoni,1,18.99,XL,Les Bons Plans
2026-01-12 13:33:06,Algérienne,1,15.99,Medium,Les Grands Classiques
2026-01-12 13:49:40,Cannibale,1,20.49,Large,Les Iconiques
2026-01-12 13:49:40,Kebab and Spicy,1,15.99,Medium,Les Originales
2026-01-12 13:58:56,Extravaganzza,1,20.99,Large,Toujours Plus
2026-01-12 13:58:56,Cheesy and Veggie,1,14.99,Medium,Les Gourmandes Veggies
2026-01-12 14:08:16,Ultimate Meat,1,17.99,Medium,Toujours Plus
2026-01-12 14:08:16,Diavola Pepperoni,1,21.99,XL,Les Originales
2026-01-12 14:08:16,Hawaïenne Poulet,1,20.99,XL,Les Grands Classiques
2026-01-12 14:27:03,Originale Pepperoni,1,12.99,Medium,Les Bons Plans
2026-01-12 14:31:13,4 Fromages,1,17.49,Medium,Les Iconiques
2026-01-12 14:31:13,Bacon Groovy,1,17.49,Medium,Les Iconiques
2026-01-12 14:31:13,Forestière,1,23.49,XL,Les Grands Classiques
2026-01-12 14:31:13,Crispy Cannibale,1,17.99,Medium,Les Originales
2026-01-12 14:31:13,Urban Kebab,1,17.49,Medium,Les Originales
2026-01-12 14:33:39,Hawaïenne Jambon,1,14.99,Medium,Les Grands Classiques
2026-01-12 14:33:39,Cannibale,1,17.49,Medium,Les Iconiques
2026-01-12 14:38:35,Chicken BBQ,1,15.99,Medium,Les Grands Classiques
2026-01-12 14:38:35,Urban Kebab,1,17.49,Medium,Les Originales
2026-01-12 15:08:01,Crispy Cannibale,1,17.99,Medium,Les Originales
2026-01-12 15:28:25,Diavola Haché au bœuf,1,18.99,Large,Les Originales
2026-01-12 15:28:25,Rocket Veggie,1,18.99,XL,Les Gourmandes Veggies
2026-01-12 15:31:00,Super Veggie,1,17.49,Medium,Les Gourmandes Veggies
2026-01-12 15:31:00,Pepperoni Party,1,20.49,Large,Les Iconiques
2026-01-12 15:31:00,Algérienne,1,18.99,Large,Les Grands Classiques
2026-01-12 15:39:04,Chicken Delight,1,15.99,Medium,Les Originales
2026-01-12 15:39:04,Pêcheur,1,21.99,XL,Les Grands Classiques
2026-01-12 15:41:32,Chicken BBQ,1,18.99,Large,Les Grands Classiques
2026-01-12 15:41:32,Crispy Cannibale,1,23.99,XL,Les Originales
2026-01-12 15:41:32,Algérienne,1,21.99,XL,Les Grands Classiques
2026-01-12 15:52:44,Chèvre-Miel,1,21.99,XL,Les Iconiques
2026-01-12 15:53:56,Chicken BBQ,1,15.99,Medium,Les Grands Classiques
2026-01-12 15:59:52,Hawaïenne Jambon,1,20.99,XL,Les Grands Classiques
2026-01-12 15:59:52,Algérienne,1,21.99,XL,Les Grands Classiques
2026-01-12 15:59:52,Steak and Cheese,1,14.99,Medium,Les Grands Classiques
2026-01-12 15:59:52,Steak and Cheese,1,20.99,XL,Les Grands Classiques
2026-01-12 16:21:10,Indienne,1,18.99,Large,Les Grands Classiques
2026-01-12 16:21:10,Royale Veggie,1,21.99,XL,Les Gourmandes Veggies
2026-01-12 16:21:10,Diavola Pepperoni,1,18.99,Large,Les Originales
2026-01-12 16:21:10,Urban Kebab,1,23.49,XL,Les Originales
2026-01-12 16:22:18,Peppina,1,22.99,XL,Les Gourmandes Veggies
2026-01-12 16:31:56,Divine 3 Fromages,1,21.99,XL,Éditions Limitées
2026-01-12 16:31:56,Rocket Veggie,1,12.99,Medium,Les Gourmandes Veggies
2026-01-12 16:55:08,Extravaganzza,1,20.99,Large,Toujours Plus
2026-01-12 16:55:08,Hawaïenne Jambon,1,20.99,XL,Les Grands Classiques
2026-01-12 16:55:08,Hawaïenne Jambon,1,14.99,Medium,Les Grands Classiques
2026-01-12 16:55:08,Forestière,1,23.49,XL,Les Grands Classiques
2026-01-12 17:05:33,Originale Pepperoni,1,15.99,Large,Les Bons Plans
2026-01-12 17:05:33,Crispy Cannibale,1,20.99,Large,Les Originales
2026-01-12 17:05:33,Margherita,1,15.99,Large,Les Bons Plans
2026-01-12 17:06:05,Ultimate Meat,1,17.99,Medium,Toujours Plus
2026-01-12 17:24:44,Chicken BBQ,1,18.99,Large,Les Grands Classiques
2026-01-12 17:24:44,Algérienne,1,21.99,XL,Les Grands Classiques
2026-01-12 17:46:30,Chicken Delight,1,18.99,Large,Les Originales
2026-01-12 17:46:30,Algérienne,1,21.99,XL,Les Grands Classiques
2026-01-12 17:52:27,Chicken BBQ,1,21.99,XL,Les Grands Classiques
2026-01-12 17:52:27,Royale Veggie,1,15.99,Medium,Les Gourmandes Veggies
2026-01-12 17:53:59,Super Veggie,1,20.49,Large,Les Gourmandes Veggies
2026-01-12 17:53:59,Pêcheur,1,21.99,XL,Les Grands Classiques
2026-01-12 17:53:59,Diavola Pepperoni,1,18.99,Large,Les Originales
2026-01-12 17:53:59,Urban Kebab,1,20.49,Large,Les Originales
2026-01-12 18:17:15,Extravaganzza,1,17.99,Medium,Toujours Plus
2026-01-12 18:17:15,Kebab and Spicy,1,21.99,XL,Les Originales
2026-01-12 18:20:58,Pêcheur,1,21.99,XL,Les Grands Classiques
2026-01-12 18:20:58,Cheesy and Veggie,1,14.99,Medium,Les Gourmandes Veggies
2026-01-12 18:21:04,Chicken BBQ,1,21.99,XL,Les Grands Classiques
2026-01-12 18:21:04,Originale Pepperoni,1,12.99,Medium,Les Bons Plans
2026-01-12 18:24:47,Ultimate Meat,1,17.99,Medium,Toujours Plus
2026-01-12 18:24:47,Super Veggie,1,20.49,Large,Les Gourmandes Veggies
2026-01-12 18:24:47,Algérienne,2,43.98,XL,Les Grands Classiques
2026-01-12 18:33:14,Ultimate Meat,1,17.99,Medium,Toujours Plus
2026-01-12 18:33:14,Royale Veggie,1,15.99,Medium,Les Gourmandes Veggies
2026-01-12 18:33:14,Hawaïenne Poulet,1,20.99,XL,Les Grands Classiques
2026-01-12 18:33:14,Steak and Cheese,1,20.99,XL,Les Grands Classiques
2026-01-12 18:34:25,Urban Kebab,1,17.49,Medium,Les Originales
2026-01-12 18:44:57,Urban Kebab,1,17.49,Medium,Les Originales
2026-01-12 18:53:17,Algérienne,1,18.99,Large,Les Grands Classiques
2026-01-12 18:53:17,Hawaïenne Poulet,1,14.99,Medium,Les Grands Classiques
2026-01-12 18:53:17,Steak and Cheese,1,17.99,Large,Les Grands Classiques
2026-01-12 19:20:41,Extravaganzza,1,20.99,Large,Toujours Plus
2026-01-12 19:20:41,Hawaïenne Jambon,1,20.99,XL,Les Grands Classiques
2026-01-12 19:20:41,Urban Kebab,1,17.49,Medium,Les Originales
2026-01-12 19:22:00,Pepperoni Party,1,20.49,Large,Les Iconiques
2026-01-12 19:27:47,Urban Kebab,1,20.49,Large,Les Originales
2026-01-12 19:27:47,Peppina Vegan,1,16.99,Medium,Les Vegans
2026-01-12 19:30:17,Margherita,1,18.99,XL,Les Bons Plans
2026-01-12 19:57:36,Chicken Delight,1,15.99,Medium,Les Originales
2026-01-12 19:57:36,Forestière,1,23.49,XL,Les Grands Classiques
2026-01-12 19:57:36,Originale Pepperoni,1,12.99,Medium,Les Bons Plans
2026-01-12 19:57:36,Hawaïenne Poulet,1,20.99,XL,Les Grands Classiques
2026-01-12 20:00:30,Originale Pepperoni,1,12.99,Medium,Les Bons Plans
2026-01-12 20:35:34,Bacon Groovy,1,17.49,Medium,Les Iconiques
2026-01-12 20:35:34,Diavola Pepperoni,1,18.99,Large,Les Originales
2026-01-12 20:35:34,Diavola Pepperoni,1,15.99,Medium,Les Originales
2026-01-12 21:35:14,Divine 3 Fromages,1,21.99,XL,Éditions Limitées
2026-01-12 21:35:14,Peppina Vegan,1,16.99,Medium,Les Vegans
2026-01-13 11:31:34,Chicken BBQ,1,18.99,Large,Les Grands Classiques
2026-01-13 11:31:34,Hawaïenne Poulet,1,17.99,Large,Les Grands Classiques
2026-01-13 12:16:47,Algérienne,1,18.99,Large,Les Grands Classiques
2026-01-13 12:19:38,Ultimate Meat,1,17.99,Medium,Toujours Plus
2026-01-13 12:29:51,Chicken Delight,1,18.99,Large,Les Originales
2026-01-13 12:29:51,Bacon Groovy,1,23.49,XL,Les Iconiques
2026-01-13 12:29:51,Divine 3 Fromages,2,43.98,XL,Éditions Limitées
2026-01-13 12:29:51,Chèvre-Miel,1,21.99,XL,Les Iconiques
2026-01-13 12:29:51,Forestière,2,46.98,XL,Les Grands Classiques
2026-01-13 12:29:51,Pepperoni Party,1,20.49,Large,Les Iconiques
2026-01-13 12:29:51,Pêcheur,1,21.99,XL,Les Grands Classiques
2026-01-13 12:29:51,Cannibale,1,20.49,Large,Les Iconiques
2026-01-13 12:29:51,Urban Kebab,1,23.49,XL,Les Originales
2026-01-13 12:29:51,Margherita,1,18.99,XL,Les Bons Plans
2026-01-13 12:29:51,Margherita,1,15.99,Large,Les Bons Plans
2026-01-13 12:29:51,Margherita,1,12.99,Medium,Les Bons Plans
2026-01-13 12:29:51,Steak and Cheese,1,20.99,XL,Les Grands Classiques
2026-01-13 12:49:09,Pêcheur,1,18.99,Large,Les Grands Classiques
2026-01-13 12:53:01,Chicken BBQ,1,21.99,XL,Les Grands Classiques
2026-01-13 13:08:32,Pêcheur,1,21.99,XL,Les Grands Classiques
2026-01-13 13:34:48,Crispy Cannibale,1,20.99,Large,Les Originales
2026-01-13 13:36:53,Chicken BBQ,1,21.99,XL,Les Grands Classiques
2026-01-13 13:36:53,Chicken Delight,1,18.99,Large,Les Originales
2026-01-13 13:36:53,Extravaganzza,1,20.99,Large,Toujours Plus
2026-01-13 13:36:53,Chèvre-Miel,1,18.99,Large,Les Iconiques
2026-01-13 13:36:53,Rocket Veggie,1,15.99,Large,Les Gourmandes Veggies
2026-01-13 13:36:53,Pêcheur,1,21.99,XL,Les Grands Classiques
2026-01-13 13:36:53,Steak and Cheese,1,17.99,Large,Les Grands Classiques
2026-01-13 13:41:13,Kebab and Spicy,1,21.99,XL,Les Originales
2026-01-13 13:41:13,Peppina Vegan,1,19.99,Large,Les Vegans
2026-01-13 14:15:02,Royale Veggie,1,21.99,XL,Les Gourmandes Veggies
2026-01-13 14:15:02,Urban Kebab,1,17.49,Medium,Les Originales
2026-01-13 14:15:02,Kebab and Spicy,1,21.99,XL,Les Originales
2026-01-13 14:27:31,Divine 3 Fromages,1,21.99,XL,Éditions Limitées
2026-01-13 14:29:23,Originale Pepperoni,1,15.99,Large,Les Bons Plans
2026-01-13 14:48:09,Diavola Pepperoni,1,18.99,Large,Les Originales
2026-01-13 15:07:35,Diavola Haché au bœuf,1,21.99,XL,Les Originales
2026-01-13 15:07:35,Hawaïenne Jambon,1,14.99,Medium,Les Grands Classiques
2026-01-13 15:07:35,Pêcheur,1,15.99,Medium,Les Grands Classiques
2026-01-13 15:07:35,Peppina Vegan,1,19.99,Large,Les Vegans
2026-01-13 15:19:25,Hawaïenne Jambon,1,14.99,Medium,Les Grands Classiques
2026-01-13 15:19:25,Beef and Cheddar,1,17.99,Medium,Éditions Limitées
2026-01-13 15:22:11,Super Veggie,1,17.49,Medium,Les Gourmandes Veggies
2026-01-13 15:22:11,Hawaïenne Jambon,1,14.99,Medium,Les Grands Classiques
2026-01-13 15:22:11,Pepperoni Party,1,20.49,Large,Les Iconiques
2026-01-13 15:22:11,Cannibale,1,23.49,XL,Les Iconiques
2026-01-13 15:47:56,Diavola Pepperoni,1,18.99,Large,Les Originales
2026-01-13 15:47:56,Algérienne,1,21.99,XL,Les Grands Classiques
2026-01-13 15:50:49,Chicken BBQ,1,18.99,Large,Les Grands Classiques
2026-01-13 15:50:49,Chèvre-Miel,1,18.99,Large,Les Iconiques
2026-01-13 15:55:11,Bacon Groovy,1,17.49,Medium,Les Iconiques
2026-01-13 15:55:11,Cheesy and Veggie,1,17.99,Large,Les Gourmandes Veggies
2026-01-13 15:55:11,Peppina Vegan,1,16.99,Medium,Les Vegans
2026-01-13 16:10:34,Pêcheur,1,21.99,XL,Les Grands Classiques
2026-01-13 16:10:34,Originale Pepperoni,1,15.99,Large,Les Bons Plans
2026-01-13 16:10:34,Kebab and Spicy,1,21.99,XL,Les Originales
2026-01-13 16:10:34,Peppina Vegan,1,19.99,Large,Les Vegans
2026-01-13 16:14:43,Chèvre-Miel,1,18.99,Large,Les Iconiques
2026-01-13 16:14:43,Cannibale,1,17.49,Medium,Les Iconiques
2026-01-13 16:14:56,Diavola Haché au bœuf,1,21.99,XL,Les Originales
2026-01-13 16:27:40,Chicken Delight,1,15.99,Medium,Les Originales
2026-01-13 16:30:20,Urban Kebab,1,17.49,Medium,Les Originales
2026-01-13 16:30:20,Beef and Cheddar,1,20.99,Large,Éditions Limitées
2026-01-13 16:36:36,Forestière,1,23.49,XL,Les Grands Classiques
2026-01-13 16:36:36,Beef and Cheddar,1,23.99,XL,Éditions Limitées
2026-01-13 16:36:36,Hawaïenne Poulet,1,20.99,XL,Les Grands Classiques
2026-01-13 16:36:36,Steak and Cheese,1,20.99,XL,Les Grands Classiques
2026-01-13 16:38:57,Extravaganzza,1,20.99,Large,Toujours Plus
2026-01-13 16:39:39,Pepperoni Party,1,20.49,Large,Les Iconiques
2026-01-13 16:39:39,Steak and Cheese,1,20.99,XL,Les Grands Classiques
2026-01-13 17:11:41,Chicken Delight,1,15.99,Medium,Les Originales
2026-01-13 17:11:41,Forestière,1,23.49,XL,Les Grands Classiques
2026-01-13 17:11:41,Crispy Cannibale,1,17.99,Medium,Les Originales
2026-01-13 17:11:41,Urban Kebab,1,17.49,Medium,Les Originales
2026-01-13 17:21:45,Peppina,1,16.99,Medium,Les Gourmandes Veggies
2026-01-13 17:21:45,Royale Veggie,1,18.99,Large,Les Gourmandes Veggies
2026-01-13 17:21:45,Algérienne,1,21.99,XL,Les Grands Classiques
2026-01-13 17:21:48,Extravaganzza,1,23.99,XL,Toujours Plus
2026-01-13 17:23:34,4 Fromages,1,17.49,Medium,Les Iconiques
2026-01-13 17:43:17,Chèvre-Miel,1,18.99,Large,Les Iconiques
2026-01-13 17:44:13,Crispy Cannibale,1,23.99,XL,Les Originales
2026-01-13 17:44:13,Urban Kebab,1,17.49,Medium,Les Originales
2026-01-13 17:59:32,Chicken Delight,1,18.99,Large,Les Originales
2026-01-13 17:59:32,Urban Kebab,1,17.49,Medium,Les Originales
2026-01-13 18:07:59,Peppina,1,19.99,Large,Les Gourmandes Veggies
2026-01-13 18:18:15,Extravaganzza,1,20.99,Large,Toujours Plus
2026-01-13 18:18:15,Diavola Pepperoni,1,21.99,XL,Les Originales
2026-01-13 18:31:07,Bacon Groovy,1,23.49,XL,Les Iconiques
2026-01-13 18:31:07,Margherita,1,12.99,Medium,Les Bons Plans
2026-01-13 18:42:12,Chicken BBQ,1,21.99,XL,Les Grands Classiques
2026-01-13 18:42:12,Divine 3 Fromages,1,21.99,XL,Éditions Limitées
2026-01-13 18:42:12,Diavola Pepperoni,1,15.99,Medium,Les Originales
2026-01-13 18:42:12,Cannibale,1,20.49,Large,Les Iconiques
2026-01-13 18:50:43,Margherita,1,12.99,Medium,Les Bons Plans
2026-01-13 18:50:43,Hawaïenne Poulet,2,41.98,XL,Les Grands Classiques
2026-01-13 19:10:20,Chicken BBQ,1,21.99,XL,Les Grands Classiques
2026-01-13 19:10:20,Steak and Cheese,1,17.99,Large,Les Grands Classiques
2026-01-13 19:18:08,Chèvre-Miel,1,18.99,Large,Les Iconiques
2026-01-13 19:18:08,Pepperoni Party,1,20.49,Large,Les Iconiques
2026-01-13 19:18:08,Cannibale,1,20.49,Large,Les Iconiques
2026-01-13 19:18:08,Algérienne,1,18.99,Large,Les Grands Classiques
2026-01-13 19:19:58,Extravaganzza,1,20.99,Large,Toujours Plus
2026-01-13 19:19:58,Forestière,1,20.49,Large,Les Grands Classiques
2026-01-13 19:19:58,Pepperoni Party,1,23.49,XL,Les Iconiques
2026-01-13 19:19:58,Pepperoni Party,1,20.49,Large,Les Iconiques
2026-01-13 20:12:49,Ultimate Meat,1,17.99,Medium,Toujours Plus
2026-01-13 20:12:49,Forestière,1,23.49,XL,Les Grands Classiques
2026-01-13 20:31:17,Forestière,1,23.49,XL,Les Grands Classiques
2026-01-13 20:31:17,Algérienne,1,21.99,XL,Les Grands Classiques
2026-01-13 20:31:17,Algérienne,1,18.99,Large,Les Grands Classiques
2026-01-13 20:31:17,Peppina Vegan,1,22.99,XL,Les Vegans
2026-01-13 20:36:27,Diavola Haché au bœuf,1,21.99,XL,Les Originales
2026-01-13 20:36:27,Hawaïenne Poulet,1,20.99,XL,Les Grands Classiques
2026-01-13 21:17:08,Margherita,1,15.99,Large,Les Bons Plans
2026-01-13 21:17:08,Hawaïenne Poulet,1,20.99,XL,Les Grands Classiques
2026-01-13 21:17:08,Peppina Vegan,1,19.99,Large,Les Vegans
2026-01-13 21:39:41,Pêcheur,1,18.99,Large,Les Grands Classiques
2026-01-14 11:28:44,Hawaïenne Jambon,1,20.99,XL,Les Grands Classiques
2026-01-14 11:28:44,Algérienne,1,21.99,XL,Les Grands Classiques
2026-01-14 11:35:30,Divine 3 Fromages,1,21.99,XL,Éditions Limitées
2026-01-14 11:45:30,Chicken Delight,1,18.99,Large,Les Originales
2026-01-14 11:45:30,Kebab and Spicy,1,21.99,XL,Les Originales
2026-01-14 11:46:19,Urban Kebab,1,17.49,Medium,Les Originales
2026-01-14 11:51:37,Margherita,1,18.99,XL,Les Bons Plans
2026-01-14 12:07:30,Divine 3 Fromages,1,21.99,XL,Éditions Limitées
2026-01-14 12:07:30,Chicken and Cheddar,1,23.49,XL,Éditions Limitées
2026-01-14 12:23:54,Originale Pepperoni,1,12.99,Medium,Les Bons Plans
2026-01-14 12:23:54,Hawaïenne Poulet,1,17.99,Large,Les Grands Classiques
2026-01-14 12:37:48,Indienne,1,18.99,Large,Les Grands Classiques
2026-01-14 12:37:48,Chèvre-Miel,1,21.99,XL,Les Iconiques
2026-01-14 12:37:48,Peppina,1,19.99,Large,Les Gourmandes Veggies
2026-01-14 12:37:48,Royale Veggie,1,21.99,XL,Les Gourmandes Veggies
2026-01-14 12:37:48,Cannibale,1,17.49,Medium,Les Iconiques
2026-01-14 12:37:48,Cheesy and Veggie,2,41.98,XL,Les Gourmandes Veggies
2026-01-14 12:37:48,Peppina Vegan,1,19.99,Large,Les Vegans
2026-01-14 12:38:27,Cannibale,1,23.49,XL,Les Iconiques
2026-01-14 12:39:16,Pêcheur,1,18.99,Large,Les Grands Classiques
2026-01-14 12:42:17,Divine 3 Fromages,1,21.99,XL,Éditions Limitées
2026-01-14 12:43:09,Royale Veggie,1,18.99,Large,Les Gourmandes Veggies
2026-01-14 12:50:01,Crispy Cannibale,1,20.99,Large,Les Originales
2026-01-14 12:50:01,Cannibale,1,20.49,Large,Les Iconiques
2026-01-14 12:50:01,Peppina Vegan,1,19.99,Large,Les Vegans
2026-01-14 12:50:30,Divine 3 Fromages,1,21.99,XL,Éditions Limitées
2026-01-14 12:50:30,Super Veggie,1,17.49,Medium,Les Gourmandes Veggies
2026-01-14 12:50:30,Beef and Cheddar,1,17.99,Medium,Éditions Limitées
2026-01-14 12:50:30,Margherita,1,15.99,Large,Les Bons Plans
2026-01-14 12:51:29,Pepperoni Party,1,20.49,Large,Les Iconiques
2026-01-14 12:51:29,Diavola Pepperoni,1,15.99,Medium,Les Originales
2026-01-14 12:51:29,Hawaïenne Poulet,1,17.99,Large,Les Grands Classiques
2026-01-14 12:54:35,Diavola Haché au bœuf,2,43.98,XL,Les Originales
2026-01-14 12:54:35,Hawaïenne Jambon,1,14.99,Medium,Les Grands Classiques
2026-01-14 12:54:35,Peppina,1,16.99,Medium,Les Gourmandes Veggies
2026-01-14 12:54:35,Pêcheur,1,15.99,Medium,Les Grands Classiques
2026-01-14 12:54:35,Algérienne,2,31.98,Medium,Les Grands Classiques
2026-01-14 12:54:35,Kebab and Spicy,1,21.99,XL,Les Originales
2026-01-14 13:10:53,Chicken BBQ,1,18.99,Large,Les Grands Classiques
2026-01-14 13:10:53,Extravaganzza,1,23.99,XL,Toujours Plus
2026-01-14 13:10:53,Extravaganzza,1,17.99,Medium,Toujours Plus
2026-01-14 13:10:53,Pepperoni Party,1,20.49,Large,Les Iconiques
2026-01-14 13:10:53,Pêcheur,1,21.99,XL,Les Grands Classiques
2026-01-14 13:10:53,Urban Kebab,1,23.49,XL,Les Originales
2026-01-14 13:10:53,Urban Kebab,2,34.98,Medium,Les Originales
2026-01-14 13:10:53,Algérienne,1,21.99,XL,Les Grands Classiques
2026-01-14 13:10:53,Algérienne,1,15.99,Medium,Les Grands Classiques
2026-01-14 13:10:53,Cheesy and Veggie,1,20.99,XL,Les Gourmandes Veggies
2026-01-14 13:10:53,Chicken and Cheddar,1,23.49,XL,Éditions Limitées
2026-01-14 13:10:53,Hawaïenne Poulet,1,20.99,XL,Les Grands Classiques
2026-01-14 13:23:47,Indienne,1,15.99,Medium,Les Grands Classiques
2026-01-14 13:23:47,Hawaïenne Jambon,1,14.99,Medium,Les Grands Classiques
2026-01-14 13:37:51,Pepperoni Party,1,20.49,Large,Les Iconiques
2026-01-14 13:42:01,Cannibale,1,17.49,Medium,Les Iconiques
2026-01-14 14:07:52,Ultimate Meat,1,17.99,Medium,Toujours Plus
2026-01-14 14:07:52,Chèvre-Miel,1,18.99,Large,Les Iconiques
2026-01-14 14:12:22,Chicken BBQ,1,21.99,XL,Les Grands Classiques
2026-01-14 14:15:29,Ultimate Meat,1,17.99,Medium,Toujours Plus
2026-01-14 14:15:32,Crispy Cannibale,2,47.98,XL,Les Originales
2026-01-14 14:26:17,Hawaïenne Jambon,1,14.99,Medium,Les Grands Classiques
2026-01-14 14:48:30,Peppina,1,19.99,Large,Les Gourmandes Veggies
2026-01-14 14:48:56,Peppina Vegan,1,19.99,Large,Les Vegans
2026-01-14 15:37:45,Diavola Haché au bœuf,1,15.99,Medium,Les Originales
2026-01-14 15:37:45,Diavola Pepperoni,1,18.99,Large,Les Originales
2026-01-14 16:09:29,Chicken Delight,1,15.99,Medium,Les Originales
2026-01-14 16:09:29,Algérienne,1,21.99,XL,Les Grands Classiques
2026-01-14 16:21:23,Extravaganzza,1,17.99,Medium,Toujours Plus
2026-01-14 16:21:23,Peppina Vegan,1,22.99,XL,Les Vegans
2026-01-14 16:38:00,Pêcheur,1,21.99,XL,Les Grands Classiques
2026-01-14 17:04:08,Algérienne,1,21.99,XL,Les Grands Classiques
2026-01-14 17:04:08,Peppina Vegan,1,22.99,XL,Les Vegans
2026-01-14 17:10:38,Extravaganzza,1,17.99,Medium,Toujours Plus
2026-01-14 17:10:38,Originale Pepperoni,1,15.99,Large,Les Bons Plans
2026-01-14 17:10:38,Algérienne,1,21.99,XL,Les Grands Classiques
2026-01-14 17:10:38,Hawaïenne Poulet,1,20.99,XL,Les Grands Classiques
2026-01-14 17:15:50,Diavola Pepperoni,1,15.99,Medium,Les Originales
2026-01-14 17:15:50,Urban Kebab,1,23.49,XL,Les Originales
2026-01-14 17:15:50,Urban Kebab,1,17.49,Medium,Les Originales
2026-01-14 17:21:39,Chicken BBQ,1,18.99,Large,Les Grands Classiques
2026-01-14 17:21:39,Urban Kebab,1,17.49,Medium,Les Originales
2026-01-14 17:24:09,Algérienne,1,21.99,XL,Les Grands Classiques
2026-01-14 17:24:09,Chicken and Cheddar,1,23.49,XL,Éditions Limitées
2026-01-14 17:37:26,Divine 3 Fromages,1,21.99,XL,Éditions Limitées
2026-01-14 17:38:53,Steak and Cheese,1,20.99,XL,Les Grands Classiques
2026-01-14 17:42:17,Chicken BBQ,1,18.99,Large,Les Grands Classiques
2026-01-14 17:42:17,Chicken Delight,1,18.99,Large,Les Originales
2026-01-14 17:42:17,Steak and Cheese,1,20.99,XL,Les Grands Classiques
2026-01-14 17:53:41,Chicken Delight,1,21.99,XL,Les Originales
2026-01-14 17:53:41,Extravaganzza,1,23.99,XL,Toujours Plus
2026-01-14 17:53:41,Pepperoni Party,1,17.49,Medium,Les Iconiques
2026-01-14 17:53:41,Urban Kebab,1,23.49,XL,Les Originales
2026-01-14 18:06:06,Divine 3 Fromages,1,21.99,XL,Éditions Limitées
2026-01-14 18:06:06,Urban Kebab,1,17.49,Medium,Les Originales
2026-01-14 18:06:14,Bacon Groovy,1,23.49,XL,Les Iconiques
2026-01-14 18:06:14,Pepperoni Party,1,23.49,XL,Les Iconiques
2026-01-14 18:06:14,Originale Pepperoni,1,18.99,XL,Les Bons Plans
2026-01-14 18:09:48,Indienne,1,18.99,Large,Les Grands Classiques
2026-01-14 18:09:48,Pêcheur,1,21.99,XL,Les Grands Classiques
2026-01-14 18:23:55,Bacon Groovy,1,23.49,XL,Les Iconiques
2026-01-14 18:23:55,Crispy Cannibale,1,23.99,XL,Les Originales
2026-01-14 18:27:42,Pêcheur,1,18.99,Large,Les Grands Classiques
2026-01-14 18:27:42,Crispy Cannibale,1,20.99,Large,Les Originales
2026-01-14 18:27:42,Kebab and Spicy,1,15.99,Medium,Les Originales
2026-01-14 18:27:42,Chicken and Cheddar,1,17.49,Medium,Éditions Limitées
2026-01-14 18:38:17,Hawaïenne Jambon,1,17.99,Large,Les Grands Classiques
2026-01-14 18:38:17,Pepperoni Party,1,20.49,Large,Les Iconiques
2026-01-14 18:38:17,Originale Pepperoni,1,15.99,Large,Les Bons Plans
2026-01-14 18:38:20,Diavola Haché au bœuf,1,21.99,XL,Les Originales
2026-01-14 18:38:20,Bacon Groovy,1,23.49,XL,Les Iconiques
2026-01-14 18:38:20,Bacon Groovy,1,20.49,Large,Les Iconiques
2026-01-14 18:38:20,Extravaganzza,1,20.99,Large,Toujours Plus
2026-01-14 18:47:06,Hawaïenne Jambon,1,20.99,XL,Les Grands Classiques
2026-01-14 19:07:45,Ultimate Meat,1,17.99,Medium,Toujours Plus
2026-01-14 19:07:45,Pêcheur,1,15.99,Medium,Les Grands Classiques
2026-01-14 19:25:16,Bacon Groovy,1,23.49,XL,Les Iconiques
2026-01-14 19:25:16,Originale Pepperoni,1,12.99,Medium,Les Bons Plans
2026-01-14 19:25:16,Cannibale,1,17.49,Medium,Les Iconiques
2026-01-14 19:25:16,Margherita,1,18.99,XL,Les Bons Plans
2026-01-14 19:56:01,Chicken BBQ,1,21.99,XL,Les Grands Classiques
2026-01-14 19:56:01,Chicken BBQ,1,15.99,Medium,Les Grands Classiques
2026-01-14 19:56:01,Originale Pepperoni,1,15.99,Large,Les Bons Plans
2026-01-14 19:56:01,Algérienne,1,21.99,XL,Les Grands Classiques
2026-01-14 20:08:08,Divine 3 Fromages,1,21.99,XL,Éditions Limitées
2026-01-14 20:08:08,Chèvre-Miel,1,21.99,XL,Les Iconiques
2026-01-14 20:08:08,Hawaïenne Jambon,1,14.99,Medium,Les Grands Classiques
2026-01-14 20:08:08,Steak and Cheese,1,20.99,XL,Les Grands Classiques
2026-01-14 20:12:27,Pepperoni Party,1,20.49,Large,Les Iconiques
2026-01-14 20:33:57,Indienne,1,18.99,Large,Les Grands Classiques
2026-01-14 20:33:57,Pepperoni Party,1,20.49,Large,Les Iconiques
2026-01-14 20:33:57,Peppina Vegan,1,19.99,Large,Les Vegans
2026-01-14 20:40:40,Royale Veggie,2,43.98,XL,Les Gourmandes Veggies
2026-01-14 20:46:12,Pepperoni Party,1,23.49,XL,Les Iconiques
2026-01-14 20:57:40,Crispy Cannibale,1,23.99,XL,Les Originales
2026-01-14 21:09:39,Cheesy and Veggie,1,14.99,Medium,Les Gourmandes Veggies
2026-01-14 21:09:39,Margherita,1,15.99,Large,Les Bons Plans
2026-01-14 21:09:39,Chicken and Cheddar,1,17.49,Medium,Éditions Limitées
2026-01-14 21:32:21,Chicken and Cheddar,1,20.49,Large,Éditions Limitées
2026-01-14 21:36:58,Peppina Vegan,1,19.99,Large,Les Vegans
2026-01-14 21:42:56,Extravaganzza,1,23.99,XL,Toujours Plus
2026-01-14 21:42:56,Divine 3 Fromages,1,21.99,XL,Éditions Limitées
2026-01-14 21:42:56,Pepperoni Party,1,20.49,Large,Les Iconiques
2026-01-14 21:42:56,Algérienne,1,21.99,XL,Les Grands Classiques
2026-01-14 22:16:24,Chicken Delight,1,21.99,XL,Les Originales
2026-01-14 22:16:24,Divine 3 Fromages,1,21.99,XL,Éditions Limitées
2026-01-15 11:37:03,Originale Pepperoni,1,15.99,Large,Les Bons Plans
2026-01-15 11:56:46,Ultimate Meat,1,17.99,Medium,Toujours Plus
2026-01-15 12:08:30,Extravaganzza,1,20.99,Large,Toujours Plus
2026-01-15 12:08:30,Urban Kebab,1,17.49,Medium,Les Originales
2026-01-15 12:08:30,Kebab and Spicy,1,21.99,XL,Les Originales
2026-01-15 12:08:30,Kebab and Spicy,1,15.99,Medium,Les Originales
2026-01-15 12:15:35,Chèvre-Miel,1,21.99,XL,Les Iconiques
2026-01-15 12:15:35,Algérienne,1,21.99,XL,Les Grands Classiques
2026-01-15 12:15:35,Hawaïenne Poulet,1,17.99,Large,Les Grands Classiques
2026-01-15 12:20:22,Chicken BBQ,1,21.99,XL,Les Grands Classiques
2026-01-15 12:33:51,Hawaïenne Poulet,1,17.99,Large,Les Grands Classiques
2026-01-15 12:36:39,Originale Pepperoni,1,15.99,Large,Les Bons Plans
2026-01-15 12:51:19,Originale Pepperoni,1,12.99,Medium,Les Bons Plans
2026-01-15 12:51:19,Beef and Cheddar,1,23.99,XL,Éditions Limitées
2026-01-15 12:56:54,Divine 3 Fromages,1,21.99,XL,Éditions Limitées
2026-01-15 12:56:54,Urban Kebab,1,20.49,Large,Les Originales
2026-01-15 12:56:54,Algérienne,1,15.99,Medium,Les Grands Classiques
2026-01-15 12:56:54,Cheesy and Veggie,1,17.99,Large,Les Gourmandes Veggies
2026-01-15 12:56:54,Peppina Vegan,1,19.99,Large,Les Vegans
2026-01-15 12:59:20,Kebab and Spicy,1,21.99,XL,Les Originales
2026-01-15 13:01:53,Pêcheur,1,15.99,Medium,Les Grands Classiques
2026-01-15 13:03:42,Crispy Cannibale,1,17.99,Medium,Les Originales
2026-01-15 13:03:42,Hawaïenne Poulet,1,20.99,XL,Les Grands Classiques
2026-01-15 13:03:42,Peppina Vegan,1,19.99,Large,Les Vegans
2026-01-15 13:05:13,Ultimate Meat,1,17.99,Medium,Toujours Plus
2026-01-15 13:05:13,Diavola Haché au bœuf,1,18.99,Large,Les Originales
2026-01-15 13:05:13,Indienne,1,18.99,Large,Les Grands Classiques
2026-01-15 13:05:13,Steak and Cheese,1,20.99,XL,Les Grands Classiques
2026-01-15 13:07:53,Urban Kebab,1,17.49,Medium,Les Originales
2026-01-15 13:07:53,Kebab and Spicy,1,18.99,Large,Les Originales
2026-01-15 13:08:44,Cannibale,1,23.49,XL,Les Iconiques
2026-01-15 13:10:45,Algérienne,1,18.99,Large,Les Grands Classiques
2026-01-15 13:12:29,Hawaïenne Poulet,1,17.99,Large,Les Grands Classiques
2026-01-15 14:04:23,Ultimate Meat,1,17.99,Medium,Toujours Plus
2026-01-15 14:04:23,Hawaïenne Jambon,1,14.99,Medium,Les Grands Classiques
2026-01-15 14:04:23,Pepperoni Party,1,23.49,XL,Les Iconiques
2026-01-15 14:04:23,Rocket Veggie,1,15.99,Large,Les Gourmandes Veggies
2026-01-15 14:04:23,Urban Kebab,1,23.49,XL,Les Originales
2026-01-15 14:04:23,Margherita,1,18.99,XL,Les Bons Plans
2026-01-15 14:04:23,Chicken and Cheddar,1,23.49,XL,Éditions Limitées
2026-01-15 14:04:23,Steak and Cheese,1,17.99,Large,Les Grands Classiques
2026-01-15 14:04:23,Peppina Vegan,1,19.99,Large,Les Vegans
2026-01-15 14:10:00,Extravaganzza,1,17.99,Medium,Toujours Plus
2026-01-15 14:18:09,Crispy Cannibale,1,20.99,Large,Les Originales
2026-01-15 14:19:28,Hawaïenne Jambon,1,20.99,XL,Les Grands Classiques
2026-01-15 14:19:28,Hawaïenne Jambon,1,14.99,Medium,Les Grands Classiques
2026-01-15 14:27:25,Beef and Cheddar,1,20.99,Large,Éditions Limitées
2026-01-15 14:31:43,Chicken and Cheddar,1,20.49,Large,Éditions Limitées
2026-01-15 14:31:43,Hawaïenne Poulet,1,20.99,XL,Les Grands Classiques
2026-01-15 14:38:31,Divine 3 Fromages,1,21.99,XL,Éditions Limitées
2026-01-15 14:38:31,Chèvre-Miel,1,18.99,Large,Les Iconiques
2026-01-15 14:45:22,Indienne,1,15.99,Medium,Les Grands Classiques
2026-01-15 14:48:37,Cannibale,1,20.49,Large,Les Iconiques
2026-01-15 15:06:15,Originale Pepperoni,1,15.99,Large,Les Bons Plans
2026-01-15 15:20:36,Diavola Pepperoni,1,15.99,Medium,Les Originales
2026-01-15 15:20:36,Algérienne,1,21.99,XL,Les Grands Classiques
2026-01-15 15:23:21,Chicken Delight,1,18.99,Large,Les Originales
2026-01-15 15:27:03,Hawaïenne Jambon,1,14.99,Medium,Les Grands Classiques
2026-01-15 15:27:03,Algérienne,1,15.99,Medium,Les Grands Classiques
2026-01-15 15:27:03,Kebab and Spicy,1,21.99,XL,Les Originales
2026-01-15 15:32:59,Chèvre-Miel,1,21.99,XL,Les Iconiques
2026-01-15 16:05:58,Chicken Delight,1,18.99,Large,Les Originales
2026-01-15 16:12:57,Algérienne,1,15.99,Medium,Les Grands Classiques
2026-01-15 16:12:57,Chicken and Cheddar,1,17.49,Medium,Éditions Limitées
2026-01-15 16:12:57,Peppina Vegan,1,19.99,Large,Les Vegans
2026-01-15 16:19:26,Originale Pepperoni,1,18.99,XL,Les Bons Plans
2026-01-15 16:19:26,Originale Pepperoni,1,12.99,Medium,Les Bons Plans
2026-01-15 16:40:04,Chicken Delight,1,18.99,Large,Les Originales
2026-01-15 16:40:04,Pepperoni Party,1,17.49,Medium,Les Iconiques
2026-01-15 16:44:46,Cannibale,1,20.49,Large,Les Iconiques
2026-01-15 16:44:46,Margherita,1,12.99,Medium,Les Bons Plans
2026-01-15 16:44:46,Hawaïenne Poulet,1,20.99,XL,Les Grands Classiques
2026-01-15 16:56:05,Chicken Delight,1,18.99,Large,Les Originales
2026-01-15 16:56:05,Extravaganzza,1,17.99,Medium,Toujours Plus
2026-01-15 16:56:05,Hawaïenne Jambon,1,14.99,Medium,Les Grands Classiques
2026-01-15 16:56:05,Cannibale,1,17.49,Medium,Les Iconiques
2026-01-15 16:57:15,Hawaïenne Jambon,1,14.99,Medium,Les Grands Classiques
2026-01-15 16:57:55,Royale Veggie,1,18.99,Large,Les Gourmandes Veggies
2026-01-15 16:57:55,Urban Kebab,1,17.49,Medium,Les Originales
2026-01-15 16:57:55,Kebab and Spicy,1,18.99,Large,Les Originales
2026-01-15 16:57:55,Steak and Cheese,1,20.99,XL,Les Grands Classiques
2026-01-15 17:05:35,Rocket Veggie,1,18.99,XL,Les Gourmandes Veggies
2026-01-15 17:05:35,Urban Kebab,1,17.49,Medium,Les Originales
2026-01-15 17:05:35,Kebab and Spicy,1,21.99,XL,Les Originales
2026-01-15 17:13:58,Originale Pepperoni,1,18.99,XL,Les Bons Plans
2026-01-15 17:13:58,Kebab and Spicy,1,18.99,Large,Les Originales
2026-01-15 17:14:27,Urban Kebab,1,20.49,Large,Les Originales
2026-01-15 17:14:27,Beef and Cheddar,1,17.99,Medium,Éditions Limitées
2026-01-15 17:27:51,Chicken BBQ,1,21.99,XL,Les Grands Classiques
2026-01-15 17:32:25,Chèvre-Miel,1,18.99,Large,Les Iconiques
2026-01-15 17:43:34,Cheesy and Veggie,1,20.99,XL,Les Gourmandes Veggies
2026-01-15 18:04:29,Chèvre-Miel,1,21.99,XL,Les Iconiques
2026-01-15 18:04:29,Rocket Veggie,1,18.99,XL,Les Gourmandes Veggies
2026-01-15 18:15:22,Chèvre-Miel,1,21.99,XL,Les Iconiques
2026-01-15 18:17:26,Pêcheur,1,15.99,Medium,Les Grands Classiques
2026-01-15 18:18:11,Chicken BBQ,1,21.99,XL,Les Grands Classiques
2026-01-15 18:18:11,Hawaïenne Jambon,1,20.99,XL,Les Grands Classiques
2026-01-15 18:18:11,Originale Pepperoni,1,12.99,Medium,Les Bons Plans
2026-01-15 18:27:28,Chicken Delight,1,21.99,XL,Les Originales
2026-01-15 18:27:28,Divine 3 Fromages,1,21.99,XL,Éditions Limitées
2026-01-15 18:53:07,Forestière,1,23.49,XL,Les Grands Classiques
2026-01-15 18:53:07,Royale Veggie,1,15.99,Medium,Les Gourmandes Veggies
2026-01-15 18:53:07,Margherita,1,18.99,XL,Les Bons Plans
2026-01-15 18:56:49,Extravaganzza,1,17.99,Medium,Toujours Plus
2026-01-15 19:06:14,Kebab and Spicy,1,21.99,XL,Les Originales
2026-01-15 19:06:14,Steak and Cheese,1,20.99,XL,Les Grands Classiques
2026-01-15 19:09:51,Originale Pepperoni,1,18.99,XL,Les Bons Plans
2026-01-15 19:09:51,Originale Pepperoni,1,12.99,Medium,Les Bons Plans
2026-01-15 19:16:11,Ultimate Meat,1,17.99,Medium,Toujours Plus
2026-01-15 19:21:00,Crispy Cannibale,1,23.99,XL,Les Originales
2026-01-15 19:27:22,Extravaganzza,1,23.99,XL,Toujours Plus
2026-01-15 19:27:22,Crispy Cannibale,1,23.99,XL,Les Originales
2026-01-15 19:27:22,Beef and Cheddar,1,23.99,XL,Éditions Limitées
2026-01-15 20:07:01,Chicken BBQ,1,18.99,Large,Les Grands Classiques
2026-01-15 20:07:01,Diavola Pepperoni,1,15.99,Medium,Les Originales
2026-01-15 20:12:06,Chicken BBQ,1,18.99,Large,Les Grands Classiques
2026-01-15 20:12:06,Peppina,1,19.99,Large,Les Gourmandes Veggies
2026-01-15 20:12:06,Peppina Vegan,1,19.99,Large,Les Vegans
2026-01-15 20:51:59,Beef and Cheddar,1,17.99,Medium,Éditions Limitées
2026-01-15 20:51:59,Algérienne,1,21.99,XL,Les Grands Classiques
2026-01-15 20:54:32,Urban Kebab,1,17.49,Medium,Les Originales
2026-01-15 21:42:32,Originale Pepperoni,1,15.99,Large,Les Bons Plans
2026-01-15 21:42:32,Hawaïenne Poulet,1,20.99,XL,Les Grands Classiques
2026-01-16 11:19:25,Chicken BBQ,1,21.99,XL,Les Grands Classiques
2026-01-16 11:19:25,Peppina,1,19.99,Large,Les Gourmandes Veggies
2026-01-16 11:19:25,Kebab and Spicy,1,15.99,Medium,Les Originales
2026-01-16 11:25:40,Forestière,1,17.49,Medium,Les Grands Classiques
2026-01-16 11:25:40,Cannibale,1,17.49,Medium,Les Iconiques
2026-01-16 11:25:40,Peppina Vegan,1,22.99,XL,Les Vegans
2026-01-16 11:36:00,Chicken BBQ,1,15.99,Medium,Les Grands Classiques
2026-01-16 11:36:00,Margherita,1,12.99,Medium,Les Bons Plans
2026-01-16 11:39:48,Diavola Pepperoni,1,18.99,Large,Les Originales
2026-01-16 11:55:24,Chicken and Cheddar,1,17.49,Medium,Éditions Limitées
2026-01-16 12:14:22,Peppina Vegan,1,19.99,Large,Les Vegans
2026-01-16 12:20:22,Chicken BBQ,1,18.99,Large,Les Grands Classiques
2026-01-16 12:20:22,Divine 3 Fromages,1,21.99,XL,Éditions Limitées
2026-01-16 12:20:22,Super Veggie,1,17.49,Medium,Les Gourmandes Veggies
2026-01-16 12:20:22,Pêcheur,1,18.99,Large,Les Grands Classiques
2026-01-16 12:20:22,Originale Pepperoni,1,18.99,XL,Les Bons Plans
2026-01-16 12:20:22,Originale Pepperoni,1,15.99,Large,Les Bons Plans
2026-01-16 12:20:22,Cannibale,1,17.49,Medium,Les Iconiques
2026-01-16 12:20:22,Kebab and Spicy,1,21.99,XL,Les Originales
2026-01-16 12:30:09,Pepperoni Party,1,20.49,Large,Les Iconiques
2026-01-16 12:30:09,Royale Veggie,1,21.99,XL,Les Gourmandes Veggies
2026-01-16 12:30:09,Originale Pepperoni,1,18.99,XL,Les Bons Plans
2026-01-16 12:30:09,Steak and Cheese,1,20.99,XL,Les Grands Classiques
2026-01-16 12:34:15,Algérienne,1,21.99,XL,Les Grands Classiques
2026-01-16 13:06:04,Margherita,1,12.99,Medium,Les Bons Plans
2026-01-16 13:11:15,Pêcheur,1,21.99,XL,Les Grands Classiques
2026-01-16 13:16:55,Chicken BBQ,1,18.99,Large,Les Grands Classiques
2026-01-16 13:16:55,Extravaganzza,1,20.99,Large,Toujours Plus
2026-01-16 13:18:32,Algérienne,1,21.99,XL,Les Grands Classiques
2026-01-16 13:18:32,Cheesy and Veggie,1,20.99,XL,Les Gourmandes Veggies
2026-01-16 13:19:43,Diavola Haché au bœuf,1,18.99,Large,Les Originales
2026-01-16 13:19:43,Originale Pepperoni,1,15.99,Large,Les Bons Plans
2026-01-16 13:19:43,Algérienne,1,21.99,XL,Les Grands Classiques
2026-01-16 13:23:29,Royale Veggie,1,18.99,Large,Les Gourmandes Veggies
2026-01-16 13:23:29,Margherita,1,12.99,Medium,Les Bons Plans
2026-01-16 13:27:57,Originale Pepperoni,1,18.99,XL,Les Bons Plans
2026-01-16 13:27:57,Algérienne,1,21.99,XL,Les Grands Classiques
2026-01-16 13:42:47,Peppina Vegan,1,22.99,XL,Les Vegans
2026-01-16 13:51:38,Extravaganzza,1,20.99,Large,Toujours Plus
2026-01-16 13:51:38,Originale Pepperoni,1,18.99,XL,Les Bons Plans
2026-01-16 13:51:38,Urban Kebab,1,17.49,Medium,Les Originales
2026-01-16 13:51:38,Peppina Vegan,1,22.99,XL,Les Vegans
2026-01-16 13:59:21,Chicken Delight,1,18.99,Large,Les Originales
2026-01-16 13:59:21,Indienne,1,18.99,Large,Les Grands Classiques
2026-01-16 13:59:21,Extravaganzza,1,20.99,Large,Toujours Plus
2026-01-16 13:59:21,Chèvre-Miel,1,18.99,Large,Les Iconiques
2026-01-16 13:59:21,Hawaïenne Jambon,1,14.99,Medium,Les Grands Classiques
2026-01-16 13:59:21,Forestière,1,17.49,Medium,Les Grands Classiques
2026-01-16 13:59:21,Royale Veggie,1,18.99,Large,Les Gourmandes Veggies
2026-01-16 13:59:21,Pêcheur,1,18.99,Large,Les Grands Classiques
2026-01-16 13:59:21,Margherita,1,15.99,Large,Les Bons Plans
2026-01-16 14:14:40,Chicken Delight,1,21.99,XL,Les Originales
2026-01-16 14:14:40,Hawaïenne Poulet,1,20.99,XL,Les Grands Classiques
2026-01-16 14:24:45,Divine 3 Fromages,1,21.99,XL,Éditions Limitées
2026-01-16 15:00:11,Forestière,1,17.49,Medium,Les Grands Classiques
2026-01-16 15:00:11,Pêcheur,1,21.99,XL,Les Grands Classiques
2026-01-16 15:00:11,Diavola Pepperoni,1,15.99,Medium,Les Originales
2026-01-16 15:27:24,Chicken BBQ,1,21.99,XL,Les Grands Classiques
2026-01-16 15:27:24,Divine 3 Fromages,1,21.99,XL,Éditions Limitées
2026-01-16 15:27:24,Crispy Cannibale,1,17.99,Medium,Les Originales
2026-01-16 15:33:19,Diavola Haché au bœuf,1,18.99,Large,Les Originales
2026-01-16 15:33:19,Hawaïenne Poulet,1,14.99,Medium,Les Grands Classiques
2026-01-16 15:49:05,Divine 3 Fromages,1,21.99,XL,Éditions Limitées
2026-01-16 15:55:24,Hawaïenne Poulet,1,20.99,XL,Les Grands Classiques
2026-01-16 16:14:59,Ultimate Meat,1,17.99,Medium,Toujours Plus
2026-01-16 16:14:59,Kebab and Spicy,1,21.99,XL,Les Originales
2026-01-16 16:14:59,Margherita,1,15.99,Large,Les Bons Plans
2026-01-16 16:14:59,Steak and Cheese,1,17.99,Large,Les Grands Classiques
2026-01-16 16:19:19,Urban Kebab,1,17.49,Medium,Les Originales
2026-01-16 16:20:32,Kebab and Spicy,1,15.99,Medium,Les Originales
2026-01-16 16:43:09,Pepperoni Party,1,20.49,Large,Les Iconiques
2026-01-16 16:43:09,Crispy Cannibale,1,23.99,XL,Les Originales
2026-01-16 16:43:09,Margherita,1,18.99,XL,Les Bons Plans
2026-01-16 16:59:23,Crispy Cannibale,1,23.99,XL,Les Originales
2026-01-16 16:59:23,Cheesy and Veggie,1,14.99,Medium,Les Gourmandes Veggies
2026-01-16 17:05:08,Pêcheur,1,21.99,XL,Les Grands Classiques
2026-01-16 17:05:08,Diavola Pepperoni,1,18.99,Large,Les Originales
2026-01-16 17:05:08,Crispy Cannibale,1,20.99,Large,Les Originales
2026-01-16 17:09:08,Super Veggie,1,20.49,Large,Les Gourmandes Veggies
2026-01-16 17:09:08,Forestière,1,23.49,XL,Les Grands Classiques
2026-01-16 17:18:37,Chicken BBQ,1,18.99,Large,Les Grands Classiques
2026-01-16 17:18:37,Algérienne,1,21.99,XL,Les Grands Classiques
2026-01-16 17:22:00,Urban Kebab,1,17.49,Medium,Les Originales
2026-01-16 17:54:33,Extravaganzza,1,20.99,Large,Toujours Plus
2026-01-16 17:58:38,Chicken BBQ,1,21.99,XL,Les Grands Classiques
2026-01-16 17:58:38,Divine 3 Fromages,1,21.99,XL,Éditions Limitées
2026-01-16 17:58:38,Chèvre-Miel,1,21.99,XL,Les Iconiques
2026-01-16 17:58:38,Hawaïenne Jambon,1,14.99,Medium,Les Grands Classiques
2026-01-16 18:00:48,Chicken Delight,1,15.99,Medium,Les Originales
2026-01-16 18:00:48,Originale Pepperoni,1,12.99,Medium,Les Bons Plans
2026-01-16 18:00:48,Cheesy and Veggie,1,20.99,XL,Les Gourmandes Veggies
2026-01-16 18:00:48,Chicken and Cheddar,1,17.49,Medium,Éditions Limitées
2026-01-16 18:13:15,Chicken Delight,1,18.99,Large,Les Originales
2026-01-16 18:13:15,Originale Pepperoni,1,18.99,XL,Les Bons Plans
2026-01-16 18:13:15,Steak and Cheese,1,20.99,XL,Les Grands Classiques
2026-01-16 18:42:17,Diavola Pepperoni,1,15.99,Medium,Les Originales
2026-01-16 18:42:17,Originale Pepperoni,1,18.99,XL,Les Bons Plans
2026-01-16 18:42:17,Kebab and Spicy,1,21.99,XL,Les Originales
2026-01-16 18:42:17,Peppina Vegan,1,16.99,Medium,Les Vegans
2026-01-16 18:52:18,Royale Veggie,1,21.99,XL,Les Gourmandes Veggies
2026-01-16 18:52:18,Peppina Vegan,1,19.99,Large,Les Vegans
2026-01-16 18:57:56,Chicken Delight,1,18.99,Large,Les Originales
2026-01-16 19:03:46,Peppina,1,19.99,Large,Les Gourmandes Veggies
2026-01-16 19:05:35,Ultimate Meat,1,17.99,Medium,Toujours Plus
2026-01-16 19:05:35,Diavola Haché au bœuf,1,21.99,XL,Les Originales
2026-01-16 19:05:35,Crispy Cannibale,1,20.99,Large,Les Originales
2026-01-16 19:05:35,Margherita,1,12.99,Medium,Les Bons Plans
2026-01-16 19:12:08,Chicken BBQ,1,15.99,Medium,Les Grands Classiques
2026-01-16 19:12:08,Indienne,1,18.99,Large,Les Grands Classiques
2026-01-16 19:12:08,Margherita,1,12.99,Medium,Les Bons Plans
2026-01-16 19:14:03,Hawaïenne Poulet,2,41.98,XL,Les Grands Classiques
2026-01-16 19:24:16,Chicken Delight,1,18.99,Large,Les Originales
2026-01-16 19:24:16,Divine 3 Fromages,1,21.99,XL,Éditions Limitées
2026-01-16 19:24:16,Pêcheur,1,21.99,XL,Les Grands Classiques
2026-01-16 19:24:40,Cannibale,1,20.49,Large,Les Iconiques
2026-01-16 19:24:40,Hawaïenne Poulet,1,14.99,Medium,Les Grands Classiques
2026-01-16 19:32:12,Chèvre-Miel,1,21.99,XL,Les Iconiques
2026-01-16 19:32:12,Super Veggie,1,23.49,XL,Les Gourmandes Veggies
2026-01-16 19:32:12,Peppina,1,16.99,Medium,Les Gourmandes Veggies
2026-01-16 19:32:12,Cheesy and Veggie,1,20.99,XL,Les Gourmandes Veggies
2026-01-16 19:33:33,Originale Pepperoni,1,18.99,XL,Les Bons Plans
2026-01-16 19:34:00,Chicken Delight,1,15.99,Medium,Les Originales
2026-01-16 19:34:00,Cheesy and Veggie,1,17.99,Large,Les Gourmandes Veggies
2026-01-16 19:35:00,Kebab and Spicy,2,43.98,XL,Les Originales
2026-01-16 19:42:20,Chicken BBQ,1,15.99,Medium,Les Grands Classiques
2026-01-16 19:42:20,Forestière,1,23.49,XL,Les Grands Classiques
2026-01-16 19:55:17,Ultimate Meat,1,17.99,Medium,Toujours Plus
2026-01-16 19:55:17,Diavola Pepperoni,1,21.99,XL,Les Originales
2026-01-16 20:06:41,Chicken Delight,2,37.98,Large,Les Originales
2026-01-16 20:06:41,Bacon Groovy,1,23.49,XL,Les Iconiques
2026-01-16 20:06:41,Urban Kebab,1,20.49,Large,Les Originales
2026-01-16 20:24:37,Ultimate Meat,1,17.99,Medium,Toujours Plus
2026-01-16 20:24:37,Chèvre-Miel,1,18.99,Large,Les Iconiques
2026-01-16 20:41:02,Super Veggie,1,17.49,Medium,Les Gourmandes Veggies
2026-01-16 20:41:02,Kebab and Spicy,1,21.99,XL,Les Originales
2026-01-16 20:41:02,Margherita,1,15.99,Large,Les Bons Plans
2026-01-16 20:41:02,Hawaïenne Poulet,1,17.99,Large,Les Grands Classiques
2026-01-16 20:59:17,Urban Kebab,1,17.49,Medium,Les Originales
2026-01-16 20:59:17,Margherita,1,18.99,XL,Les Bons Plans
2026-01-16 21:03:33,Rocket Veggie,1,15.99,Large,Les Gourmandes Veggies
2026-01-16 21:23:01,Hawaïenne Jambon,1,14.99,Medium,Les Grands Classiques
2026-01-16 21:23:01,Forestière,1,17.49,Medium,Les Grands Classiques
2026-01-16 21:36:19,Royale Veggie,1,18.99,Large,Les Gourmandes Veggies
2026-01-16 21:44:35,Extravaganzza,1,20.99,Large,Toujours Plus
2026-01-16 21:44:35,Kebab and Spicy,1,21.99,XL,Les Originales
2026-01-16 21:46:20,Indienne,1,18.99,Large,Les Grands Classiques
2026-01-16 21:46:20,Extravaganzza,1,20.99,Large,Toujours Plus
2026-01-16 21:46:20,Pepperoni Party,1,23.49,XL,Les Iconiques
2026-01-16 21:46:20,Urban Kebab,1,23.49,XL,Les Originales
2026-01-16 22:03:09,Originale Pepperoni,1,18.99,XL,Les Bons Plans
2026-01-16 22:03:09,Originale Pepperoni,1,12.99,Medium,Les Bons Plans
2026-01-16 22:06:08,Royale Veggie,1,21.99,XL,Les Gourmandes Veggies
2026-01-16 22:06:53,Extravaganzza,1,17.99,Medium,Toujours Plus
2026-01-16 22:10:21,Super Veggie,1,20.49,Large,Les Gourmandes Veggies
2026-01-16 22:10:21,Rocket Veggie,1,18.99,XL,Les Gourmandes Veggies
2026-01-17 11:53:19,Originale Pepperoni,1,18.99,XL,Les Bons Plans
2026-01-17 12:01:58,Diavola Pepperoni,1,18.99,Large,Les Originales
2026-01-17 12:01:58,Hawaïenne Poulet,1,20.99,XL,Les Grands Classiques
2026-01-17 12:24:36,Chicken BBQ,1,15.99,Medium,Les Grands Classiques
2026-01-17 12:24:36,Ultimate Meat,1,17.99,Medium,Toujours Plus
2026-01-17 12:24:36,4 Fromages,2,34.98,Medium,Les Iconiques
2026-01-17 12:24:36,Hawaïenne Jambon,1,20.99,XL,Les Grands Classiques
2026-01-17 12:24:36,Hawaïenne Jambon,1,14.99,Medium,Les Grands Classiques
2026-01-17 12:24:36,Pepperoni Party,1,23.49,XL,Les Iconiques
2026-01-17 12:24:36,Pepperoni Party,1,20.49,Large,Les Iconiques
2026-01-17 12:24:36,Rocket Veggie,1,18.99,XL,Les Gourmandes Veggies
2026-01-17 12:24:36,Crispy Cannibale,1,23.99,XL,Les Originales
2026-01-17 12:24:36,Kebab and Spicy,1,15.99,Medium,Les Originales
2026-01-17 12:24:36,Hawaïenne Poulet,1,17.99,Large,Les Grands Classiques
2026-01-17 12:57:28,Cheesy and Veggie,1,17.99,Large,Les Gourmandes Veggies
2026-01-17 12:58:36,Chicken Delight,1,21.99,XL,Les Originales
2026-01-17 12:58:36,Pêcheur,1,15.99,Medium,Les Grands Classiques
2026-01-17 12:58:36,Urban Kebab,1,23.49,XL,Les Originales
2026-01-17 12:58:36,Chicken and Cheddar,1,17.49,Medium,Éditions Limitées
2026-01-17 12:58:36,Hawaïenne Poulet,1,20.99,XL,Les Grands Classiques
2026-01-17 12:58:36,Hawaïenne Poulet,1,17.99,Large,Les Grands Classiques
2026-01-17 13:56:46,Chicken BBQ,1,21.99,XL,Les Grands Classiques
2026-01-17 14:12:58,Chèvre-Miel,1,21.99,XL,Les Iconiques
2026-01-17 14:12:58,Hawaïenne Jambon,1,20.99,XL,Les Grands Classiques
2026-01-17 14:12:58,Originale Pepperoni,1,18.99,XL,Les Bons Plans
2026-01-17 14:12:58,Algérienne,1,21.99,XL,Les Grands Classiques
2026-01-17 14:29:31,Ultimate Meat,1,17.99,Medium,Toujours Plus
2026-01-17 14:33:55,Forestière,1,17.49,Medium,Les Grands Classiques
2026-01-17 14:34:50,Hawaïenne Jambon,1,17.99,Large,Les Grands Classiques
2026-01-17 14:34:50,Peppina,1,19.99,Large,Les Gourmandes Veggies
2026-01-17 14:34:50,Beef and Cheddar,1,17.99,Medium,Éditions Limitées
2026-01-17 14:35:25,Peppina Vegan,1,19.99,Large,Les Vegans
2026-01-17 14:41:14,Chicken BBQ,1,21.99,XL,Les Grands Classiques
2026-01-17 14:41:14,Diavola Haché au bœuf,1,21.99,XL,Les Originales
2026-01-17 14:41:14,Cannibale,1,17.49,Medium,Les Iconiques
2026-01-17 14:44:56,Peppina,1,22.99,XL,Les Gourmandes Veggies
2026-01-17 15:08:38,Hawaïenne Jambon,1,14.99,Medium,Les Grands Classiques
2026-01-17 15:30:10,Originale Pepperoni,1,12.99,Medium,Les Bons Plans
2026-01-17 15:43:27,Ultimate Meat,1,17.99,Medium,Toujours Plus
2026-01-17 15:43:27,Beef and Cheddar,1,17.99,Medium,Éditions Limitées
2026-01-17 15:49:31,Pepperoni Party,1,20.49,Large,Les Iconiques
2026-01-17 16:16:59,Chicken BBQ,1,18.99,Large,Les Grands Classiques
2026-01-17 16:19:42,Chicken Delight,1,18.99,Large,Les Originales
2026-01-17 16:19:42,Hawaïenne Jambon,1,14.99,Medium,Les Grands Classiques
2026-01-17 16:19:42,Hawaïenne Poulet,1,20.99,XL,Les Grands Classiques
2026-01-17 16:19:42,Hawaïenne Poulet,1,14.99,Medium,Les Grands Classiques
2026-01-17 16:57:30,Chicken Delight,1,21.99,XL,Les Originales
2026-01-17 17:11:07,Forestière,1,20.49,Large,Les Grands Classiques
2026-01-17 17:11:07,Forestière,1,17.49,Medium,Les Grands Classiques
2026-01-17 17:11:07,Pêcheur,1,21.99,XL,Les Grands Classiques
2026-01-17 17:11:07,Cheesy and Veggie,1,14.99,Medium,Les Gourmandes Veggies
2026-01-17 17:16:26,Royale Veggie,1,18.99,Large,Les Gourmandes Veggies
2026-01-17 17:19:16,Forestière,1,23.49,XL,Les Grands Classiques
2026-01-17 17:21:24,Algérienne,1,18.99,Large,Les Grands Classiques
2026-01-17 17:24:24,4 Fromages,1,17.49,Medium,Les Iconiques
2026-01-17 17:24:24,Rocket Veggie,1,18.99,XL,Les Gourmandes Veggies
2026-01-17 17:28:05,Ultimate Meat,2,35.98,Medium,Toujours Plus
2026-01-17 17:28:05,Originale Pepperoni,1,18.99,XL,Les Bons Plans
2026-01-17 17:28:05,Kebab and Spicy,1,21.99,XL,Les Originales
2026-01-17 17:29:41,Chicken BBQ,1,18.99,Large,Les Grands Classiques
2026-01-17 17:29:41,Bacon Groovy,1,20.49,Large,Les Iconiques
2026-01-17 17:31:16,Chicken Delight,1,21.99,XL,Les Originales
2026-01-17 17:31:16,Chicken Delight,1,18.99,Large,Les Originales
2026-01-17 17:31:16,Originale Pepperoni,1,12.99,Medium,Les Bons Plans
2026-01-17 17:44:05,Steak and Cheese,1,20.99,XL,Les Grands Classiques
2026-01-17 17:49:51,Chicken BBQ,1,21.99,XL,Les Grands Classiques
2026-01-17 17:49:51,Urban Kebab,1,17.49,Medium,Les Originales
2026-01-17 18:28:12,Hawaïenne Poulet,1,20.99,XL,Les Grands Classiques
2026-01-17 18:28:12,Peppina Vegan,1,16.99,Medium,Les Vegans
2026-01-17 18:35:22,Peppina Vegan,1,22.99,XL,Les Vegans
2026-01-17 18:49:59,Extravaganzza,1,20.99,Large,Toujours Plus
2026-01-17 18:49:59,Steak and Cheese,1,17.99,Large,Les Grands Classiques
2026-01-17 18:58:24,Extravaganzza,1,20.99,Large,Toujours Plus
2026-01-17 18:58:24,Super Veggie,1,20.49,Large,Les Gourmandes Veggies
2026-01-17 19:15:11,Ultimate Meat,1,17.99,Medium,Toujours Plus
2026-01-17 19:15:11,Indienne,1,21.99,XL,Les Grands Classiques
2026-01-17 19:15:11,Peppina,1,22.99,XL,Les Gourmandes Veggies
2026-01-17 19:20:20,Diavola Pepperoni,1,15.99,Medium,Les Originales
2026-01-17 19:25:32,Super Veggie,1,20.49,Large,Les Gourmandes Veggies
2026-01-17 19:25:32,Cannibale,1,23.49,XL,Les Iconiques
2026-01-17 19:26:40,Beef and Cheddar,1,20.99,Large,Éditions Limitées
2026-01-17 19:26:40,Chicken and Cheddar,1,20.49,Large,Éditions Limitées
2026-01-17 19:38:17,Bacon Groovy,1,23.49,XL,Les Iconiques
2026-01-17 19:38:17,Originale Pepperoni,1,12.99,Medium,Les Bons Plans
2026-01-17 19:38:17,Cannibale,1,17.49,Medium,Les Iconiques
2026-01-17 19:38:17,Algérienne,1,21.99,XL,Les Grands Classiques
2026-01-17 19:42:51,Hawaïenne Poulet,1,20.99,XL,Les Grands Classiques
2026-01-17 19:44:36,Chicken Delight,1,18.99,Large,Les Originales
2026-01-17 19:44:36,Hawaïenne Jambon,1,17.99,Large,Les Grands Classiques
2026-01-17 19:44:36,Urban Kebab,1,17.49,Medium,Les Originales
2026-01-17 20:13:32,Chicken Delight,1,18.99,Large,Les Originales
2026-01-17 20:38:50,Chicken BBQ,1,21.99,XL,Les Grands Classiques
2026-01-17 20:38:50,Chicken Delight,1,15.99,Medium,Les Originales
2026-01-17 20:38:50,Diavola Pepperoni,1,15.99,Medium,Les Originales
2026-01-17 20:50:54,Hawaïenne Jambon,2,29.98,Medium,Les Grands Classiques
2026-01-17 20:50:54,Beef and Cheddar,1,17.99,Medium,Éditions Limitées
2026-01-17 20:50:54,Cheesy and Veggie,1,14.99,Medium,Les Gourmandes Veggies
2026-01-17 21:04:20,Chicken BBQ,1,21.99,XL,Les Grands Classiques
2026-01-17 21:04:20,Chicken BBQ,1,15.99,Medium,Les Grands Classiques
2026-01-17 21:04:20,Originale Pepperoni,1,15.99,Large,Les Bons Plans
2026-01-17 21:04:20,Algérienne,1,21.99,XL,Les Grands Classiques
2026-01-17 21:11:31,Chicken BBQ,1,21.99,XL,Les Grands Classiques
2026-01-17 21:11:31,Chicken Delight,1,21.99,XL,Les Originales
2026-01-17 21:11:31,Rocket Veggie,1,12.99,Medium,Les Gourmandes Veggies
2026-01-17 21:11:31,Originale Pepperoni,1,15.99,Large,Les Bons Plans
2026-01-17 21:16:01,Hawaïenne Poulet,1,20.99,XL,Les Grands Classiques
2026-01-17 21:20:18,Forestière,1,20.49,Large,Les Grands Classiques
2026-01-17 21:21:23,Chicken BBQ,1,21.99,XL,Les Grands Classiques
2026-01-17 21:49:00,Diavola Pepperoni,1,15.99,Medium,Les Originales
2026-01-17 21:49:00,Originale Pepperoni,1,18.99,XL,Les Bons Plans
2026-01-17 21:49:00,Peppina Vegan,1,22.99,XL,Les Vegans
2026-01-17 21:55:05,Chicken Delight,1,21.99,XL,Les Originales
2026-01-17 21:55:05,Extravaganzza,1,23.99,XL,Toujours Plus
2026-01-17 21:57:02,Chèvre-Miel,1,21.99,XL,Les Iconiques
2026-01-17 22:02:45,Pêcheur,1,21.99,XL,Les Grands Classiques
2026-01-17 22:02:45,Urban Kebab,1,23.49,XL,Les Originales
2026-01-17 22:06:27,Urban Kebab,1,20.49,Large,Les Originales
2026-01-17 22:06:27,Steak and Cheese,1,20.99,XL,Les Grands Classiques
2026-01-17 22:13:59,Originale Pepperoni,1,12.99,Medium,Les Bons Plans
2026-01-17 22:13:59,Crispy Cannibale,1,23.99,XL,Les Originales
2026-01-17 22:13:59,Urban Kebab,1,17.49,Medium,Les Originales
2026-01-17 22:13:59,Kebab and Spicy,1,21.99,XL,Les Originales
2026-01-18 11:39:03,Extravaganzza,1,23.99,XL,Toujours Plus
2026-01-18 11:39:03,Hawaïenne Jambon,1,20.99,XL,Les Grands Classiques
2026-01-18 11:45:13,Chicken BBQ,1,21.99,XL,Les Grands Classiques
2026-01-18 11:54:13,Chicken Delight,1,18.99,Large,Les Originales
2026-01-18 12:07:59,Chicken BBQ,1,18.99,Large,Les Grands Classiques
2026-01-18 12:07:59,Royale Veggie,1,21.99,XL,Les Gourmandes Veggies
2026-01-18 12:07:59,Pêcheur,1,21.99,XL,Les Grands Classiques
2026-01-18 12:07:59,Pêcheur,1,15.99,Medium,Les Grands Classiques
2026-01-18 12:07:59,Originale Pepperoni,1,18.99,XL,Les Bons Plans
2026-01-18 12:07:59,Urban Kebab,1,20.49,Large,Les Originales
2026-01-18 12:07:59,Beef and Cheddar,1,23.99,XL,Éditions Limitées
2026-01-18 12:07:59,Margherita,1,12.99,Medium,Les Bons Plans
2026-01-18 12:13:15,Chicken Delight,1,18.99,Large,Les Originales
2026-01-18 12:13:15,Super Veggie,1,23.49,XL,Les Gourmandes Veggies
2026-01-18 12:13:15,Pepperoni Party,1,20.49,Large,Les Iconiques
2026-01-18 12:13:15,Rocket Veggie,1,12.99,Medium,Les Gourmandes Veggies
2026-01-18 12:49:29,Extravaganzza,1,20.99,Large,Toujours Plus
2026-01-18 12:49:29,Pepperoni Party,1,20.49,Large,Les Iconiques
2026-01-18 12:49:29,Royale Veggie,1,21.99,XL,Les Gourmandes Veggies
2026-01-18 12:49:29,Hawaïenne Poulet,1,20.99,XL,Les Grands Classiques
2026-01-18 13:04:54,Ultimate Meat,1,17.99,Medium,Toujours Plus
2026-01-18 13:04:54,Bacon Groovy,1,17.49,Medium,Les Iconiques
2026-01-18 13:04:54,Extravaganzza,1,20.99,Large,Toujours Plus
2026-01-18 13:04:54,Pepperoni Party,1,20.49,Large,Les Iconiques
2026-01-18 13:14:59,Hawaïenne Jambon,1,20.99,XL,Les Grands Classiques
2026-01-18 13:14:59,Originale Pepperoni,1,18.99,XL,Les Bons Plans
2026-01-18 13:33:31,Extravaganzza,1,23.99,XL,Toujours Plus
2026-01-18 13:56:05,Crispy Cannibale,1,23.99,XL,Les Originales
2026-01-18 13:56:05,Hawaïenne Poulet,1,20.99,XL,Les Grands Classiques
2026-01-18 13:59:47,Urban Kebab,1,17.49,Medium,Les Originales
2026-01-18 14:06:19,Diavola Pepperoni,1,15.99,Medium,Les Originales
2026-01-18 14:07:36,Chèvre-Miel,1,18.99,Large,Les Iconiques
2026-01-18 14:07:36,Originale Pepperoni,1,12.99,Medium,Les Bons Plans
2026-01-18 14:07:36,Crispy Cannibale,1,23.99,XL,Les Originales
2026-01-18 14:07:36,Cannibale,1,20.49,Large,Les Iconiques
2026-01-18 14:07:36,Urban Kebab,2,34.98,Medium,Les Originales
2026-01-18 14:07:36,Algérienne,1,18.99,Large,Les Grands Classiques
2026-01-18 14:07:36,Kebab and Spicy,1,15.99,Medium,Les Originales
2026-01-18 14:07:36,Margherita,1,15.99,Large,Les Bons Plans
2026-01-18 14:20:16,Steak and Cheese,1,20.99,XL,Les Grands Classiques
2026-01-18 14:22:14,Chicken Delight,1,18.99,Large,Les Originales
2026-01-18 14:39:33,Extravaganzza,1,17.99,Medium,Toujours Plus
2026-01-18 14:50:37,Chicken BBQ,1,15.99,Medium,Les Grands Classiques
2026-01-18 14:50:37,Chèvre-Miel,2,43.98,XL,Les Iconiques
2026-01-18 14:50:37,Originale Pepperoni,1,12.99,Medium,Les Bons Plans
2026-01-18 14:53:25,Peppina Vegan,1,22.99,XL,Les Vegans
2026-01-18 14:57:48,Chicken BBQ,1,21.99,XL,Les Grands Classiques
2026-01-18 15:05:54,Margherita,1,12.99,Medium,Les Bons Plans
2026-01-18 15:08:45,Chicken Delight,1,21.99,XL,Les Originales
2026-01-18 15:28:12,Crispy Cannibale,1,20.99,Large,Les Originales
2026-01-18 15:28:12,Beef and Cheddar,1,23.99,XL,Éditions Limitées
2026-01-18 15:43:17,Chicken Delight,1,18.99,Large,Les Originales
2026-01-18 15:43:17,Originale Pepperoni,1,18.99,XL,Les Bons Plans
2026-01-18 15:43:17,Chicken and Cheddar,1,20.49,Large,Éditions Limitées
2026-01-18 15:56:04,Chicken BBQ,1,18.99,Large,Les Grands Classiques
2026-01-18 15:56:04,Originale Pepperoni,1,12.99,Medium,Les Bons Plans
2026-01-18 16:07:14,Ultimate Meat,1,17.99,Medium,Toujours Plus
2026-01-18 16:12:18,Chicken BBQ,1,18.99,Large,Les Grands Classiques
2026-01-18 16:12:18,Cannibale,1,20.49,Large,Les Iconiques
2026-01-18 16:12:18,Hawaïenne Poulet,1,17.99,Large,Les Grands Classiques
2026-01-18 16:18:37,Hawaïenne Jambon,1,14.99,Medium,Les Grands Classiques
2026-01-18 16:18:37,Originale Pepperoni,1,18.99,XL,Les Bons Plans
2026-01-18 16:30:09,Chicken Delight,1,15.99,Medium,Les Originales
2026-01-18 16:30:14,Chicken BBQ,1,18.99,Large,Les Grands Classiques
2026-01-18 16:30:14,Royale Veggie,1,18.99,Large,Les Gourmandes Veggies
2026-01-18 16:30:14,Originale Pepperoni,1,18.99,XL,Les Bons Plans
2026-01-18 16:30:14,Chicken and Cheddar,1,23.49,XL,Éditions Limitées
2026-01-18 16:39:46,Royale Veggie,1,21.99,XL,Les Gourmandes Veggies
2026-01-18 16:39:46,Cheesy and Veggie,1,14.99,Medium,Les Gourmandes Veggies
2026-01-18 17:17:02,Cannibale,1,17.49,Medium,Les Iconiques
2026-01-18 17:17:02,Chicken and Cheddar,1,17.49,Medium,Éditions Limitées
2026-01-18 17:21:38,Pepperoni Party,2,40.98,Large,Les Iconiques
2026-01-18 17:21:38,Pêcheur,1,21.99,XL,Les Grands Classiques
2026-01-18 17:28:29,Ultimate Meat,1,17.99,Medium,Toujours Plus
2026-01-18 17:28:29,Diavola Haché au bœuf,1,18.99,Large,Les Originales
2026-01-18 17:28:29,Royale Veggie,1,15.99,Medium,Les Gourmandes Veggies
2026-01-18 17:30:00,Cannibale,1,17.49,Medium,Les Iconiques
2026-01-18 17:48:16,Chicken BBQ,1,18.99,Large,Les Grands Classiques
2026-01-18 17:48:16,Chicken Delight,1,21.99,XL,Les Originales
2026-01-18 17:48:16,Bacon Groovy,1,23.49,XL,Les Iconiques
2026-01-18 17:48:16,Peppina Vegan,1,19.99,Large,Les Vegans
2026-01-18 18:10:50,Chicken Delight,1,18.99,Large,Les Originales
2026-01-18 18:10:50,Extravaganzza,1,20.99,Large,Toujours Plus
2026-01-18 18:10:50,Peppina,1,16.99,Medium,Les Gourmandes Veggies
2026-01-18 18:10:50,Diavola Pepperoni,1,15.99,Medium,Les Originales
2026-01-18 18:13:43,Chicken Delight,1,21.99,XL,Les Originales
2026-01-18 18:13:43,Hawaïenne Jambon,1,20.99,XL,Les Grands Classiques
2026-01-18 18:13:43,Crispy Cannibale,1,23.99,XL,Les Originales
2026-01-18 18:16:32,Urban Kebab,1,20.49,Large,Les Originales
2026-01-18 18:16:32,Algérienne,1,21.99,XL,Les Grands Classiques
2026-01-18 18:19:47,Ultimate Meat,1,17.99,Medium,Toujours Plus
2026-01-18 18:19:47,Urban Kebab,1,17.49,Medium,Les Originales
2026-01-18 18:19:47,Hawaïenne Poulet,1,14.99,Medium,Les Grands Classiques
2026-01-18 18:21:27,Chicken BBQ,1,18.99,Large,Les Grands Classiques
2026-01-18 18:21:27,Originale Pepperoni,1,18.99,XL,Les Bons Plans
2026-01-18 18:27:40,Diavola Pepperoni,1,18.99,Large,Les Originales
2026-01-18 18:27:40,Crispy Cannibale,1,17.99,Medium,Les Originales
2026-01-18 18:27:40,Cheesy and Veggie,1,17.99,Large,Les Gourmandes Veggies
2026-01-18 18:32:32,Extravaganzza,1,17.99,Medium,Toujours Plus
2026-01-18 18:32:32,Divine 3 Fromages,1,21.99,XL,Éditions Limitées
2026-01-18 18:32:32,Chèvre-Miel,1,18.99,Large,Les Iconiques
2026-01-18 18:42:02,Divine 3 Fromages,1,21.99,XL,Éditions Limitées
2026-01-18 18:42:02,Kebab and Spicy,1,21.99,XL,Les Originales
2026-01-18 18:42:02,Cheesy and Veggie,1,17.99,Large,Les Gourmandes Veggies
2026-01-18 19:01:54,Peppina,1,22.99,XL,Les Gourmandes Veggies
2026-01-18 19:15:17,Royale Veggie,1,21.99,XL,Les Gourmandes Veggies
2026-01-18 19:36:15,Pepperoni Party,1,20.49,Large,Les Iconiques
2026-01-18 19:36:15,Originale Pepperoni,1,18.99,XL,Les Bons Plans
2026-01-18 20:13:25,Indienne,1,18.99,Large,Les Grands Classiques
2026-01-18 20:20:42,Chèvre-Miel,1,21.99,XL,Les Iconiques
2026-01-18 20:20:42,Forestière,1,23.49,XL,Les Grands Classiques
2026-01-18 20:45:11,Super Veggie,1,17.49,Medium,Les Gourmandes Veggies
2026-01-18 20:45:11,Originale Pepperoni,1,18.99,XL,Les Bons Plans
2026-01-18 20:45:11,Hawaïenne Poulet,1,14.99,Medium,Les Grands Classiques
2026-01-18 21:22:58,Peppina,1,19.99,Large,Les Gourmandes Veggies
2026-01-18 21:22:58,Urban Kebab,1,23.49,XL,Les Originales
2026-01-18 21:22:58,Beef and Cheddar,1,17.99,Medium,Éditions Limitées
2026-01-18 21:22:58,Kebab and Spicy,1,18.99,Large,Les Originales
2026-01-18 21:27:05,Divine 3 Fromages,1,21.99,XL,Éditions Limitées
2026-01-19 11:16:43,Crispy Cannibale,1,23.99,XL,Les Originales
2026-01-19 11:16:43,Hawaïenne Poulet,1,20.99,XL,Les Grands Classiques
2026-01-19 11:19:51,Algérienne,1,21.99,XL,Les Grands Classiques
2026-01-19 11:27:33,Ultimate Meat,1,17.99,Medium,Toujours Plus
2026-01-19 11:37:05,Hawaïenne Jambon,1,14.99,Medium,Les Grands Classiques
2026-01-19 11:37:05,Algérienne,1,21.99,XL,Les Grands Classiques
2026-01-19 11:37:05,Margherita,1,18.99,XL,Les Bons Plans
2026-01-19 11:57:17,Chicken BBQ,1,15.99,Medium,Les Grands Classiques
2026-01-19 11:57:17,Rocket Veggie,1,18.99,XL,Les Gourmandes Veggies
2026-01-19 11:57:38,Chèvre-Miel,1,21.99,XL,Les Iconiques
2026-01-19 11:57:38,Margherita,1,15.99,Large,Les Bons Plans
2026-01-19 12:00:52,Ultimate Meat,1,17.99,Medium,Toujours Plus
2026-01-19 12:00:52,Rocket Veggie,1,18.99,XL,Les Gourmandes Veggies
2026-01-19 12:00:52,Originale Pepperoni,1,18.99,XL,Les Bons Plans
2026-01-19 12:00:52,Hawaïenne Poulet,1,14.99,Medium,Les Grands Classiques
2026-01-19 12:00:52,Steak and Cheese,1,20.99,XL,Les Grands Classiques
2026-01-19 12:03:57,Ultimate Meat,1,17.99,Medium,Toujours Plus
2026-01-19 12:03:57,Bacon Groovy,1,23.49,XL,Les Iconiques
2026-01-19 12:03:57,Cheesy and Veggie,1,17.99,Large,Les Gourmandes Veggies
2026-01-19 12:14:24,Chicken BBQ,1,21.99,XL,Les Grands Classiques
2026-01-19 12:14:24,Chicken Delight,1,18.99,Large,Les Originales
2026-01-19 12:14:24,Hawaïenne Jambon,1,20.99,XL,Les Grands Classiques
2026-01-19 12:14:24,Pepperoni Party,1,17.49,Medium,Les Iconiques
2026-01-19 12:14:24,Peppina,1,19.99,Large,Les Gourmandes Veggies
2026-01-19 12:14:24,Peppina,1,16.99,Medium,Les Gourmandes Veggies
2026-01-19 12:14:24,Pêcheur,1,21.99,XL,Les Grands Classiques
2026-01-19 12:20:28,Originale Pepperoni,1,12.99,Medium,Les Bons Plans
2026-01-19 12:23:38,Chicken BBQ,1,21.99,XL,Les Grands Classiques
2026-01-19 12:23:38,Chicken Delight,1,15.99,Medium,Les Originales
2026-01-19 12:23:38,Hawaïenne Jambon,1,14.99,Medium,Les Grands Classiques
2026-01-19 12:33:24,Extravaganzza,1,20.99,Large,Toujours Plus
2026-01-19 12:33:24,Pepperoni Party,1,20.49,Large,Les Iconiques
2026-01-19 12:33:24,Pêcheur,1,21.99,XL,Les Grands Classiques
2026-01-19 12:33:24,Originale Pepperoni,1,18.99,XL,Les Bons Plans
2026-01-19 12:33:24,Cannibale,1,17.49,Medium,Les Iconiques
2026-01-19 12:33:50,4 Fromages,1,17.49,Medium,Les Iconiques
2026-01-19 12:33:50,Bacon Groovy,1,23.49,XL,Les Iconiques
2026-01-19 12:47:24,Chicken Delight,1,15.99,Medium,Les Originales
2026-01-19 12:47:24,Chèvre-Miel,1,21.99,XL,Les Iconiques
2026-01-19 12:56:45,Bacon Groovy,1,23.49,XL,Les Iconiques
2026-01-19 12:56:45,Divine 3 Fromages,1,21.99,XL,Éditions Limitées
2026-01-19 12:56:45,Chèvre-Miel,2,43.98,XL,Les Iconiques
2026-01-19 12:56:45,Rocket Veggie,1,18.99,XL,Les Gourmandes Veggies
2026-01-19 12:56:45,Rocket Veggie,1,12.99,Medium,Les Gourmandes Veggies
2026-01-19 12:56:45,Pêcheur,2,43.98,XL,Les Grands Classiques
2026-01-19 12:56:45,Pêcheur,1,18.99,Large,Les Grands Classiques
2026-01-19 12:56:45,Diavola Pepperoni,1,21.99,XL,Les Originales
2026-01-19 12:56:45,Cannibale,1,23.49,XL,Les Iconiques
2026-01-19 12:56:45,Beef and Cheddar,1,23.99,XL,Éditions Limitées
2026-01-19 12:56:45,Kebab and Spicy,2,43.98,XL,Les Originales
2026-01-19 12:56:45,Peppina Vegan,1,22.99,XL,Les Vegans
2026-01-19 13:02:07,Chicken BBQ,1,21.99,XL,Les Grands Classiques
2026-01-19 13:25:39,Pêcheur,1,21.99,XL,Les Grands Classiques
2026-01-19 13:25:39,Steak and Cheese,1,20.99,XL,Les Grands Classiques
2026-01-19 13:33:24,Pepperoni Party,1,20.49,Large,Les Iconiques
2026-01-19 13:33:24,Rocket Veggie,1,12.99,Medium,Les Gourmandes Veggies
2026-01-19 13:34:27,Indienne,1,18.99,Large,Les Grands Classiques
2026-01-19 13:34:27,Super Veggie,1,17.49,Medium,Les Gourmandes Veggies
2026-01-19 13:34:27,Royale Veggie,1,21.99,XL,Les Gourmandes Veggies
2026-01-19 13:34:27,Pêcheur,1,18.99,Large,Les Grands Classiques
2026-01-19 13:34:27,Hawaïenne Poulet,1,20.99,XL,Les Grands Classiques
2026-01-19 13:36:26,Chicken Delight,1,21.99,XL,Les Originales
2026-01-19 14:03:20,Forestière,1,17.49,Medium,Les Grands Classiques
2026-01-19 14:08:12,Steak and Cheese,1,14.99,Medium,Les Grands Classiques
2026-01-19 14:39:45,Chicken Delight,1,18.99,Large,Les Originales
2026-01-19 14:39:45,Bacon Groovy,1,17.49,Medium,Les Iconiques
2026-01-19 14:39:45,Super Veggie,1,17.49,Medium,Les Gourmandes Veggies
2026-01-19 14:39:45,Peppina,1,19.99,Large,Les Gourmandes Veggies
2026-01-19 15:13:54,Diavola Haché au bœuf,1,18.99,Large,Les Originales
2026-01-19 15:13:54,Indienne,1,18.99,Large,Les Grands Classiques
2026-01-19 15:13:54,Hawaïenne Poulet,1,20.99,XL,Les Grands Classiques
2026-01-19 15:17:39,Urban Kebab,1,23.49,XL,Les Originales
2026-01-19 15:45:44,Beef and Cheddar,1,20.99,Large,Éditions Limitées
2026-01-19 16:18:49,Urban Kebab,1,23.49,XL,Les Originales
2026-01-19 16:20:22,Diavola Pepperoni,1,21.99,XL,Les Originales
2026-01-19 16:20:22,Originale Pepperoni,1,18.99,XL,Les Bons Plans
2026-01-19 16:33:35,Hawaïenne Jambon,1,20.99,XL,Les Grands Classiques
2026-01-19 16:33:35,Margherita,1,15.99,Large,Les Bons Plans
2026-01-19 16:35:46,Pepperoni Party,1,20.49,Large,Les Iconiques
2026-01-19 16:46:00,Indienne,1,15.99,Medium,Les Grands Classiques
2026-01-19 16:46:00,Hawaïenne Jambon,1,20.99,XL,Les Grands Classiques
2026-01-19 16:46:00,Margherita,1,15.99,Large,Les Bons Plans
2026-01-19 16:46:00,Steak and Cheese,1,20.99,XL,Les Grands Classiques
2026-01-19 17:00:44,Ultimate Meat,1,17.99,Medium,Toujours Plus
2026-01-19 17:00:44,Hawaïenne Jambon,1,17.99,Large,Les Grands Classiques
2026-01-19 17:00:53,Ultimate Meat,1,17.99,Medium,Toujours Plus
2026-01-19 17:00:53,Divine 3 Fromages,1,21.99,XL,Éditions Limitées
2026-01-19 17:08:55,Urban Kebab,1,17.49,Medium,Les Originales
2026-01-19 17:08:55,Hawaïenne Poulet,1,17.99,Large,Les Grands Classiques
2026-01-19 17:09:15,Extravaganzza,1,17.99,Medium,Toujours Plus
2026-01-19 17:09:15,Cannibale,1,23.49,XL,Les Iconiques
2026-01-19 17:09:15,Kebab and Spicy,1,21.99,XL,Les Originales
2026-01-19 17:09:15,Cheesy and Veggie,1,20.99,XL,Les Gourmandes Veggies
2026-01-19 17:13:25,Chicken Delight,1,18.99,Large,Les Originales
2026-01-19 17:19:49,Margherita,1,15.99,Large,Les Bons Plans
2026-01-19 17:42:23,Ultimate Meat,1,17.99,Medium,Toujours Plus
2026-01-19 17:42:23,Forestière,1,23.49,XL,Les Grands Classiques
2026-01-19 17:46:46,Chèvre-Miel,1,18.99,Large,Les Iconiques
2026-01-19 17:46:46,Diavola Pepperoni,1,21.99,XL,Les Originales
2026-01-19 18:15:08,Ultimate Meat,1,17.99,Medium,Toujours Plus
2026-01-19 18:15:08,Steak and Cheese,1,20.99,XL,Les Grands Classiques
2026-01-19 18:16:44,Extravaganzza,1,17.99,Medium,Toujours Plus
2026-01-19 18:16:44,Algérienne,1,21.99,XL,Les Grands Classiques
2026-01-19 18:16:44,Margherita,1,18.99,XL,Les Bons Plans
2026-01-19 18:16:44,Hawaïenne Poulet,1,14.99,Medium,Les Grands Classiques
2026-01-19 18:21:36,Chicken BBQ,1,18.99,Large,Les Grands Classiques
2026-01-19 18:21:36,Hawaïenne Jambon,1,14.99,Medium,Les Grands Classiques
2026-01-19 18:29:26,Diavola Haché au bœuf,1,18.99,Large,Les Originales
2026-01-19 18:29:26,Forestière,1,20.49,Large,Les Grands Classiques
2026-01-19 18:45:40,Hawaïenne Jambon,1,14.99,Medium,Les Grands Classiques
2026-01-19 18:45:40,Royale Veggie,1,21.99,XL,Les Gourmandes Veggies
2026-01-19 18:48:46,Algérienne,1,15.99,Medium,Les Grands Classiques
2026-01-19 18:53:52,Extravaganzza,1,23.99,XL,Toujours Plus
2026-01-19 18:53:52,Diavola Pepperoni,1,15.99,Medium,Les Originales
2026-01-19 18:53:52,Peppina Vegan,1,16.99,Medium,Les Vegans
2026-01-19 18:59:54,Chicken Delight,1,18.99,Large,Les Originales
2026-01-19 18:59:54,Hawaïenne Poulet,1,20.99,XL,Les Grands Classiques
2026-01-19 19:00:20,Chicken Delight,1,18.99,Large,Les Originales
2026-01-19 19:00:20,Hawaïenne Jambon,1,20.99,XL,Les Grands Classiques
2026-01-19 19:00:20,Diavola Pepperoni,1,15.99,Medium,Les Originales
2026-01-19 19:03:05,Divine 3 Fromages,1,21.99,XL,Éditions Limitées
2026-01-19 19:03:05,Pepperoni Party,1,23.49,XL,Les Iconiques
2026-01-19 19:06:42,Super Veggie,1,23.49,XL,Les Gourmandes Veggies
2026-01-19 19:06:42,Originale Pepperoni,1,15.99,Large,Les Bons Plans
2026-01-19 19:51:37,Chicken Delight,1,15.99,Medium,Les Originales
2026-01-19 19:51:37,Divine 3 Fromages,1,21.99,XL,Éditions Limitées
2026-01-19 19:51:37,Chèvre-Miel,1,21.99,XL,Les Iconiques
2026-01-19 19:51:37,Originale Pepperoni,1,12.99,Medium,Les Bons Plans
2026-01-19 19:59:17,Forestière,1,23.49,XL,Les Grands Classiques
2026-01-19 19:59:17,Pêcheur,1,21.99,XL,Les Grands Classiques
2026-01-19 19:59:17,Diavola Pepperoni,1,21.99,XL,Les Originales
2026-01-19 19:59:17,Steak and Cheese,1,17.99,Large,Les Grands Classiques
2026-01-19 20:05:41,Diavola Pepperoni,1,15.99,Medium,Les Originales
2026-01-19 21:15:41,Originale Pepperoni,1,18.99,XL,Les Bons Plans
2026-01-19 21:59:06,Pepperoni Party,1,23.49,XL,Les Iconiques
2026-01-19 21:59:06,Hawaïenne Poulet,1,17.99,Large,Les Grands Classiques
2026-01-19 21:59:06,Peppina Vegan,1,16.99,Medium,Les Vegans
2026-01-19 22:13:28,Beef and Cheddar,1,23.99,XL,Éditions Limitées
2026-01-19 22:13:28,Peppina Vegan,1,19.99,Large,Les Vegans
2026-01-20 11:21:49,Royale Veggie,1,21.99,XL,Les Gourmandes Veggies
2026-01-20 11:25:59,Pepperoni Party,1,17.49,Medium,Les Iconiques
2026-01-20 11:25:59,Urban Kebab,1,17.49,Medium,Les Originales
2026-01-20 11:25:59,Kebab and Spicy,1,21.99,XL,Les Originales
2026-01-20 11:25:59,Steak and Cheese,1,14.99,Medium,Les Grands Classiques
2026-01-20 11:31:16,Forestière,1,23.49,XL,Les Grands Classiques
2026-01-20 11:31:16,Peppina,1,19.99,Large,Les Gourmandes Veggies
2026-01-20 11:31:16,Royale Veggie,1,18.99,Large,Les Gourmandes Veggies
2026-01-20 11:31:16,Originale Pepperoni,1,15.99,Large,Les Bons Plans
2026-01-20 11:31:16,Steak and Cheese,1,20.99,XL,Les Grands Classiques
2026-01-20 11:35:08,Margherita,1,15.99,Large,Les Bons Plans
2026-01-20 11:36:48,Urban Kebab,2,46.98,XL,Les Originales
2026-01-20 11:37:33,Ultimate Meat,1,17.99,Medium,Toujours Plus
2026-01-20 11:37:33,Divine 3 Fromages,1,21.99,XL,Éditions Limitées
2026-01-20 11:37:33,Pepperoni Party,1,23.49,XL,Les Iconiques
2026-01-20 12:02:21,Royale Veggie,1,21.99,XL,Les Gourmandes Veggies
2026-01-20 12:02:21,Cannibale,1,20.49,Large,Les Iconiques
2026-01-20 12:04:15,Bacon Groovy,1,17.49,Medium,Les Iconiques
2026-01-20 12:04:15,Rocket Veggie,1,15.99,Large,Les Gourmandes Veggies
2026-01-20 12:04:15,Kebab and Spicy,1,18.99,Large,Les Originales
2026-01-20 12:04:15,Chicken and Cheddar,1,20.49,Large,Éditions Limitées
2026-01-20 12:12:00,Chicken and Cheddar,1,20.49,Large,Éditions Limitées
2026-01-20 12:12:25,Beef and Cheddar,1,17.99,Medium,Éditions Limitées
2026-01-20 12:17:42,Ultimate Meat,1,17.99,Medium,Toujours Plus
2026-01-20 12:17:42,Pepperoni Party,1,20.49,Large,Les Iconiques
2026-01-20 12:22:41,Super Veggie,1,20.49,Large,Les Gourmandes Veggies
2026-01-20 12:22:41,Cannibale,1,23.49,XL,Les Iconiques
2026-01-20 12:39:05,Chicken Delight,1,15.99,Medium,Les Originales
2026-01-20 12:39:05,Bacon Groovy,1,17.49,Medium,Les Iconiques
2026-01-20 12:39:05,Extravaganzza,1,20.99,Large,Toujours Plus
2026-01-20 12:39:05,Extravaganzza,1,17.99,Medium,Toujours Plus
2026-01-20 12:39:05,Divine 3 Fromages,1,21.99,XL,Éditions Limitées
2026-01-20 12:39:05,Super Veggie,2,40.98,Large,Les Gourmandes Veggies
2026-01-20 12:39:05,Pepperoni Party,1,23.49,XL,Les Iconiques
2026-01-20 12:39:05,Pêcheur,1,18.99,Large,Les Grands Classiques
2026-01-20 12:39:05,Pêcheur,1,15.99,Medium,Les Grands Classiques
2026-01-20 12:39:05,Beef and Cheddar,1,23.99,XL,Éditions Limitées
2026-01-20 12:39:05,Algérienne,2,37.98,Large,Les Grands Classiques
2026-01-20 12:39:05,Hawaïenne Poulet,1,14.99,Medium,Les Grands Classiques
2026-01-20 12:43:36,Chèvre-Miel,1,21.99,XL,Les Iconiques
2026-01-20 12:44:23,Indienne,1,18.99,Large,Les Grands Classiques
2026-01-20 12:56:30,Ultimate Meat,1,17.99,Medium,Toujours Plus
2026-01-20 12:56:30,Extravaganzza,1,23.99,XL,Toujours Plus
2026-01-20 12:56:30,Divine 3 Fromages,1,21.99,XL,Éditions Limitées
2026-01-20 12:56:30,Forestière,1,23.49,XL,Les Grands Classiques
2026-01-20 12:56:30,Pepperoni Party,1,17.49,Medium,Les Iconiques
2026-01-20 12:56:30,Pêcheur,1,21.99,XL,Les Grands Classiques
2026-01-20 12:56:30,Crispy Cannibale,1,20.99,Large,Les Originales
2026-01-20 12:56:30,Urban Kebab,1,17.49,Medium,Les Originales
2026-01-20 12:56:30,Beef and Cheddar,1,20.99,Large,Éditions Limitées
2026-01-20 12:56:30,Algérienne,1,18.99,Large,Les Grands Classiques
2026-01-20 12:56:30,Kebab and Spicy,1,18.99,Large,Les Originales
2026-01-20 12:59:38,Divine 3 Fromages,1,21.99,XL,Éditions Limitées
2026-01-20 12:59:38,Originale Pepperoni,1,12.99,Medium,Les Bons Plans
2026-01-20 12:59:38,Cannibale,2,46.98,XL,Les Iconiques
2026-01-20 13:05:11,Hawaïenne Jambon,1,20.99,XL,Les Grands Classiques
2026-01-20 13:14:15,Forestière,1,20.49,Large,Les Grands Classiques
2026-01-20 13:16:58,Ultimate Meat,1,17.99,Medium,Toujours Plus
2026-01-20 13:16:58,Pêcheur,1,15.99,Medium,Les Grands Classiques
2026-01-20 13:17:45,Chicken Delight,1,21.99,XL,Les Originales
2026-01-20 13:17:45,Chicken Delight,1,18.99,Large,Les Originales
2026-01-20 13:17:45,Hawaïenne Poulet,1,17.99,Large,Les Grands Classiques
2026-01-20 14:06:41,Chicken Delight,1,21.99,XL,Les Originales
2026-01-20 14:14:54,Chicken Delight,1,21.99,XL,Les Originales
2026-01-20 14:14:54,Pepperoni Party,1,20.49,Large,Les Iconiques
2026-01-20 14:14:54,Diavola Pepperoni,1,15.99,Medium,Les Originales
2026-01-20 14:21:41,Hawaïenne Poulet,1,20.99,XL,Les Grands Classiques
2026-01-20 14:40:02,Diavola Haché au bœuf,1,15.99,Medium,Les Originales
2026-01-20 14:40:02,Chicken and Cheddar,1,17.49,Medium,Éditions Limitées
2026-01-20 14:47:28,Chicken Delight,1,15.99,Medium,Les Originales
2026-01-20 15:13:31,Diavola Pepperoni,1,21.99,XL,Les Originales
2026-01-20 15:13:31,Peppina Vegan,1,19.99,Large,Les Vegans
2026-01-20 15:15:26,Divine 3 Fromages,1,21.99,XL,Éditions Limitées
2026-01-20 15:15:26,Pepperoni Party,1,23.49,XL,Les Iconiques
2026-01-20 15:25:08,Peppina Vegan,1,16.99,Medium,Les Vegans
2026-01-20 15:28:09,Cannibale,1,23.49,XL,Les Iconiques
2026-01-20 15:58:05,Peppina Vegan,1,19.99,Large,Les Vegans
2026-01-20 16:08:25,Forestière,1,23.49,XL,Les Grands Classiques
2026-01-20 16:08:25,Peppina,1,19.99,Large,Les Gourmandes Veggies
2026-01-20 16:08:25,Originale Pepperoni,1,15.99,Large,Les Bons Plans
2026-01-20 16:37:24,Chicken BBQ,1,18.99,Large,Les Grands Classiques
2026-01-20 16:41:58,Extravaganzza,1,17.99,Medium,Toujours Plus
2026-01-20 16:53:23,Extravaganzza,1,20.99,Large,Toujours Plus
2026-01-20 16:53:23,Steak and Cheese,1,14.99,Medium,Les Grands Classiques
2026-01-20 16:57:05,Chèvre-Miel,1,21.99,XL,Les Iconiques
2026-01-20 16:57:05,Peppina Vegan,1,16.99,Medium,Les Vegans
2026-01-20 17:02:58,Beef and Cheddar,1,23.99,XL,Éditions Limitées
2026-01-20 17:02:58,Chicken and Cheddar,1,17.49,Medium,Éditions Limitées
2026-01-20 17:05:14,Forestière,1,17.49,Medium,Les Grands Classiques
2026-01-20 17:05:14,Crispy Cannibale,1,20.99,Large,Les Originales
2026-01-20 17:05:14,Urban Kebab,1,23.49,XL,Les Originales
2026-01-20 17:05:14,Beef and Cheddar,1,23.99,XL,Éditions Limitées
2026-01-20 17:05:19,Extravaganzza,1,20.99,Large,Toujours Plus
2026-01-20 17:05:19,Crispy Cannibale,1,20.99,Large,Les Originales
2026-01-20 17:05:19,Urban Kebab,1,17.49,Medium,Les Originales
2026-01-20 17:05:19,Kebab and Spicy,1,15.99,Medium,Les Originales
2026-01-20 17:27:29,Extravaganzza,1,20.99,Large,Toujours Plus
2026-01-20 17:27:29,Originale Pepperoni,1,12.99,Medium,Les Bons Plans
2026-01-20 18:01:13,Kebab and Spicy,1,21.99,XL,Les Originales
2026-01-20 18:02:28,Beef and Cheddar,1,23.99,XL,Éditions Limitées
2026-01-20 18:12:31,4 Fromages,1,17.49,Medium,Les Iconiques
2026-01-20 18:12:31,Divine 3 Fromages,1,21.99,XL,Éditions Limitées
2026-01-20 18:17:53,Chicken Delight,1,21.99,XL,Les Originales
2026-01-20 18:33:48,Chicken BBQ,1,18.99,Large,Les Grands Classiques
2026-01-20 18:33:48,4 Fromages,1,17.49,Medium,Les Iconiques
2026-01-20 18:33:48,Divine 3 Fromages,1,21.99,XL,Éditions Limitées
2026-01-20 18:33:48,Cheesy and Veggie,1,20.99,XL,Les Gourmandes Veggies
2026-01-20 18:51:30,Chicken Delight,1,21.99,XL,Les Originales
2026-01-20 18:51:30,Originale Pepperoni,1,18.99,XL,Les Bons Plans
2026-01-20 19:04:35,Chicken and Cheddar,1,23.49,XL,Éditions Limitées
2026-01-20 19:10:26,Hawaïenne Jambon,1,20.99,XL,Les Grands Classiques
2026-01-20 19:19:55,Chèvre-Miel,1,21.99,XL,Les Iconiques
2026-01-20 19:19:55,Hawaïenne Poulet,1,20.99,XL,Les Grands Classiques
2026-01-20 19:21:40,Algérienne,1,18.99,Large,Les Grands Classiques
2026-01-20 19:25:25,Chicken and Cheddar,1,23.49,XL,Éditions Limitées
2026-01-20 19:40:47,Chicken BBQ,1,18.99,Large,Les Grands Classiques
2026-01-20 19:43:15,Extravaganzza,1,20.99,Large,Toujours Plus
2026-01-20 19:43:15,Crispy Cannibale,1,23.99,XL,Les Originales
2026-01-20 19:56:41,Pepperoni Party,1,23.49,XL,Les Iconiques
2026-01-20 19:56:41,Pêcheur,1,18.99,Large,Les Grands Classiques
2026-01-20 20:15:27,Hawaïenne Poulet,1,20.99,XL,Les Grands Classiques
2026-01-20 20:26:22,Chicken Delight,1,18.99,Large,Les Originales
2026-01-20 20:26:22,Crispy Cannibale,1,23.99,XL,Les Originales
2026-01-20 20:26:22,Urban Kebab,1,17.49,Medium,Les Originales
2026-01-20 20:26:22,Peppina Vegan,1,16.99,Medium,Les Vegans
2026-01-20 20:27:18,Crispy Cannibale,1,23.99,XL,Les Originales
2026-01-20 20:27:18,Kebab and Spicy,1,18.99,Large,Les Originales
2026-01-20 20:39:52,Chicken Delight,1,15.99,Medium,Les Originales
2026-01-20 20:39:52,Divine 3 Fromages,1,21.99,XL,Éditions Limitées
2026-01-20 20:39:52,Algérienne,1,15.99,Medium,Les Grands Classiques
2026-01-20 20:44:41,Divine 3 Fromages,1,21.99,XL,Éditions Limitées
2026-01-20 20:44:41,Margherita,1,18.99,XL,Les Bons Plans
2026-01-20 20:53:41,Super Veggie,1,17.49,Medium,Les Gourmandes Veggies
2026-01-20 22:02:08,Rocket Veggie,1,12.99,Medium,Les Gourmandes Veggies
2026-01-20 22:10:20,Indienne,1,18.99,Large,Les Grands Classiques
2026-01-20 22:14:41,Indienne,1,18.99,Large,Les Grands Classiques
2026-01-20 22:14:41,Cannibale,1,20.49,Large,Les Iconiques
2026-01-20 22:40:10,Divine 3 Fromages,1,21.99,XL,Éditions Limitées
2026-01-20 22:40:10,Kebab and Spicy,1,21.99,XL,Les Originales
2026-01-21 11:50:26,Ultimate Meat,1,17.99,Medium,Toujours Plus
2026-01-21 11:54:22,Pepperoni Party,1,23.49,XL,Les Iconiques
2026-01-21 12:23:38,Ultimate Meat,1,17.99,Medium,Toujours Plus
2026-01-21 12:23:38,Hawaïenne Jambon,1,20.99,XL,Les Grands Classiques
2026-01-21 12:23:38,Urban Kebab,1,17.49,Medium,Les Originales
2026-01-21 12:23:38,Peppina Vegan,1,19.99,Large,Les Vegans
2026-01-21 12:29:13,Peppina Vegan,1,19.99,Large,Les Vegans
2026-01-21 12:38:38,Chicken Delight,1,15.99,Medium,Les Originales
2026-01-21 12:38:38,Extravaganzza,1,20.99,Large,Toujours Plus
2026-01-21 12:38:38,Divine 3 Fromages,1,21.99,XL,Éditions Limitées
2026-01-21 12:38:38,Hawaïenne Jambon,1,20.99,XL,Les Grands Classiques
2026-01-21 12:38:38,Forestière,1,20.49,Large,Les Grands Classiques
2026-01-21 12:38:38,Pepperoni Party,1,20.49,Large,Les Iconiques
2026-01-21 12:38:38,Cannibale,1,23.49,XL,Les Iconiques
2026-01-21 12:38:38,Urban Kebab,1,23.49,XL,Les Originales
2026-01-21 12:38:38,Urban Kebab,1,17.49,Medium,Les Originales
2026-01-21 12:38:38,Hawaïenne Poulet,1,20.99,XL,Les Grands Classiques
2026-01-21 12:52:42,Diavola Haché au bœuf,1,18.99,Large,Les Originales
2026-01-21 12:52:42,Chicken and Cheddar,1,17.49,Medium,Éditions Limitées
2026-01-21 13:03:21,Forestière,1,17.49,Medium,Les Grands Classiques
2026-01-21 13:13:52,Chèvre-Miel,2,43.98,XL,Les Iconiques
2026-01-21 13:13:52,Peppina Vegan,1,16.99,Medium,Les Vegans
2026-01-21 13:20:41,Chicken Delight,1,18.99,Large,Les Originales
2026-01-21 13:37:51,Cheesy and Veggie,1,14.99,Medium,Les Gourmandes Veggies
2026-01-21 13:42:25,Rocket Veggie,1,12.99,Medium,Les Gourmandes Veggies
2026-01-21 13:42:25,Originale Pepperoni,1,18.99,XL,Les Bons Plans
2026-01-21 13:58:53,Originale Pepperoni,1,12.99,Medium,Les Bons Plans
2026-01-21 13:58:53,Algérienne,1,15.99,Medium,Les Grands Classiques
2026-01-21 14:00:05,Chicken BBQ,1,18.99,Large,Les Grands Classiques
2026-01-21 14:00:05,Chicken Delight,1,18.99,Large,Les Originales
2026-01-21 14:00:05,Chèvre-Miel,1,21.99,XL,Les Iconiques
2026-01-21 14:00:05,Forestière,2,46.98,XL,Les Grands Classiques
2026-01-21 14:00:05,Pepperoni Party,1,23.49,XL,Les Iconiques
2026-01-21 14:00:05,Pepperoni Party,1,20.49,Large,Les Iconiques
2026-01-21 14:00:05,Peppina,1,22.99,XL,Les Gourmandes Veggies
2026-01-21 14:00:05,Royale Veggie,1,18.99,Large,Les Gourmandes Veggies
2026-01-21 14:00:05,Algérienne,1,21.99,XL,Les Grands Classiques
2026-01-21 14:00:05,Peppina Vegan,1,19.99,Large,Les Vegans
2026-01-21 14:00:05,Peppina Vegan,1,16.99,Medium,Les Vegans
2026-01-21 14:02:04,Margherita,1,18.99,XL,Les Bons Plans
2026-01-21 14:08:29,Chicken BBQ,1,18.99,Large,Les Grands Classiques
2026-01-21 14:26:35,Chicken Delight,1,15.99,Medium,Les Originales
2026-01-21 14:27:30,Originale Pepperoni,1,18.99,XL,Les Bons Plans
2026-01-21 14:27:30,Crispy Cannibale,1,23.99,XL,Les Originales
2026-01-21 14:27:30,Kebab and Spicy,1,15.99,Medium,Les Originales
2026-01-21 14:27:30,Margherita,1,12.99,Medium,Les Bons Plans
2026-01-21 15:13:10,Diavola Pepperoni,1,15.99,Medium,Les Originales
2026-01-21 15:13:10,Urban Kebab,1,23.49,XL,Les Originales
2026-01-21 15:13:10,Steak and Cheese,1,20.99,XL,Les Grands Classiques
2026-01-21 15:13:10,Peppina Vegan,1,19.99,Large,Les Vegans
2026-01-21 15:20:03,Diavola Haché au bœuf,1,18.99,Large,Les Originales
2026-01-21 15:23:36,Bacon Groovy,1,17.49,Medium,Les Iconiques
2026-01-21 15:23:36,Originale Pepperoni,1,12.99,Medium,Les Bons Plans
2026-01-21 15:32:23,Extravaganzza,1,20.99,Large,Toujours Plus
2026-01-21 15:32:23,Hawaïenne Poulet,1,20.99,XL,Les Grands Classiques
2026-01-21 15:36:37,Cannibale,1,20.49,Large,Les Iconiques
2026-01-21 15:45:47,Pêcheur,1,15.99,Medium,Les Grands Classiques
2026-01-21 15:45:47,Hawaïenne Poulet,1,20.99,XL,Les Grands Classiques
2026-01-21 15:59:07,Originale Pepperoni,1,12.99,Medium,Les Bons Plans
2026-01-21 15:59:07,Urban Kebab,1,17.49,Medium,Les Originales
2026-01-21 16:10:57,Ultimate Meat,1,17.99,Medium,Toujours Plus
2026-01-21 16:10:57,Chèvre-Miel,1,21.99,XL,Les Iconiques
2026-01-21 16:10:57,Forestière,1,20.49,Large,Les Grands Classiques
2026-01-21 16:10:57,Pêcheur,1,15.99,Medium,Les Grands Classiques
2026-01-21 16:20:21,Hawaïenne Jambon,1,14.99,Medium,Les Grands Classiques
2026-01-21 16:26:36,Peppina,1,19.99,Large,Les Gourmandes Veggies
2026-01-21 16:26:36,Pêcheur,1,15.99,Medium,Les Grands Classiques
2026-01-21 16:28:19,Hawaïenne Jambon,1,14.99,Medium,Les Grands Classiques
2026-01-21 16:38:28,Peppina,1,22.99,XL,Les Gourmandes Veggies
2026-01-21 16:38:28,Diavola Pepperoni,1,18.99,Large,Les Originales
2026-01-21 16:38:28,Chicken and Cheddar,1,17.49,Medium,Éditions Limitées
2026-01-21 16:38:28,Hawaïenne Poulet,1,20.99,XL,Les Grands Classiques
2026-01-21 16:45:04,Chicken Delight,1,18.99,Large,Les Originales
2026-01-21 16:45:04,Kebab and Spicy,1,18.99,Large,Les Originales
2026-01-21 16:50:36,Originale Pepperoni,1,15.99,Large,Les Bons Plans
2026-01-21 16:50:36,Cannibale,1,23.49,XL,Les Iconiques
2026-01-21 16:50:36,Beef and Cheddar,1,23.99,XL,Éditions Limitées
2026-01-21 16:50:36,Peppina Vegan,1,19.99,Large,Les Vegans
2026-01-21 17:11:27,Chicken Delight,1,18.99,Large,Les Originales
2026-01-21 17:11:27,Chèvre-Miel,1,21.99,XL,Les Iconiques
2026-01-21 17:11:27,Super Veggie,1,17.49,Medium,Les Gourmandes Veggies
2026-01-21 17:11:27,Forestière,1,17.49,Medium,Les Grands Classiques
2026-01-21 17:36:59,Hawaïenne Jambon,1,17.99,Large,Les Grands Classiques
2026-01-21 17:36:59,Margherita,1,15.99,Large,Les Bons Plans
2026-01-21 17:55:58,Super Veggie,1,20.49,Large,Les Gourmandes Veggies
2026-01-21 17:55:58,Diavola Pepperoni,1,18.99,Large,Les Originales
2026-01-21 17:55:58,Hawaïenne Poulet,1,20.99,XL,Les Grands Classiques
2026-01-21 17:56:32,Rocket Veggie,1,18.99,XL,Les Gourmandes Veggies
2026-01-21 18:10:40,Diavola Haché au bœuf,1,18.99,Large,Les Originales
2026-01-21 18:10:40,Urban Kebab,1,17.49,Medium,Les Originales
2026-01-21 18:18:51,Bacon Groovy,1,23.49,XL,Les Iconiques
2026-01-21 18:18:51,Divine 3 Fromages,1,21.99,XL,Éditions Limitées
2026-01-21 18:18:51,Rocket Veggie,1,12.99,Medium,Les Gourmandes Veggies
2026-01-21 18:18:51,Hawaïenne Poulet,1,14.99,Medium,Les Grands Classiques
2026-01-21 18:22:29,Chicken Delight,1,15.99,Medium,Les Originales
2026-01-21 18:40:50,Indienne,1,18.99,Large,Les Grands Classiques
2026-01-21 18:40:50,Beef and Cheddar,1,17.99,Medium,Éditions Limitées
2026-01-21 18:40:50,Peppina Vegan,1,19.99,Large,Les Vegans
2026-01-21 18:43:02,Chicken BBQ,1,21.99,XL,Les Grands Classiques
2026-01-21 18:43:02,Bacon Groovy,1,17.49,Medium,Les Iconiques
2026-01-21 18:43:02,Margherita,1,18.99,XL,Les Bons Plans
2026-01-21 18:50:51,Urban Kebab,1,20.49,Large,Les Originales
2026-01-21 18:50:51,Urban Kebab,1,17.49,Medium,Les Originales
2026-01-21 18:50:51,Hawaïenne Poulet,1,20.99,XL,Les Grands Classiques
2026-01-21 18:50:51,Steak and Cheese,1,20.99,XL,Les Grands Classiques
2026-01-21 19:02:27,Crispy Cannibale,1,20.99,Large,Les Originales
2026-01-21 19:02:27,Kebab and Spicy,1,15.99,Medium,Les Originales
2026-01-21 19:24:32,Chicken BBQ,1,15.99,Medium,Les Grands Classiques
2026-01-21 19:24:32,4 Fromages,1,17.49,Medium,Les Iconiques
2026-01-21 19:24:32,Pêcheur,1,18.99,Large,Les Grands Classiques
2026-01-21 19:24:32,Originale Pepperoni,1,18.99,XL,Les Bons Plans
2026-01-21 19:26:35,Indienne,1,18.99,Large,Les Grands Classiques
2026-01-21 19:36:04,Ultimate Meat,1,17.99,Medium,Toujours Plus
2026-01-21 19:36:04,Divine 3 Fromages,1,21.99,XL,Éditions Limitées
2026-01-21 19:36:04,Chicken and Cheddar,1,17.49,Medium,Éditions Limitées
2026-01-21 19:54:37,Extravaganzza,1,20.99,Large,Toujours Plus
2026-01-21 19:54:37,Chèvre-Miel,1,21.99,XL,Les Iconiques
2026-01-21 19:54:37,Hawaïenne Jambon,1,14.99,Medium,Les Grands Classiques
2026-01-21 20:13:51,Chicken and Cheddar,1,17.49,Medium,Éditions Limitées
2026-01-21 20:40:44,Chèvre-Miel,1,21.99,XL,Les Iconiques
2026-01-21 20:40:44,Chicken and Cheddar,1,17.49,Medium,Éditions Limitées
2026-01-21 21:09:08,Ultimate Meat,1,17.99,Medium,Toujours Plus
2026-01-21 21:09:08,Peppina,1,19.99,Large,Les Gourmandes Veggies
2026-01-21 21:09:08,Originale Pepperoni,1,15.99,Large,Les Bons Plans
2026-01-21 21:09:08,Crispy Cannibale,1,20.99,Large,Les Originales
2026-01-21 21:12:37,Crispy Cannibale,1,20.99,Large,Les Originales
2026-01-21 21:32:07,Chicken Delight,1,21.99,XL,Les Originales
2026-01-22 11:34:52,Rocket Veggie,1,18.99,XL,Les Gourmandes Veggies
2026-01-22 11:34:52,Algérienne,1,18.99,Large,Les Grands Classiques
2026-01-22 11:56:03,4 Fromages,1,17.49,Medium,Les Iconiques
2026-01-22 11:56:03,Urban Kebab,1,23.49,XL,Les Originales
2026-01-22 12:05:34,Peppina,1,16.99,Medium,Les Gourmandes Veggies
2026-01-22 12:05:34,Margherita,1,12.99,Medium,Les Bons Plans
2026-01-22 12:05:34,Peppina Vegan,1,16.99,Medium,Les Vegans
2026-01-22 12:06:15,Pepperoni Party,1,17.49,Medium,Les Iconiques
2026-01-22 12:07:53,Chèvre-Miel,1,18.99,Large,Les Iconiques
2026-01-22 12:07:53,Urban Kebab,1,20.49,Large,Les Originales
2026-01-22 12:07:53,Peppina Vegan,1,19.99,Large,Les Vegans
2026-01-22 12:18:53,Chicken Delight,1,18.99,Large,Les Originales
2026-01-22 12:22:47,Chicken BBQ,1,15.99,Medium,Les Grands Classiques
2026-01-22 12:31:07,Peppina Vegan,1,16.99,Medium,Les Vegans
2026-01-22 12:32:00,Ultimate Meat,1,17.99,Medium,Toujours Plus
2026-01-22 12:32:00,Bacon Groovy,1,17.49,Medium,Les Iconiques
2026-01-22 12:32:00,Originale Pepperoni,1,12.99,Medium,Les Bons Plans
2026-01-22 12:32:00,Steak and Cheese,1,20.99,XL,Les Grands Classiques
2026-01-22 12:32:33,Royale Veggie,1,15.99,Medium,Les Gourmandes Veggies
2026-01-22 12:39:12,Divine 3 Fromages,1,21.99,XL,Éditions Limitées
2026-01-22 12:58:30,Kebab and Spicy,1,21.99,XL,Les Originales
2026-01-22 12:58:30,Margherita,1,15.99,Large,Les Bons Plans
2026-01-22 12:59:26,Chicken BBQ,1,18.99,Large,Les Grands Classiques
2026-01-22 12:59:26,Divine 3 Fromages,1,21.99,XL,Éditions Limitées
2026-01-22 12:59:26,Hawaïenne Jambon,1,14.99,Medium,Les Grands Classiques
2026-01-22 12:59:26,Peppina,1,22.99,XL,Les Gourmandes Veggies
2026-01-22 12:59:26,Rocket Veggie,1,15.99,Large,Les Gourmandes Veggies
2026-01-22 12:59:26,Pêcheur,1,21.99,XL,Les Grands Classiques
2026-01-22 12:59:26,Diavola Pepperoni,2,31.98,Medium,Les Originales
2026-01-22 12:59:26,Algérienne,1,15.99,Medium,Les Grands Classiques
2026-01-22 12:59:26,Cheesy and Veggie,1,14.99,Medium,Les Gourmandes Veggies
2026-01-22 12:59:26,Hawaïenne Poulet,1,17.99,Large,Les Grands Classiques
2026-01-22 12:59:26,Peppina Vegan,1,19.99,Large,Les Vegans
2026-01-22 12:59:51,Chicken BBQ,1,18.99,Large,Les Grands Classiques
2026-01-22 12:59:51,Bacon Groovy,1,20.49,Large,Les Iconiques
2026-01-22 13:01:27,Diavola Pepperoni,1,18.99,Large,Les Originales
2026-01-22 13:01:39,Hawaïenne Jambon,1,20.99,XL,Les Grands Classiques
2026-01-22 13:01:39,Pepperoni Party,1,20.49,Large,Les Iconiques
2026-01-22 13:01:39,Hawaïenne Poulet,1,20.99,XL,Les Grands Classiques
2026-01-22 13:04:41,Diavola Haché au bœuf,1,18.99,Large,Les Originales
2026-01-22 13:12:15,Peppina Vegan,1,19.99,Large,Les Vegans
2026-01-22 13:14:17,Extravaganzza,2,41.98,Large,Toujours Plus
2026-01-22 13:14:17,Pêcheur,1,15.99,Medium,Les Grands Classiques
2026-01-22 13:14:17,Algérienne,1,21.99,XL,Les Grands Classiques
2026-01-22 13:14:37,Bacon Groovy,1,17.49,Medium,Les Iconiques
2026-01-22 13:14:37,Royale Veggie,1,15.99,Medium,Les Gourmandes Veggies
2026-01-22 13:21:57,Ultimate Meat,1,17.99,Medium,Toujours Plus
2026-01-22 13:24:14,Chicken BBQ,1,18.99,Large,Les Grands Classiques
2026-01-22 13:24:14,Chicken BBQ,1,15.99,Medium,Les Grands Classiques
2026-01-22 13:24:14,Chicken Delight,1,21.99,XL,Les Originales
2026-01-22 13:24:14,Indienne,1,21.99,XL,Les Grands Classiques
2026-01-22 13:24:14,Bacon Groovy,1,23.49,XL,Les Iconiques
2026-01-22 13:24:14,Extravaganzza,1,17.99,Medium,Toujours Plus
2026-01-22 13:24:14,Chèvre-Miel,1,21.99,XL,Les Iconiques
2026-01-22 13:24:14,Hawaïenne Jambon,1,14.99,Medium,Les Grands Classiques
2026-01-22 13:24:14,Peppina,1,22.99,XL,Les Gourmandes Veggies
2026-01-22 13:24:14,Urban Kebab,1,20.49,Large,Les Originales
2026-01-22 13:24:14,Margherita,2,37.98,XL,Les Bons Plans
2026-01-22 13:24:14,Hawaïenne Poulet,1,14.99,Medium,Les Grands Classiques
2026-01-22 13:24:14,Peppina Vegan,1,19.99,Large,Les Vegans
2026-01-22 13:26:25,Peppina,1,19.99,Large,Les Gourmandes Veggies
2026-01-22 13:46:36,Peppina,1,19.99,Large,Les Gourmandes Veggies
2026-01-22 13:46:44,Extravaganzza,1,20.99,Large,Toujours Plus
2026-01-22 13:46:44,Chicken and Cheddar,1,20.49,Large,Éditions Limitées
2026-01-22 14:07:34,Chicken BBQ,1,21.99,XL,Les Grands Classiques
2026-01-22 14:07:34,Margherita,1,15.99,Large,Les Bons Plans
2026-01-22 14:07:34,Hawaïenne Poulet,1,20.99,XL,Les Grands Classiques
2026-01-22 14:07:34,Steak and Cheese,1,17.99,Large,Les Grands Classiques
2026-01-22 14:16:38,Kebab and Spicy,1,21.99,XL,Les Originales
2026-01-22 14:16:38,Kebab and Spicy,1,18.99,Large,Les Originales
2026-01-22 14:44:54,Chèvre-Miel,1,21.99,XL,Les Iconiques
2026-01-22 15:13:10,Urban Kebab,1,20.49,Large,Les Originales
2026-01-22 15:16:54,Ultimate Meat,1,17.99,Medium,Toujours Plus
2026-01-22 15:16:54,Originale Pepperoni,1,12.99,Medium,Les Bons Plans
2026-01-22 15:47:42,Bacon Groovy,1,20.49,Large,Les Iconiques
2026-01-22 15:47:42,Extravaganzza,1,17.99,Medium,Toujours Plus
2026-01-22 15:47:42,Pepperoni Party,1,17.49,Medium,Les Iconiques
2026-01-22 15:47:42,Kebab and Spicy,1,15.99,Medium,Les Originales
2026-01-22 15:53:38,Chicken Delight,1,15.99,Medium,Les Originales
2026-01-22 15:53:38,Hawaïenne Jambon,1,17.99,Large,Les Grands Classiques
2026-01-22 16:18:42,Originale Pepperoni,1,12.99,Medium,Les Bons Plans
2026-01-22 16:18:42,Cheesy and Veggie,1,14.99,Medium,Les Gourmandes Veggies
2026-01-22 16:29:13,Hawaïenne Jambon,1,20.99,XL,Les Grands Classiques
2026-01-22 16:29:13,Originale Pepperoni,1,15.99,Large,Les Bons Plans
2026-01-22 16:38:25,Extravaganzza,1,17.99,Medium,Toujours Plus
2026-01-22 17:10:07,Indienne,1,18.99,Large,Les Grands Classiques
2026-01-22 17:11:54,Chicken BBQ,1,21.99,XL,Les Grands Classiques
2026-01-22 17:11:54,Extravaganzza,1,20.99,Large,Toujours Plus
2026-01-22 17:17:19,Chicken BBQ,1,18.99,Large,Les Grands Classiques
2026-01-22 17:17:19,Diavola Pepperoni,1,15.99,Medium,Les Originales
2026-01-22 17:17:19,Kebab and Spicy,1,21.99,XL,Les Originales
2026-01-22 17:17:19,Steak and Cheese,1,20.99,XL,Les Grands Classiques
2026-01-22 17:20:13,Pêcheur,1,21.99,XL,Les Grands Classiques
2026-01-22 17:20:13,Originale Pepperoni,1,15.99,Large,Les Bons Plans
2026-01-22 17:20:13,Kebab and Spicy,1,15.99,Medium,Les Originales
2026-01-22 17:20:13,Steak and Cheese,1,17.99,Large,Les Grands Classiques
2026-01-22 17:35:48,Divine 3 Fromages,1,21.99,XL,Éditions Limitées
2026-01-22 17:35:48,Hawaïenne Jambon,1,14.99,Medium,Les Grands Classiques
2026-01-22 17:37:59,Diavola Pepperoni,1,15.99,Medium,Les Originales
2026-01-22 17:43:01,Hawaïenne Jambon,1,20.99,XL,Les Grands Classiques
2026-01-22 17:43:01,Peppina,1,22.99,XL,Les Gourmandes Veggies
2026-01-22 17:44:59,Chicken Delight,1,18.99,Large,Les Originales
2026-01-22 17:44:59,Chicken Delight,1,15.99,Medium,Les Originales
2026-01-22 17:44:59,Pepperoni Party,1,23.49,XL,Les Iconiques
2026-01-22 17:46:53,Indienne,1,18.99,Large,Les Grands Classiques
2026-01-22 17:46:53,Chèvre-Miel,1,18.99,Large,Les Iconiques
2026-01-22 17:51:53,Extravaganzza,1,17.99,Medium,Toujours Plus
2026-01-22 17:51:53,Rocket Veggie,1,12.99,Medium,Les Gourmandes Veggies
2026-01-22 17:51:53,Urban Kebab,1,23.49,XL,Les Originales
2026-01-22 17:51:53,Kebab and Spicy,1,15.99,Medium,Les Originales
2026-01-22 17:54:25,Divine 3 Fromages,1,21.99,XL,Éditions Limitées
2026-01-22 17:54:25,Pêcheur,1,15.99,Medium,Les Grands Classiques
2026-01-22 17:54:25,Steak and Cheese,1,20.99,XL,Les Grands Classiques
2026-01-22 17:56:07,Pepperoni Party,1,20.49,Large,Les Iconiques
2026-01-22 17:56:07,Originale Pepperoni,1,12.99,Medium,Les Bons Plans
2026-01-22 17:56:07,Urban Kebab,1,17.49,Medium,Les Originales
2026-01-22 18:28:51,Originale Pepperoni,1,12.99,Medium,Les Bons Plans
2026-01-22 18:28:51,Algérienne,1,15.99,Medium,Les Grands Classiques
2026-01-22 18:42:08,Chicken BBQ,1,15.99,Medium,Les Grands Classiques
2026-01-22 18:42:08,Extravaganzza,1,17.99,Medium,Toujours Plus
2026-01-22 18:42:08,Hawaïenne Poulet,1,20.99,XL,Les Grands Classiques
2026-01-22 18:42:08,Steak and Cheese,1,20.99,XL,Les Grands Classiques
2026-01-22 18:44:04,Hawaïenne Jambon,1,20.99,XL,Les Grands Classiques
2026-01-22 18:44:04,Hawaïenne Jambon,1,14.99,Medium,Les Grands Classiques
2026-01-22 18:53:13,Ultimate Meat,1,17.99,Medium,Toujours Plus
2026-01-22 18:53:13,Royale Veggie,1,21.99,XL,Les Gourmandes Veggies
2026-01-22 18:53:13,Royale Veggie,1,18.99,Large,Les Gourmandes Veggies
2026-01-22 18:53:13,Crispy Cannibale,1,17.99,Medium,Les Originales
2026-01-22 19:02:50,Originale Pepperoni,1,15.99,Large,Les Bons Plans
2026-01-22 19:24:01,Urban Kebab,1,17.49,Medium,Les Originales
2026-01-22 19:35:25,Divine 3 Fromages,1,21.99,XL,Éditions Limitées
2026-01-22 19:35:25,Algérienne,1,15.99,Medium,Les Grands Classiques
2026-01-22 19:39:20,4 Fromages,1,17.49,Medium,Les Iconiques
2026-01-22 19:43:14,Diavola Haché au bœuf,1,21.99,XL,Les Originales
2026-01-22 20:04:42,Extravaganzza,1,17.99,Medium,Toujours Plus
2026-01-22 20:19:33,Chicken Delight,1,18.99,Large,Les Originales
2026-01-22 20:19:33,Margherita,1,15.99,Large,Les Bons Plans
2026-01-22 20:21:28,Divine 3 Fromages,1,21.99,XL,Éditions Limitées
2026-01-22 20:21:28,Hawaïenne Poulet,1,14.99,Medium,Les Grands Classiques
2026-01-22 20:23:41,Margherita,1,12.99,Medium,Les Bons Plans
2026-01-22 20:24:29,Originale Pepperoni,1,18.99,XL,Les Bons Plans
2026-01-22 20:40:55,Extravaganzza,1,17.99,Medium,Toujours Plus
2026-01-22 20:40:55,Pêcheur,1,21.99,XL,Les Grands Classiques
2026-01-22 20:40:55,Peppina Vegan,1,19.99,Large,Les Vegans
2026-01-22 20:46:44,Cannibale,1,23.49,XL,Les Iconiques
2026-01-22 20:46:44,Cheesy and Veggie,1,14.99,Medium,Les Gourmandes Veggies
2026-01-22 20:48:12,Pêcheur,1,21.99,XL,Les Grands Classiques
2026-01-22 21:00:41,Hawaïenne Poulet,1,20.99,XL,Les Grands Classiques
2026-01-22 21:36:48,Pepperoni Party,1,23.49,XL,Les Iconiques
2026-01-22 21:36:48,Hawaïenne Poulet,1,17.99,Large,Les Grands Classiques
2026-01-22 22:24:05,Originale Pepperoni,1,12.99,Medium,Les Bons Plans
2026-01-22 22:24:05,Crispy Cannibale,1,23.99,XL,Les Originales
2026-01-22 22:24:05,Cheesy and Veggie,1,17.99,Large,Les Gourmandes Veggies
2026-01-22 23:02:31,Divine 3 Fromages,1,21.99,XL,Éditions Limitées
2026-01-22 23:02:31,Algérienne,1,15.99,Medium,Les Grands Classiques
2026-01-23 11:17:12,Divine 3 Fromages,1,21.99,XL,Éditions Limitées
2026-01-23 11:17:12,Pêcheur,1,15.99,Medium,Les Grands Classiques
2026-01-23 11:17:12,Crispy Cannibale,1,17.99,Medium,Les Originales
2026-01-23 11:28:28,Chicken Delight,1,21.99,XL,Les Originales
2026-01-23 11:28:28,Crispy Cannibale,1,23.99,XL,Les Originales
2026-01-23 11:45:37,Divine 3 Fromages,1,21.99,XL,Éditions Limitées
2026-01-23 11:45:37,Hawaïenne Jambon,1,20.99,XL,Les Grands Classiques
2026-01-23 11:45:37,Hawaïenne Jambon,1,17.99,Large,Les Grands Classiques
2026-01-23 11:45:37,Forestière,1,20.49,Large,Les Grands Classiques
2026-01-23 11:45:37,Royale Veggie,1,18.99,Large,Les Gourmandes Veggies
2026-01-23 11:45:37,Diavola Pepperoni,1,21.99,XL,Les Originales
2026-01-23 11:45:37,Urban Kebab,2,34.98,Medium,Les Originales
2026-01-23 11:45:37,Algérienne,1,15.99,Medium,Les Grands Classiques
2026-01-23 11:45:37,Steak and Cheese,1,17.99,Large,Les Grands Classiques
2026-01-23 11:46:56,Diavola Haché au bœuf,1,18.99,Large,Les Originales
2026-01-23 11:46:56,Pêcheur,1,15.99,Medium,Les Grands Classiques
2026-01-23 11:46:56,Cannibale,1,23.49,XL,Les Iconiques
2026-01-23 11:50:45,Extravaganzza,1,17.99,Medium,Toujours Plus
2026-01-23 11:50:45,Royale Veggie,1,18.99,Large,Les Gourmandes Veggies
2026-01-23 11:50:45,Diavola Pepperoni,1,18.99,Large,Les Originales
2026-01-23 12:00:54,Indienne,1,21.99,XL,Les Grands Classiques
2026-01-23 12:00:54,Chèvre-Miel,1,21.99,XL,Les Iconiques
2026-01-23 12:01:01,Peppina,1,22.99,XL,Les Gourmandes Veggies
2026-01-23 12:29:42,Chicken BBQ,1,15.99,Medium,Les Grands Classiques
2026-01-23 12:49:11,Crispy Cannibale,1,17.99,Medium,Les Originales
2026-01-23 12:54:53,Ultimate Meat,1,17.99,Medium,Toujours Plus
2026-01-23 12:54:53,Super Veggie,1,17.49,Medium,Les Gourmandes Veggies
2026-01-23 12:54:56,Diavola Pepperoni,1,21.99,XL,Les Originales
2026-01-23 12:54:56,Cannibale,1,17.49,Medium,Les Iconiques
2026-01-23 12:54:56,Hawaïenne Poulet,1,14.99,Medium,Les Grands Classiques
2026-01-23 12:55:29,Diavola Pepperoni,1,21.99,XL,Les Originales
2026-01-23 12:57:07,Chèvre-Miel,2,43.98,XL,Les Iconiques
2026-01-23 12:57:07,Diavola Pepperoni,1,15.99,Medium,Les Originales
2026-01-23 13:00:58,Chèvre-Miel,1,18.99,Large,Les Iconiques
2026-01-23 13:10:36,Beef and Cheddar,1,20.99,Large,Éditions Limitées
2026-01-23 13:14:10,Originale Pepperoni,1,12.99,Medium,Les Bons Plans
2026-01-23 13:44:49,Ultimate Meat,1,17.99,Medium,Toujours Plus
2026-01-23 13:47:01,Pepperoni Party,1,20.49,Large,Les Iconiques
2026-01-23 13:47:01,Cannibale,1,17.49,Medium,Les Iconiques
2026-01-23 13:47:01,Steak and Cheese,1,20.99,XL,Les Grands Classiques
2026-01-23 14:10:45,Ultimate Meat,1,17.99,Medium,Toujours Plus
2026-01-23 14:10:45,Peppina,1,19.99,Large,Les Gourmandes Veggies
2026-01-23 14:12:26,Divine 3 Fromages,1,21.99,XL,Éditions Limitées
2026-01-23 14:12:26,Chèvre-Miel,1,21.99,XL,Les Iconiques
2026-01-23 14:12:26,Super Veggie,1,17.49,Medium,Les Gourmandes Veggies
2026-01-23 14:12:26,Forestière,1,23.49,XL,Les Grands Classiques
2026-01-23 14:12:26,Kebab and Spicy,1,21.99,XL,Les Originales
2026-01-23 14:12:26,Cheesy and Veggie,1,20.99,XL,Les Gourmandes Veggies
2026-01-23 14:15:37,Indienne,1,18.99,Large,Les Grands Classiques
2026-01-23 14:15:37,Extravaganzza,1,23.99,XL,Toujours Plus
2026-01-23 14:15:37,Chèvre-Miel,1,21.99,XL,Les Iconiques
2026-01-23 14:15:37,Forestière,1,23.49,XL,Les Grands Classiques
2026-01-23 14:17:05,Chicken Delight,1,18.99,Large,Les Originales
2026-01-23 14:29:11,Hawaïenne Poulet,1,14.99,Medium,Les Grands Classiques
2026-01-23 14:58:58,Divine 3 Fromages,1,21.99,XL,Éditions Limitées
2026-01-23 15:01:02,Royale Veggie,1,18.99,Large,Les Gourmandes Veggies
2026-01-23 15:01:02,Cheesy and Veggie,1,14.99,Medium,Les Gourmandes Veggies
2026-01-23 15:25:17,Chèvre-Miel,1,18.99,Large,Les Iconiques
2026-01-23 15:25:17,Hawaïenne Poulet,1,20.99,XL,Les Grands Classiques
2026-01-23 15:32:59,Chicken BBQ,1,18.99,Large,Les Grands Classiques
2026-01-23 15:32:59,Chèvre-Miel,1,18.99,Large,Les Iconiques
2026-01-23 15:32:59,Hawaïenne Jambon,1,20.99,XL,Les Grands Classiques
2026-01-23 15:50:01,Hawaïenne Poulet,1,14.99,Medium,Les Grands Classiques
2026-01-23 16:03:08,Kebab and Spicy,1,18.99,Large,Les Originales
2026-01-23 16:03:08,Peppina Vegan,1,22.99,XL,Les Vegans
2026-01-23 16:05:24,Chicken Delight,1,18.99,Large,Les Originales
2026-01-23 16:05:24,Originale Pepperoni,1,12.99,Medium,Les Bons Plans
2026-01-23 16:06:00,Pepperoni Party,1,23.49,XL,Les Iconiques
2026-01-23 16:06:00,Pêcheur,1,18.99,Large,Les Grands Classiques
2026-01-23 16:12:21,Royale Veggie,1,21.99,XL,Les Gourmandes Veggies
2026-01-23 16:12:21,Originale Pepperoni,1,12.99,Medium,Les Bons Plans
2026-01-23 16:12:21,Margherita,1,15.99,Large,Les Bons Plans
2026-01-23 16:21:26,Chicken BBQ,1,18.99,Large,Les Grands Classiques
2026-01-23 16:21:26,Extravaganzza,1,20.99,Large,Toujours Plus
2026-01-23 16:22:21,Royale Veggie,1,18.99,Large,Les Gourmandes Veggies
2026-01-23 16:30:25,Hawaïenne Jambon,1,20.99,XL,Les Grands Classiques
2026-01-23 16:30:25,Originale Pepperoni,1,12.99,Medium,Les Bons Plans
2026-01-23 17:11:00,Urban Kebab,1,20.49,Large,Les Originales
2026-01-23 17:11:00,Kebab and Spicy,1,21.99,XL,Les Originales
2026-01-23 17:17:58,Ultimate Meat,1,17.99,Medium,Toujours Plus
2026-01-23 17:17:58,Kebab and Spicy,1,18.99,Large,Les Originales
2026-01-23 17:24:07,Chicken Delight,1,21.99,XL,Les Originales
2026-01-23 17:31:29,Crispy Cannibale,1,17.99,Medium,Les Originales
2026-01-23 17:33:33,Algérienne,1,21.99,XL,Les Grands Classiques
2026-01-23 17:46:31,Originale Pepperoni,1,18.99,XL,Les Bons Plans
2026-01-23 17:46:31,Margherita,1,15.99,Large,Les Bons Plans
2026-01-23 17:46:43,Chicken BBQ,1,15.99,Medium,Les Grands Classiques
2026-01-23 17:46:43,Pepperoni Party,1,20.49,Large,Les Iconiques
2026-01-23 17:46:45,Peppina,1,19.99,Large,Les Gourmandes Veggies
2026-01-23 17:46:45,Diavola Pepperoni,1,21.99,XL,Les Originales
2026-01-23 17:46:45,Algérienne,1,15.99,Medium,Les Grands Classiques
2026-01-23 17:46:45,Peppina Vegan,1,16.99,Medium,Les Vegans
2026-01-23 17:50:42,Chicken BBQ,1,21.99,XL,Les Grands Classiques
2026-01-23 17:50:42,Ultimate Meat,1,17.99,Medium,Toujours Plus
2026-01-23 17:50:42,Forestière,1,23.49,XL,Les Grands Classiques
2026-01-23 17:54:47,Algérienne,1,21.99,XL,Les Grands Classiques
2026-01-23 18:07:49,Originale Pepperoni,1,15.99,Large,Les Bons Plans
2026-01-23 18:07:49,Cannibale,1,20.49,Large,Les Iconiques
2026-01-23 18:09:22,Pêcheur,1,18.99,Large,Les Grands Classiques
2026-01-23 18:09:22,Crispy Cannibale,1,20.99,Large,Les Originales
2026-01-23 18:09:22,Crispy Cannibale,1,17.99,Medium,Les Originales
2026-01-23 18:09:22,Urban Kebab,1,17.49,Medium,Les Originales
2026-01-23 18:22:01,Chicken BBQ,1,15.99,Medium,Les Grands Classiques
2026-01-23 18:22:01,Hawaïenne Poulet,1,17.99,Large,Les Grands Classiques
2026-01-23 18:31:59,Divine 3 Fromages,1,21.99,XL,Éditions Limitées
2026-01-23 18:31:59,Chèvre-Miel,1,18.99,Large,Les Iconiques
2026-01-23 18:45:57,Pêcheur,1,18.99,Large,Les Grands Classiques
2026-01-23 18:45:57,Pêcheur,1,15.99,Medium,Les Grands Classiques
2026-01-23 18:54:00,Chicken BBQ,1,15.99,Medium,Les Grands Classiques
2026-01-23 18:57:10,Ultimate Meat,1,17.99,Medium,Toujours Plus
2026-01-23 18:57:10,Forestière,1,17.49,Medium,Les Grands Classiques
2026-01-23 19:00:30,Originale Pepperoni,1,18.99,XL,Les Bons Plans
2026-01-23 19:00:30,Kebab and Spicy,1,15.99,Medium,Les Originales
2026-01-23 19:06:56,Hawaïenne Jambon,1,14.99,Medium,Les Grands Classiques
2026-01-23 19:06:56,Steak and Cheese,1,20.99,XL,Les Grands Classiques
2026-01-23 19:12:48,Chicken BBQ,1,21.99,XL,Les Grands Classiques
2026-01-23 19:12:48,Chicken BBQ,1,18.99,Large,Les Grands Classiques
2026-01-23 19:12:48,Ultimate Meat,1,17.99,Medium,Toujours Plus
2026-01-23 19:13:06,Cannibale,1,23.49,XL,Les Iconiques
2026-01-23 19:19:20,Ultimate Meat,1,17.99,Medium,Toujours Plus
2026-01-23 19:19:20,Chèvre-Miel,1,18.99,Large,Les Iconiques
2026-01-23 19:19:20,Peppina,1,16.99,Medium,Les Gourmandes Veggies
2026-01-23 19:19:20,Rocket Veggie,1,15.99,Large,Les Gourmandes Veggies
2026-01-23 19:23:24,Chicken BBQ,1,18.99,Large,Les Grands Classiques
2026-01-23 19:23:24,Chèvre-Miel,1,21.99,XL,Les Iconiques
2026-01-23 19:33:07,Chèvre-Miel,1,18.99,Large,Les Iconiques
2026-01-23 19:33:07,Cannibale,1,17.49,Medium,Les Iconiques
2026-01-23 19:33:07,Beef and Cheddar,1,23.99,XL,Éditions Limitées
2026-01-23 19:51:21,Pepperoni Party,1,20.49,Large,Les Iconiques
2026-01-23 19:51:21,Originale Pepperoni,1,15.99,Large,Les Bons Plans
2026-01-23 19:51:21,Algérienne,1,21.99,XL,Les Grands Classiques
2026-01-23 20:08:54,Chicken Delight,1,21.99,XL,Les Originales
2026-01-23 20:08:54,Margherita,1,18.99,XL,Les Bons Plans
2026-01-23 20:08:54,Hawaïenne Poulet,1,20.99,XL,Les Grands Classiques
2026-01-23 20:11:35,Hawaïenne Jambon,1,14.99,Medium,Les Grands Classiques
2026-01-23 20:11:35,Royale Veggie,1,15.99,Medium,Les Gourmandes Veggies
2026-01-23 20:11:35,Originale Pepperoni,1,15.99,Large,Les Bons Plans
2026-01-23 20:24:59,Divine 3 Fromages,2,43.98,XL,Éditions Limitées
2026-01-23 20:31:01,Extravaganzza,1,17.99,Medium,Toujours Plus
2026-01-23 20:31:01,Peppina Vegan,1,22.99,XL,Les Vegans
2026-01-23 20:57:30,Bacon Groovy,1,17.49,Medium,Les Iconiques
2026-01-23 20:57:30,Diavola Pepperoni,1,15.99,Medium,Les Originales
2026-01-23 21:01:24,Chicken BBQ,1,21.99,XL,Les Grands Classiques
2026-01-23 21:01:24,Forestière,1,23.49,XL,Les Grands Classiques
2026-01-23 21:11:38,Pêcheur,1,15.99,Medium,Les Grands Classiques
2026-01-23 21:11:38,Urban Kebab,1,23.49,XL,Les Originales
2026-01-23 21:11:38,Hawaïenne Poulet,1,20.99,XL,Les Grands Classiques
2026-01-23 22:04:12,Chicken Delight,1,21.99,XL,Les Originales
2026-01-23 22:05:37,Extravaganzza,1,20.99,Large,Toujours Plus
2026-01-24 11:38:40,Hawaïenne Poulet,1,20.99,XL,Les Grands Classiques
2026-01-24 12:26:08,Pepperoni Party,1,23.49,XL,Les Iconiques
2026-01-24 12:26:08,Beef and Cheddar,1,17.99,Medium,Éditions Limitées
2026-01-24 12:26:08,Chicken and Cheddar,1,23.49,XL,Éditions Limitées
2026-01-24 12:26:08,Chicken and Cheddar,1,17.49,Medium,Éditions Limitées
2026-01-24 12:37:39,Super Veggie,1,17.49,Medium,Les Gourmandes Veggies
2026-01-24 12:37:39,Pêcheur,1,21.99,XL,Les Grands Classiques
2026-01-24 12:43:03,Chicken BBQ,1,18.99,Large,Les Grands Classiques
2026-01-24 12:43:03,Hawaïenne Poulet,1,14.99,Medium,Les Grands Classiques
2026-01-24 13:25:55,Hawaïenne Jambon,1,14.99,Medium,Les Grands Classiques
2026-01-24 13:32:52,Hawaïenne Poulet,1,14.99,Medium,Les Grands Classiques
2026-01-24 13:34:33,Bacon Groovy,1,17.49,Medium,Les Iconiques
2026-01-24 13:56:25,Divine 3 Fromages,1,21.99,XL,Éditions Limitées
2026-01-24 14:04:36,Extravaganzza,1,17.99,Medium,Toujours Plus
2026-01-24 14:04:36,Hawaïenne Jambon,1,20.99,XL,Les Grands Classiques
2026-01-24 14:04:36,Cheesy and Veggie,1,17.99,Large,Les Gourmandes Veggies
2026-01-24 14:04:36,Cheesy and Veggie,1,14.99,Medium,Les Gourmandes Veggies
2026-01-24 14:04:36,Hawaïenne Poulet,1,20.99,XL,Les Grands Classiques
2026-01-24 14:04:36,Hawaïenne Poulet,1,17.99,Large,Les Grands Classiques
2026-01-24 14:07:38,Ultimate Meat,1,17.99,Medium,Toujours Plus
2026-01-24 14:07:38,Pêcheur,1,21.99,XL,Les Grands Classiques
2026-01-24 14:07:38,Cannibale,1,23.49,XL,Les Iconiques
2026-01-24 14:07:38,Hawaïenne Poulet,1,14.99,Medium,Les Grands Classiques
2026-01-24 14:08:26,Extravaganzza,1,20.99,Large,Toujours Plus
2026-01-24 14:20:17,Hawaïenne Poulet,1,14.99,Medium,Les Grands Classiques
2026-01-24 14:23:57,Extravaganzza,1,17.99,Medium,Toujours Plus
2026-01-24 14:23:57,Hawaïenne Jambon,1,14.99,Medium,Les Grands Classiques
2026-01-24 14:23:57,Beef and Cheddar,1,17.99,Medium,Éditions Limitées
2026-01-24 14:44:46,Royale Veggie,1,15.99,Medium,Les Gourmandes Veggies
2026-01-24 14:59:38,Super Veggie,1,20.49,Large,Les Gourmandes Veggies
2026-01-24 14:59:38,Crispy Cannibale,1,20.99,Large,Les Originales
2026-01-24 15:00:13,Chicken BBQ,1,15.99,Medium,Les Grands Classiques
2026-01-24 15:00:13,Chicken Delight,1,15.99,Medium,Les Originales
2026-01-24 15:00:13,Urban Kebab,1,23.49,XL,Les Originales
2026-01-24 15:08:57,Extravaganzza,1,17.99,Medium,Toujours Plus
2026-01-24 15:17:06,Royale Veggie,1,15.99,Medium,Les Gourmandes Veggies
2026-01-24 16:05:14,Diavola Pepperoni,1,15.99,Medium,Les Originales
2026-01-24 16:05:14,Chicken and Cheddar,1,17.49,Medium,Éditions Limitées
2026-01-24 16:06:10,Cannibale,1,17.49,Medium,Les Iconiques
2026-01-24 16:17:38,Ultimate Meat,1,17.99,Medium,Toujours Plus
2026-01-24 16:17:38,Peppina,1,16.99,Medium,Les Gourmandes Veggies
2026-01-24 16:17:38,Urban Kebab,1,17.49,Medium,Les Originales
2026-01-24 16:36:53,Originale Pepperoni,1,12.99,Medium,Les Bons Plans
2026-01-24 16:36:53,Cheesy and Veggie,1,17.99,Large,Les Gourmandes Veggies
2026-01-24 16:36:53,Chicken and Cheddar,1,17.49,Medium,Éditions Limitées
2026-01-24 16:39:31,Divine 3 Fromages,1,21.99,XL,Éditions Limitées
2026-01-24 16:39:31,Margherita,1,18.99,XL,Les Bons Plans
2026-01-24 16:48:03,Hawaïenne Jambon,1,14.99,Medium,Les Grands Classiques
2026-01-24 16:48:03,Pepperoni Party,1,17.49,Medium,Les Iconiques
2026-01-24 16:48:03,Cannibale,1,20.49,Large,Les Iconiques
2026-01-24 16:48:03,Urban Kebab,1,20.49,Large,Les Originales
2026-01-24 16:49:15,Urban Kebab,1,17.49,Medium,Les Originales
2026-01-24 17:04:22,Royale Veggie,1,21.99,XL,Les Gourmandes Veggies
2026-01-24 17:18:39,Chicken Delight,1,18.99,Large,Les Originales
2026-01-24 17:18:39,Crispy Cannibale,1,23.99,XL,Les Originales
2026-01-24 17:18:39,Cannibale,1,23.49,XL,Les Iconiques
2026-01-24 17:18:39,Beef and Cheddar,1,20.99,Large,Éditions Limitées
2026-01-24 17:31:05,Forestière,1,17.49,Medium,Les Grands Classiques
2026-01-24 17:31:05,Pepperoni Party,1,20.49,Large,Les Iconiques
2026-01-24 17:31:05,Royale Veggie,1,21.99,XL,Les Gourmandes Veggies
2026-01-24 17:31:05,Pêcheur,1,18.99,Large,Les Grands Classiques
2026-01-24 17:50:34,Urban Kebab,1,17.49,Medium,Les Originales
2026-01-24 18:07:48,Pêcheur,1,21.99,XL,Les Grands Classiques
2026-01-24 18:07:48,Peppina Vegan,1,22.99,XL,Les Vegans
2026-01-24 18:10:44,4 Fromages,1,17.49,Medium,Les Iconiques
2026-01-24 18:10:44,Diavola Haché au bœuf,1,21.99,XL,Les Originales
2026-01-24 18:10:44,Cheesy and Veggie,1,14.99,Medium,Les Gourmandes Veggies
2026-01-24 18:17:01,Kebab and Spicy,1,21.99,XL,Les Originales
2026-01-24 18:26:42,Royale Veggie,1,21.99,XL,Les Gourmandes Veggies
2026-01-24 18:26:42,Hawaïenne Poulet,1,20.99,XL,Les Grands Classiques
2026-01-24 18:32:23,Ultimate Meat,1,17.99,Medium,Toujours Plus
2026-01-24 18:32:23,Extravaganzza,1,20.99,Large,Toujours Plus
2026-01-24 18:32:23,Cannibale,1,17.49,Medium,Les Iconiques
2026-01-24 18:43:24,Crispy Cannibale,1,23.99,XL,Les Originales
2026-01-24 18:43:24,Peppina Vegan,1,19.99,Large,Les Vegans
2026-01-24 18:50:51,Chicken Delight,1,18.99,Large,Les Originales
2026-01-24 18:50:51,Rocket Veggie,1,18.99,XL,Les Gourmandes Veggies
2026-01-24 18:50:51,Hawaïenne Poulet,1,20.99,XL,Les Grands Classiques
2026-01-24 19:06:06,Crispy Cannibale,1,23.99,XL,Les Originales
2026-01-24 19:26:06,Divine 3 Fromages,1,21.99,XL,Éditions Limitées
2026-01-24 19:26:06,Pepperoni Party,1,20.49,Large,Les Iconiques
2026-01-24 19:26:06,Cannibale,1,23.49,XL,Les Iconiques
2026-01-24 19:33:57,Bacon Groovy,1,23.49,XL,Les Iconiques
2026-01-24 19:33:57,Peppina Vegan,1,16.99,Medium,Les Vegans
2026-01-24 19:36:22,Extravaganzza,1,23.99,XL,Toujours Plus
2026-01-24 19:36:22,Divine 3 Fromages,1,21.99,XL,Éditions Limitées
2026-01-24 19:36:22,Diavola Pepperoni,1,21.99,XL,Les Originales
2026-01-24 19:36:22,Crispy Cannibale,1,20.99,Large,Les Originales
2026-01-24 19:39:56,Chicken Delight,1,18.99,Large,Les Originales
2026-01-24 19:39:56,Peppina,1,22.99,XL,Les Gourmandes Veggies
2026-01-24 19:39:56,Steak and Cheese,1,20.99,XL,Les Grands Classiques
2026-01-24 19:40:03,Royale Veggie,1,18.99,Large,Les Gourmandes Veggies
2026-01-24 19:41:52,Chicken Delight,1,18.99,Large,Les Originales
2026-01-24 19:41:52,Pepperoni Party,1,23.49,XL,Les Iconiques
2026-01-24 19:41:52,Peppina,1,19.99,Large,Les Gourmandes Veggies
2026-01-24 19:43:23,Forestière,1,17.49,Medium,Les Grands Classiques
2026-01-24 19:43:23,Cannibale,1,17.49,Medium,Les Iconiques
2026-01-24 19:43:40,4 Fromages,1,17.49,Medium,Les Iconiques
2026-01-24 19:43:40,Royale Veggie,1,21.99,XL,Les Gourmandes Veggies
2026-01-24 19:44:56,Pepperoni Party,1,23.49,XL,Les Iconiques
2026-01-24 19:44:56,Cannibale,1,20.49,Large,Les Iconiques
2026-01-24 19:44:56,Urban Kebab,1,17.49,Medium,Les Originales
2026-01-24 19:44:56,Steak and Cheese,1,14.99,Medium,Les Grands Classiques
2026-01-24 19:46:06,Super Veggie,1,20.49,Large,Les Gourmandes Veggies
2026-01-24 19:46:06,Cheesy and Veggie,1,14.99,Medium,Les Gourmandes Veggies
2026-01-24 19:46:06,Steak and Cheese,1,14.99,Medium,Les Grands Classiques
2026-01-24 19:47:50,Chicken BBQ,1,15.99,Medium,Les Grands Classiques
2026-01-24 19:54:07,Super Veggie,1,20.49,Large,Les Gourmandes Veggies
2026-01-24 19:54:07,Pepperoni Party,1,20.49,Large,Les Iconiques
2026-01-24 19:56:32,Crispy Cannibale,1,23.99,XL,Les Originales
2026-01-24 19:56:32,Peppina Vegan,1,16.99,Medium,Les Vegans
2026-01-24 19:56:33,Extravaganzza,1,23.99,XL,Toujours Plus
2026-01-24 20:13:00,Pepperoni Party,1,17.49,Medium,Les Iconiques
2026-01-24 20:13:00,Algérienne,1,21.99,XL,Les Grands Classiques
2026-01-24 20:21:20,Indienne,1,18.99,Large,Les Grands Classiques
2026-01-24 20:21:20,Margherita,1,15.99,Large,Les Bons Plans
2026-01-24 20:21:20,Margherita,1,12.99,Medium,Les Bons Plans
2026-01-24 20:21:20,Peppina Vegan,1,16.99,Medium,Les Vegans
2026-01-24 20:23:34,Extravaganzza,1,20.99,Large,Toujours Plus
2026-01-24 20:23:34,Originale Pepperoni,1,12.99,Medium,Les Bons Plans
2026-01-24 20:29:10,Forestière,1,23.49,XL,Les Grands Classiques
2026-01-24 20:29:40,Ultimate Meat,1,17.99,Medium,Toujours Plus
2026-01-24 20:29:40,Diavola Haché au bœuf,1,18.99,Large,Les Originales
2026-01-24 20:29:40,Chicken Delight,1,18.99,Large,Les Originales
2026-01-24 20:29:40,Hawaïenne Poulet,1,20.99,XL,Les Grands Classiques
2026-01-24 20:40:47,Indienne,1,21.99,XL,Les Grands Classiques
2026-01-24 20:40:47,Pêcheur,1,21.99,XL,Les Grands Classiques
2026-01-24 20:41:28,Chèvre-Miel,1,18.99,Large,Les Iconiques
2026-01-24 20:41:28,Cannibale,1,17.49,Medium,Les Iconiques
2026-01-24 20:59:29,Pepperoni Party,1,20.49,Large,Les Iconiques
2026-01-24 21:12:27,Algérienne,1,21.99,XL,Les Grands Classiques
2026-01-24 21:12:27,Kebab and Spicy,1,15.99,Medium,Les Originales
2026-01-24 21:23:08,Chicken BBQ,1,21.99,XL,Les Grands Classiques
2026-01-24 21:23:08,Chicken BBQ,1,18.99,Large,Les Grands Classiques
2026-01-24 21:23:08,Divine 3 Fromages,1,21.99,XL,Éditions Limitées
2026-01-24 21:23:08,Originale Pepperoni,1,18.99,XL,Les Bons Plans
2026-01-24 21:23:59,Divine 3 Fromages,1,21.99,XL,Éditions Limitées
2026-01-24 21:23:59,Chèvre-Miel,1,21.99,XL,Les Iconiques
2026-01-24 21:23:59,Hawaïenne Jambon,1,14.99,Medium,Les Grands Classiques
2026-01-24 21:23:59,Diavola Pepperoni,1,18.99,Large,Les Originales
2026-01-24 22:32:11,Rocket Veggie,1,12.99,Medium,Les Gourmandes Veggies
2026-01-24 22:32:11,Cannibale,1,17.49,Medium,Les Iconiques
2026-01-25 12:24:36,Diavola Haché au bœuf,1,18.99,Large,Les Originales
2026-01-25 12:24:36,Beef and Cheddar,1,17.99,Medium,Éditions Limitées
2026-01-25 12:24:36,Algérienne,1,21.99,XL,Les Grands Classiques
2026-01-25 12:24:36,Hawaïenne Poulet,1,14.99,Medium,Les Grands Classiques
2026-01-25 12:27:51,Hawaïenne Jambon,1,14.99,Medium,Les Grands Classiques
2026-01-25 12:27:51,Steak and Cheese,1,17.99,Large,Les Grands Classiques
2026-01-25 13:30:03,Hawaïenne Jambon,1,14.99,Medium,Les Grands Classiques
2026-01-25 13:35:14,Chicken BBQ,1,21.99,XL,Les Grands Classiques
2026-01-25 13:35:53,Chicken BBQ,1,15.99,Medium,Les Grands Classiques
2026-01-25 13:35:53,Ultimate Meat,1,17.99,Medium,Toujours Plus
2026-01-25 13:35:53,4 Fromages,1,17.49,Medium,Les Iconiques
2026-01-25 13:35:53,Extravaganzza,1,20.99,Large,Toujours Plus
2026-01-25 13:35:53,Divine 3 Fromages,1,21.99,XL,Éditions Limitées
2026-01-25 13:35:53,Diavola Pepperoni,1,18.99,Large,Les Originales
2026-01-25 13:35:53,Algérienne,1,21.99,XL,Les Grands Classiques
2026-01-25 13:35:53,Kebab and Spicy,2,31.98,Medium,Les Originales
2026-01-25 13:35:53,Hawaïenne Poulet,1,20.99,XL,Les Grands Classiques
2026-01-25 13:35:53,Peppina Vegan,1,19.99,Large,Les Vegans
2026-01-25 13:46:05,Chicken Delight,1,18.99,Large,Les Originales
2026-01-25 13:46:05,Forestière,1,20.49,Large,Les Grands Classiques
2026-01-25 13:46:05,Pêcheur,1,18.99,Large,Les Grands Classiques
2026-01-25 13:46:05,Cannibale,1,17.49,Medium,Les Iconiques
2026-01-25 14:01:11,Rocket Veggie,1,15.99,Large,Les Gourmandes Veggies
2026-01-25 14:01:11,Royale Veggie,1,15.99,Medium,Les Gourmandes Veggies
2026-01-25 14:17:13,Chicken and Cheddar,1,20.49,Large,Éditions Limitées
2026-01-25 14:21:02,Extravaganzza,1,17.99,Medium,Toujours Plus
2026-01-25 14:21:02,Chèvre-Miel,1,21.99,XL,Les Iconiques
2026-01-25 14:21:02,Rocket Veggie,1,18.99,XL,Les Gourmandes Veggies
2026-01-25 14:21:02,Pêcheur,1,21.99,XL,Les Grands Classiques
2026-01-25 14:21:02,Margherita,1,18.99,XL,Les Bons Plans
2026-01-25 14:32:07,Margherita,1,12.99,Medium,Les Bons Plans
2026-01-25 14:32:44,Royale Veggie,1,15.99,Medium,Les Gourmandes Veggies
2026-01-25 14:43:49,Chicken BBQ,1,21.99,XL,Les Grands Classiques
2026-01-25 14:45:05,Hawaïenne Jambon,1,14.99,Medium,Les Grands Classiques
2026-01-25 14:45:05,Crispy Cannibale,1,23.99,XL,Les Originales
2026-01-25 14:48:05,Originale Pepperoni,1,12.99,Medium,Les Bons Plans
2026-01-25 14:48:05,Hawaïenne Poulet,1,14.99,Medium,Les Grands Classiques
2026-01-25 14:50:29,Chicken BBQ,1,21.99,XL,Les Grands Classiques
2026-01-25 15:05:16,Chicken BBQ,1,18.99,Large,Les Grands Classiques
2026-01-25 15:05:16,Crispy Cannibale,1,23.99,XL,Les Originales
2026-01-25 15:23:21,Diavola Haché au bœuf,1,15.99,Medium,Les Originales
2026-01-25 15:23:21,Cannibale,1,20.49,Large,Les Iconiques
2026-01-25 15:29:05,Chicken BBQ,1,21.99,XL,Les Grands Classiques
2026-01-25 15:29:05,Urban Kebab,1,17.49,Medium,Les Originales
2026-01-25 16:07:00,Ultimate Meat,1,17.99,Medium,Toujours Plus
2026-01-25 16:07:00,Diavola Haché au bœuf,1,21.99,XL,Les Originales
2026-01-25 16:07:00,Chicken Delight,1,18.99,Large,Les Originales
2026-01-25 16:07:00,Chèvre-Miel,1,21.99,XL,Les Iconiques
2026-01-25 16:32:36,Royale Veggie,1,18.99,Large,Les Gourmandes Veggies
2026-01-25 16:32:36,Peppina Vegan,1,22.99,XL,Les Vegans
2026-01-25 16:36:54,Cannibale,1,20.49,Large,Les Iconiques
2026-01-25 16:36:54,Cannibale,1,17.49,Medium,Les Iconiques
2026-01-25 16:52:12,Ultimate Meat,1,17.99,Medium,Toujours Plus
2026-01-25 16:52:12,Beef and Cheddar,1,17.99,Medium,Éditions Limitées
2026-01-25 16:59:21,Chèvre-Miel,1,18.99,Large,Les Iconiques
2026-01-25 16:59:21,Originale Pepperoni,1,12.99,Medium,Les Bons Plans
2026-01-25 16:59:21,Cannibale,1,20.49,Large,Les Iconiques
2026-01-25 16:59:21,Cheesy and Veggie,1,17.99,Large,Les Gourmandes Veggies
2026-01-25 17:05:06,Chicken BBQ,1,18.99,Large,Les Grands Classiques
2026-01-25 17:08:54,Margherita,1,12.99,Medium,Les Bons Plans
2026-01-25 17:26:23,Bacon Groovy,1,17.49,Medium,Les Iconiques
2026-01-25 17:26:23,Originale Pepperoni,1,18.99,XL,Les Bons Plans
2026-01-25 17:26:23,Cannibale,1,23.49,XL,Les Iconiques
2026-01-25 17:26:23,Steak and Cheese,1,14.99,Medium,Les Grands Classiques
2026-01-25 17:30:14,4 Fromages,1,17.49,Medium,Les Iconiques
2026-01-25 17:30:14,Urban Kebab,1,23.49,XL,Les Originales
2026-01-25 17:48:20,Chèvre-Miel,1,21.99,XL,Les Iconiques
2026-01-25 17:48:20,Pêcheur,1,18.99,Large,Les Grands Classiques
2026-01-25 18:12:26,Indienne,1,21.99,XL,Les Grands Classiques
2026-01-25 18:12:26,Algérienne,1,21.99,XL,Les Grands Classiques
2026-01-25 18:32:16,Royale Veggie,1,18.99,Large,Les Gourmandes Veggies
2026-01-25 18:39:10,Ultimate Meat,1,17.99,Medium,Toujours Plus
2026-01-25 18:39:10,Indienne,1,18.99,Large,Les Grands Classiques
2026-01-25 18:39:10,Royale Veggie,1,18.99,Large,Les Gourmandes Veggies
2026-01-25 18:57:43,Ultimate Meat,1,17.99,Medium,Toujours Plus
2026-01-25 18:57:43,Chicken Delight,1,18.99,Large,Les Originales
2026-01-25 18:57:43,Hawaïenne Poulet,1,14.99,Medium,Les Grands Classiques
2026-01-25 19:05:15,4 Fromages,1,17.49,Medium,Les Iconiques
2026-01-25 19:05:15,Margherita,1,15.99,Large,Les Bons Plans
2026-01-25 19:09:03,Peppina,1,19.99,Large,Les Gourmandes Veggies
2026-01-25 19:41:47,Crispy Cannibale,1,17.99,Medium,Les Originales
2026-01-25 19:49:28,Diavola Pepperoni,1,15.99,Medium,Les Originales
2026-01-25 19:49:28,Margherita,1,18.99,XL,Les Bons Plans
2026-01-25 20:01:54,Originale Pepperoni,1,12.99,Medium,Les Bons Plans
2026-01-25 20:07:13,Chèvre-Miel,1,18.99,Large,Les Iconiques
2026-01-25 20:07:13,Rocket Veggie,1,18.99,XL,Les Gourmandes Veggies
2026-01-25 20:07:13,Steak and Cheese,1,14.99,Medium,Les Grands Classiques
2026-01-25 20:07:13,Peppina Vegan,1,19.99,Large,Les Vegans
2026-01-25 20:19:40,Ultimate Meat,1,17.99,Medium,Toujours Plus
2026-01-25 20:46:56,Chicken BBQ,1,21.99,XL,Les Grands Classiques
2026-01-25 20:46:56,Hawaïenne Jambon,1,20.99,XL,Les Grands Classiques
2026-01-25 20:46:56,Pêcheur,1,18.99,Large,Les Grands Classiques
2026-01-25 20:46:56,Originale Pepperoni,1,12.99,Medium,Les Bons Plans
2026-01-25 21:00:40,Chèvre-Miel,1,18.99,Large,Les Iconiques
2026-01-25 21:01:50,Pêcheur,1,21.99,XL,Les Grands Classiques
2026-01-25 21:01:50,Urban Kebab,1,20.49,Large,Les Originales
2026-01-25 21:01:50,Peppina Vegan,1,22.99,XL,Les Vegans
2026-01-25 21:17:32,Royale Veggie,1,15.99,Medium,Les Gourmandes Veggies
2026-01-25 21:17:32,Kebab and Spicy,1,15.99,Medium,Les Originales
2026-01-25 21:17:32,Cheesy and Veggie,1,14.99,Medium,Les Gourmandes Veggies
2026-01-25 21:32:38,Pêcheur,1,21.99,XL,Les Grands Classiques
2026-01-26 11:15:57,Ultimate Meat,1,17.99,Medium,Toujours Plus
2026-01-26 11:15:57,Diavola Haché au bœuf,1,21.99,XL,Les Originales
2026-01-26 11:15:57,Pepperoni Party,1,20.49,Large,Les Iconiques
2026-01-26 11:25:10,Hawaïenne Poulet,1,20.99,XL,Les Grands Classiques
2026-01-26 11:33:33,Hawaïenne Jambon,1,20.99,XL,Les Grands Classiques
2026-01-26 11:52:57,Extravaganzza,1,20.99,Large,Toujours Plus
2026-01-26 11:52:57,Pêcheur,1,21.99,XL,Les Grands Classiques
2026-01-26 11:52:57,Urban Kebab,1,23.49,XL,Les Originales
2026-01-26 11:52:57,Kebab and Spicy,1,21.99,XL,Les Originales
2026-01-26 12:03:55,Chicken Delight,1,18.99,Large,Les Originales
2026-01-26 12:03:55,Chèvre-Miel,1,18.99,Large,Les Iconiques
2026-01-26 12:03:55,Originale Pepperoni,1,15.99,Large,Les Bons Plans
2026-01-26 12:03:55,Kebab and Spicy,1,21.99,XL,Les Originales
2026-01-26 12:04:48,Chèvre-Miel,1,21.99,XL,Les Iconiques
2026-01-26 12:04:48,Steak and Cheese,1,20.99,XL,Les Grands Classiques
2026-01-26 12:10:49,Pepperoni Party,1,23.49,XL,Les Iconiques
2026-01-26 12:44:38,Ultimate Meat,1,17.99,Medium,Toujours Plus
2026-01-26 12:44:38,Chicken Delight,1,21.99,XL,Les Originales
2026-01-26 12:44:38,Chicken Delight,1,15.99,Medium,Les Originales
2026-01-26 12:44:38,Super Veggie,1,20.49,Large,Les Gourmandes Veggies
2026-01-26 12:44:38,Rocket Veggie,1,18.99,XL,Les Gourmandes Veggies
2026-01-26 12:44:38,Originale Pepperoni,1,18.99,XL,Les Bons Plans
2026-01-26 12:44:38,Originale Pepperoni,1,15.99,Large,Les Bons Plans
2026-01-26 12:44:38,Algérienne,1,21.99,XL,Les Grands Classiques
2026-01-26 12:44:38,Cheesy and Veggie,1,20.99,XL,Les Gourmandes Veggies
2026-01-26 12:44:38,Hawaïenne Poulet,1,20.99,XL,Les Grands Classiques
2026-01-26 12:47:34,4 Fromages,1,17.49,Medium,Les Iconiques
2026-01-26 12:47:34,Chicken Delight,1,21.99,XL,Les Originales
2026-01-26 12:47:34,Extravaganzza,1,23.99,XL,Toujours Plus
2026-01-26 12:47:34,Peppina Vegan,1,19.99,Large,Les Vegans
2026-01-26 12:56:04,Steak and Cheese,1,14.99,Medium,Les Grands Classiques
2026-01-26 13:02:45,Cannibale,1,17.49,Medium,Les Iconiques
2026-01-26 13:03:59,Divine 3 Fromages,1,21.99,XL,Éditions Limitées
2026-01-26 13:08:25,Chicken Delight,1,15.99,Medium,Les Originales
2026-01-26 13:08:25,Super Veggie,1,17.49,Medium,Les Gourmandes Veggies
2026-01-26 13:08:25,Peppina,1,16.99,Medium,Les Gourmandes Veggies
2026-01-26 13:08:25,Diavola Pepperoni,1,15.99,Medium,Les Originales
2026-01-26 13:08:25,Urban Kebab,1,17.49,Medium,Les Originales
2026-01-26 13:15:18,Chèvre-Miel,1,21.99,XL,Les Iconiques
2026-01-26 13:24:17,Divine 3 Fromages,1,21.99,XL,Éditions Limitées
2026-01-26 13:27:32,Cannibale,1,20.49,Large,Les Iconiques
2026-01-26 13:46:01,Originale Pepperoni,1,15.99,Large,Les Bons Plans
2026-01-26 13:46:01,Originale Pepperoni,1,12.99,Medium,Les Bons Plans
2026-01-26 13:51:21,Ultimate Meat,1,17.99,Medium,Toujours Plus
2026-01-26 13:51:21,Urban Kebab,1,20.49,Large,Les Originales
2026-01-26 13:52:36,Royale Veggie,1,18.99,Large,Les Gourmandes Veggies
2026-01-26 13:54:36,Originale Pepperoni,1,12.99,Medium,Les Bons Plans
2026-01-26 13:54:36,Urban Kebab,1,23.49,XL,Les Originales
2026-01-26 13:56:01,Algérienne,1,21.99,XL,Les Grands Classiques
2026-01-26 14:00:13,Pepperoni Party,1,23.49,XL,Les Iconiques
2026-01-26 14:21:10,Steak and Cheese,1,17.99,Large,Les Grands Classiques
2026-01-26 14:25:20,Chicken Delight,1,21.99,XL,Les Originales
2026-01-26 14:25:20,Indienne,1,18.99,Large,Les Grands Classiques
2026-01-26 14:32:57,Hawaïenne Jambon,1,20.99,XL,Les Grands Classiques
2026-01-26 14:32:57,Urban Kebab,1,23.49,XL,Les Originales
2026-01-26 14:35:32,Ultimate Meat,1,17.99,Medium,Toujours Plus
2026-01-26 14:35:32,Extravaganzza,1,20.99,Large,Toujours Plus
2026-01-26 14:35:32,Extravaganzza,1,17.99,Medium,Toujours Plus
2026-01-26 14:35:32,Pepperoni Party,1,17.49,Medium,Les Iconiques
2026-01-26 14:38:13,Cannibale,1,23.49,XL,Les Iconiques
2026-01-26 14:47:17,Peppina Vegan,1,19.99,Large,Les Vegans
2026-01-26 14:47:46,Crispy Cannibale,1,23.99,XL,Les Originales
2026-01-26 14:55:06,Hawaïenne Poulet,1,20.99,XL,Les Grands Classiques
2026-01-26 15:14:30,Diavola Haché au bœuf,1,18.99,Large,Les Originales
2026-01-26 15:14:30,Super Veggie,1,20.49,Large,Les Gourmandes Veggies
2026-01-26 15:24:38,Steak and Cheese,1,20.99,XL,Les Grands Classiques
2026-01-26 15:35:32,Crispy Cannibale,1,23.99,XL,Les Originales
2026-01-26 15:35:32,Steak and Cheese,1,14.99,Medium,Les Grands Classiques
2026-01-26 15:49:09,Chèvre-Miel,1,21.99,XL,Les Iconiques
2026-01-26 15:49:09,Rocket Veggie,1,12.99,Medium,Les Gourmandes Veggies
2026-01-26 15:58:50,Hawaïenne Jambon,1,14.99,Medium,Les Grands Classiques
2026-01-26 16:04:46,Ultimate Meat,1,17.99,Medium,Toujours Plus
2026-01-26 16:04:46,Originale Pepperoni,1,12.99,Medium,Les Bons Plans
2026-01-26 16:08:02,Chicken BBQ,1,21.99,XL,Les Grands Classiques
2026-01-26 16:08:02,Diavola Pepperoni,1,18.99,Large,Les Originales
2026-01-26 16:21:23,Rocket Veggie,1,12.99,Medium,Les Gourmandes Veggies
2026-01-26 16:21:23,Cheesy and Veggie,1,20.99,XL,Les Gourmandes Veggies
2026-01-26 16:21:23,Steak and Cheese,1,20.99,XL,Les Grands Classiques
2026-01-26 16:38:21,Chicken BBQ,1,18.99,Large,Les Grands Classiques
2026-01-26 16:38:21,Chèvre-Miel,1,21.99,XL,Les Iconiques
2026-01-26 16:38:21,Peppina,1,19.99,Large,Les Gourmandes Veggies
2026-01-26 16:38:21,Margherita,1,18.99,XL,Les Bons Plans
2026-01-26 16:52:11,Diavola Haché au bœuf,1,18.99,Large,Les Originales
2026-01-26 16:52:11,Originale Pepperoni,1,12.99,Medium,Les Bons Plans
2026-01-26 16:52:11,Urban Kebab,1,17.49,Medium,Les Originales
2026-01-26 17:04:54,Bacon Groovy,1,23.49,XL,Les Iconiques
2026-01-26 17:06:36,Indienne,1,21.99,XL,Les Grands Classiques
2026-01-26 17:06:36,Cheesy and Veggie,1,14.99,Medium,Les Gourmandes Veggies
2026-01-26 17:06:36,Margherita,1,12.99,Medium,Les Bons Plans
2026-01-26 18:03:43,Divine 3 Fromages,1,21.99,XL,Éditions Limitées
2026-01-26 18:03:43,Pepperoni Party,1,20.49,Large,Les Iconiques
2026-01-26 18:03:43,Hawaïenne Poulet,1,20.99,XL,Les Grands Classiques
2026-01-26 18:08:56,Peppina,1,22.99,XL,Les Gourmandes Veggies
2026-01-26 18:08:56,Beef and Cheddar,1,17.99,Medium,Éditions Limitées
2026-01-26 18:10:06,Hawaïenne Poulet,1,17.99,Large,Les Grands Classiques
2026-01-26 18:37:22,Diavola Haché au bœuf,1,21.99,XL,Les Originales
2026-01-26 18:37:22,Cheesy and Veggie,1,14.99,Medium,Les Gourmandes Veggies
2026-01-26 18:37:22,Chicken and Cheddar,1,17.49,Medium,Éditions Limitées
2026-01-26 18:37:22,Hawaïenne Poulet,1,17.99,Large,Les Grands Classiques
2026-01-26 19:21:11,Divine 3 Fromages,1,21.99,XL,Éditions Limitées
2026-01-26 19:21:11,Hawaïenne Poulet,1,20.99,XL,Les Grands Classiques
2026-01-26 19:32:50,Pêcheur,1,15.99,Medium,Les Grands Classiques
2026-01-26 19:32:50,Kebab and Spicy,1,18.99,Large,Les Originales
2026-01-26 19:33:23,Hawaïenne Jambon,1,20.99,XL,Les Grands Classiques
2026-01-26 19:42:41,Algérienne,1,18.99,Large,Les Grands Classiques
2026-01-26 20:58:38,Forestière,1,23.49,XL,Les Grands Classiques
2026-01-26 20:58:38,Margherita,1,15.99,Large,Les Bons Plans
2026-01-26 20:59:51,Forestière,1,20.49,Large,Les Grands Classiques
2026-01-26 20:59:51,Algérienne,1,18.99,Large,Les Grands Classiques
2026-01-26 21:12:55,Algérienne,1,21.99,XL,Les Grands Classiques
2026-01-26 21:23:19,Ultimate Meat,1,17.99,Medium,Toujours Plus
2026-01-26 21:23:19,Crispy Cannibale,1,17.99,Medium,Les Originales
2026-01-26 21:37:51,Cheesy and Veggie,1,14.99,Medium,Les Gourmandes Veggies
2026-01-27 11:23:30,Forestière,1,20.49,Large,Les Grands Classiques
2026-01-27 11:47:40,Diavola Haché au bœuf,1,18.99,Large,Les Originales
2026-01-27 11:57:19,Peppina,1,22.99,XL,Les Gourmandes Veggies
2026-01-27 11:57:19,Crispy Cannibale,1,23.99,XL,Les Originales
2026-01-27 11:57:19,Cannibale,1,23.49,XL,Les Iconiques
2026-01-27 12:07:54,Peppina Vegan,1,22.99,XL,Les Vegans
2026-01-27 12:19:15,Royale Veggie,1,21.99,XL,Les Gourmandes Veggies
2026-01-27 12:19:15,Algérienne,1,18.99,Large,Les Grands Classiques
2026-01-27 12:21:21,Hawaïenne Jambon,1,20.99,XL,Les Grands Classiques
2026-01-27 12:27:55,Peppina,1,22.99,XL,Les Gourmandes Veggies
2026-01-27 12:27:55,Peppina Vegan,1,22.99,XL,Les Vegans
2026-01-27 12:34:12,Hawaïenne Jambon,1,17.99,Large,Les Grands Classiques
2026-01-27 12:56:17,Pepperoni Party,1,23.49,XL,Les Iconiques
2026-01-27 12:56:17,Pêcheur,1,21.99,XL,Les Grands Classiques
2026-01-27 12:56:35,Indienne,1,21.99,XL,Les Grands Classiques
2026-01-27 13:00:08,Extravaganzza,1,20.99,Large,Toujours Plus
2026-01-27 13:04:38,Extravaganzza,1,23.99,XL,Toujours Plus
2026-01-27 13:04:38,Forestière,1,17.49,Medium,Les Grands Classiques
2026-01-27 13:05:50,Divine 3 Fromages,1,21.99,XL,Éditions Limitées
2026-01-27 13:05:50,Hawaïenne Jambon,1,20.99,XL,Les Grands Classiques
2026-01-27 13:05:50,Royale Veggie,1,21.99,XL,Les Gourmandes Veggies
2026-01-27 13:05:50,Originale Pepperoni,1,18.99,XL,Les Bons Plans
2026-01-27 13:21:20,Chicken BBQ,1,21.99,XL,Les Grands Classiques
2026-01-27 13:21:20,Chicken Delight,1,15.99,Medium,Les Originales
2026-01-27 13:21:20,Forestière,1,20.49,Large,Les Grands Classiques
2026-01-27 13:21:20,Forestière,1,17.49,Medium,Les Grands Classiques
2026-01-27 13:23:02,Margherita,2,37.98,XL,Les Bons Plans
2026-01-27 13:31:08,Hawaïenne Jambon,1,14.99,Medium,Les Grands Classiques
2026-01-27 13:31:08,Royale Veggie,1,21.99,XL,Les Gourmandes Veggies
2026-01-27 13:31:08,Cannibale,1,23.49,XL,Les Iconiques
2026-01-27 13:38:46,Chicken Delight,1,15.99,Medium,Les Originales
2026-01-27 13:38:46,Extravaganzza,1,20.99,Large,Toujours Plus
2026-01-27 13:38:46,Peppina,1,16.99,Medium,Les Gourmandes Veggies
2026-01-27 13:38:46,Margherita,1,18.99,XL,Les Bons Plans
2026-01-27 13:38:50,Chicken BBQ,2,43.98,XL,Les Grands Classiques
2026-01-27 13:38:50,4 Fromages,1,17.49,Medium,Les Iconiques
2026-01-27 13:38:50,Hawaïenne Jambon,1,20.99,XL,Les Grands Classiques
2026-01-27 13:38:50,Forestière,1,20.49,Large,Les Grands Classiques
2026-01-27 13:38:50,Pêcheur,1,21.99,XL,Les Grands Classiques
2026-01-27 13:38:50,Originale Pepperoni,1,15.99,Large,Les Bons Plans
2026-01-27 13:38:50,Originale Pepperoni,1,12.99,Medium,Les Bons Plans
2026-01-27 13:38:50,Crispy Cannibale,1,23.99,XL,Les Originales
2026-01-27 13:38:50,Beef and Cheddar,1,17.99,Medium,Éditions Limitées
2026-01-27 13:38:50,Algérienne,1,15.99,Medium,Les Grands Classiques
2026-01-27 13:38:50,Kebab and Spicy,1,15.99,Medium,Les Originales
2026-01-27 13:38:50,Chicken and Cheddar,1,17.49,Medium,Éditions Limitées
2026-01-27 13:38:50,Hawaïenne Poulet,1,20.99,XL,Les Grands Classiques
2026-01-27 13:49:25,Chicken Delight,1,18.99,Large,Les Originales
2026-01-27 14:32:25,Chicken BBQ,1,18.99,Large,Les Grands Classiques
2026-01-27 14:33:38,Urban Kebab,1,20.49,Large,Les Originales
2026-01-27 14:33:38,Chicken and Cheddar,1,17.49,Medium,Éditions Limitées
2026-01-27 14:33:38,Hawaïenne Poulet,1,20.99,XL,Les Grands Classiques
2026-01-27 14:39:50,Hawaïenne Poulet,1,17.99,Large,Les Grands Classiques
2026-01-27 15:32:22,Chicken BBQ,1,21.99,XL,Les Grands Classiques
2026-01-27 15:32:22,Crispy Cannibale,1,23.99,XL,Les Originales
2026-01-27 15:32:22,Margherita,1,12.99,Medium,Les Bons Plans
2026-01-27 15:37:13,Diavola Pepperoni,1,15.99,Medium,Les Originales
2026-01-27 15:44:22,Beef and Cheddar,1,20.99,Large,Éditions Limitées
2026-01-27 15:44:22,Steak and Cheese,1,20.99,XL,Les Grands Classiques
2026-01-27 15:48:27,Diavola Pepperoni,1,15.99,Medium,Les Originales
2026-01-27 16:07:40,Chèvre-Miel,1,21.99,XL,Les Iconiques
2026-01-27 16:07:40,Royale Veggie,1,21.99,XL,Les Gourmandes Veggies
2026-01-27 16:07:40,Originale Pepperoni,1,18.99,XL,Les Bons Plans
2026-01-27 16:07:40,Steak and Cheese,1,20.99,XL,Les Grands Classiques
2026-01-27 16:19:56,Extravaganzza,1,20.99,Large,Toujours Plus
2026-01-27 16:19:56,Kebab and Spicy,1,21.99,XL,Les Originales
2026-01-27 16:27:31,Super Veggie,1,17.49,Medium,Les Gourmandes Veggies
2026-01-27 16:27:31,Peppina Vegan,1,22.99,XL,Les Vegans
2026-01-27 16:28:38,Steak and Cheese,1,20.99,XL,Les Grands Classiques
2026-01-27 16:34:55,Chicken Delight,1,21.99,XL,Les Originales
2026-01-27 16:34:55,Hawaïenne Jambon,1,14.99,Medium,Les Grands Classiques
2026-01-27 16:34:55,Beef and Cheddar,1,23.99,XL,Éditions Limitées
2026-01-27 16:34:55,Hawaïenne Poulet,1,17.99,Large,Les Grands Classiques
2026-01-27 17:01:03,Indienne,1,18.99,Large,Les Grands Classiques
2026-01-27 17:01:03,Beef and Cheddar,1,20.99,Large,Éditions Limitées
2026-01-27 17:08:55,Diavola Pepperoni,1,18.99,Large,Les Originales
2026-01-27 17:08:55,Algérienne,1,18.99,Large,Les Grands Classiques
2026-01-27 17:14:26,Ultimate Meat,1,17.99,Medium,Toujours Plus
2026-01-27 17:14:26,Forestière,1,17.49,Medium,Les Grands Classiques
2026-01-27 17:14:26,Cannibale,1,17.49,Medium,Les Iconiques
2026-01-27 17:15:31,Forestière,1,20.49,Large,Les Grands Classiques
2026-01-27 17:15:31,Algérienne,1,21.99,XL,Les Grands Classiques
2026-01-27 17:15:31,Margherita,1,12.99,Medium,Les Bons Plans
2026-01-27 17:26:55,Originale Pepperoni,1,18.99,XL,Les Bons Plans
2026-01-27 17:29:19,Margherita,1,12.99,Medium,Les Bons Plans
2026-01-27 17:29:19,Chicken and Cheddar,1,20.49,Large,Éditions Limitées
2026-01-27 17:46:02,Rocket Veggie,1,15.99,Large,Les Gourmandes Veggies
2026-01-27 17:46:02,Beef and Cheddar,1,23.99,XL,Éditions Limitées
2026-01-27 17:46:02,Algérienne,1,21.99,XL,Les Grands Classiques
2026-01-27 17:56:16,Indienne,1,18.99,Large,Les Grands Classiques
2026-01-27 17:56:16,Pêcheur,1,21.99,XL,Les Grands Classiques
2026-01-27 17:56:16,Originale Pepperoni,1,18.99,XL,Les Bons Plans
2026-01-27 17:56:16,Cheesy and Veggie,1,17.99,Large,Les Gourmandes Veggies
2026-01-27 18:00:16,Ultimate Meat,1,17.99,Medium,Toujours Plus
2026-01-27 18:00:16,Chicken Delight,1,18.99,Large,Les Originales
2026-01-27 18:00:16,Chèvre-Miel,1,18.99,Large,Les Iconiques
2026-01-27 18:00:16,Urban Kebab,1,17.49,Medium,Les Originales
2026-01-27 18:02:51,Bacon Groovy,1,20.49,Large,Les Iconiques
2026-01-27 18:06:25,Diavola Haché au bœuf,1,18.99,Large,Les Originales
2026-01-27 18:06:25,Cannibale,1,20.49,Large,Les Iconiques
2026-01-27 18:06:25,Kebab and Spicy,1,15.99,Medium,Les Originales
2026-01-27 18:06:25,Steak and Cheese,1,17.99,Large,Les Grands Classiques
2026-01-27 18:16:02,Bacon Groovy,1,17.49,Medium,Les Iconiques
2026-01-27 18:17:38,Urban Kebab,1,23.49,XL,Les Originales
2026-01-27 18:17:38,Steak and Cheese,1,14.99,Medium,Les Grands Classiques
2026-01-27 18:22:07,Beef and Cheddar,1,17.99,Medium,Éditions Limitées
2026-01-27 18:22:07,Hawaïenne Poulet,1,20.99,XL,Les Grands Classiques
2026-01-27 18:22:23,Algérienne,1,21.99,XL,Les Grands Classiques
2026-01-27 18:31:26,Chèvre-Miel,1,21.99,XL,Les Iconiques
2026-01-27 18:31:26,Cannibale,1,23.49,XL,Les Iconiques
2026-01-27 18:33:59,Divine 3 Fromages,1,21.99,XL,Éditions Limitées
2026-01-27 18:33:59,Cannibale,1,17.49,Medium,Les Iconiques
2026-01-27 18:37:54,Pêcheur,1,21.99,XL,Les Grands Classiques
2026-01-27 18:37:54,Diavola Pepperoni,1,21.99,XL,Les Originales
2026-01-27 18:48:01,Forestière,1,20.49,Large,Les Grands Classiques
2026-01-27 18:48:01,Steak and Cheese,1,14.99,Medium,Les Grands Classiques
2026-01-27 18:49:15,Diavola Haché au bœuf,1,21.99,XL,Les Originales
2026-01-27 18:49:15,Hawaïenne Poulet,1,17.99,Large,Les Grands Classiques
2026-01-27 19:16:45,Hawaïenne Jambon,1,17.99,Large,Les Grands Classiques
2026-01-27 20:05:01,Royale Veggie,1,21.99,XL,Les Gourmandes Veggies
2026-01-27 20:05:01,Pêcheur,1,18.99,Large,Les Grands Classiques
2026-01-27 20:05:27,Forestière,1,17.49,Medium,Les Grands Classiques
2026-01-27 20:05:27,Peppina,1,19.99,Large,Les Gourmandes Veggies
2026-01-27 20:07:37,Rocket Veggie,1,15.99,Large,Les Gourmandes Veggies
2026-01-27 20:07:37,Originale Pepperoni,1,18.99,XL,Les Bons Plans
2026-01-27 20:09:27,4 Fromages,1,17.49,Medium,Les Iconiques
2026-01-27 20:09:27,Hawaïenne Jambon,1,14.99,Medium,Les Grands Classiques
2026-01-27 20:09:27,Forestière,1,20.49,Large,Les Grands Classiques
2026-01-27 20:10:32,Peppina Vegan,1,16.99,Medium,Les Vegans
2026-01-27 20:17:48,Hawaïenne Jambon,1,20.99,XL,Les Grands Classiques
2026-01-27 20:17:48,Rocket Veggie,1,18.99,XL,Les Gourmandes Veggies
2026-01-27 20:43:11,Cannibale,1,23.49,XL,Les Iconiques
2026-01-27 21:03:04,Extravaganzza,1,17.99,Medium,Toujours Plus
2026-01-27 21:03:04,Diavola Pepperoni,1,18.99,Large,Les Originales
2026-01-27 21:03:04,Originale Pepperoni,1,12.99,Medium,Les Bons Plans
2026-01-27 21:03:04,Crispy Cannibale,1,23.99,XL,Les Originales
2026-01-27 21:03:29,Kebab and Spicy,1,21.99,XL,Les Originales
2026-01-27 21:03:29,Steak and Cheese,1,17.99,Large,Les Grands Classiques
2026-01-27 21:05:59,Chèvre-Miel,1,21.99,XL,Les Iconiques
2026-01-27 21:05:59,Forestière,1,20.49,Large,Les Grands Classiques
2026-01-27 21:05:59,Algérienne,1,18.99,Large,Les Grands Classiques
2026-01-27 21:05:59,Peppina Vegan,1,16.99,Medium,Les Vegans
2026-01-27 22:10:01,Ultimate Meat,1,17.99,Medium,Toujours Plus
2026-01-27 22:10:01,Pêcheur,1,18.99,Large,Les Grands Classiques
2026-01-27 22:11:38,Pêcheur,1,18.99,Large,Les Grands Classiques
2026-01-27 22:22:25,Originale Pepperoni,1,12.99,Medium,Les Bons Plans
2026-01-27 22:22:25,Chicken and Cheddar,1,17.49,Medium,Éditions Limitées
2026-01-27 22:25:26,Chèvre-Miel,1,21.99,XL,Les Iconiques
2026-01-27 22:25:26,Crispy Cannibale,1,20.99,Large,Les Originales
2026-01-28 11:28:33,Ultimate Meat,1,17.99,Medium,Toujours Plus
2026-01-28 11:28:33,Bacon Groovy,1,23.49,XL,Les Iconiques
2026-01-28 11:28:33,Originale Pepperoni,1,15.99,Large,Les Bons Plans
2026-01-28 11:28:33,Urban Kebab,1,17.49,Medium,Les Originales
2026-01-28 11:36:34,Chicken BBQ,1,21.99,XL,Les Grands Classiques
2026-01-28 11:36:34,Extravaganzza,1,17.99,Medium,Toujours Plus
2026-01-28 11:38:50,Crispy Cannibale,1,23.99,XL,Les Originales
2026-01-28 11:38:50,Kebab and Spicy,1,21.99,XL,Les Originales
2026-01-28 11:43:54,Ultimate Meat,1,17.99,Medium,Toujours Plus
2026-01-28 11:49:42,4 Fromages,1,17.49,Medium,Les Iconiques
2026-01-28 11:49:42,Kebab and Spicy,1,21.99,XL,Les Originales
2026-01-28 11:50:41,Pepperoni Party,1,20.49,Large,Les Iconiques
2026-01-28 11:55:46,Chicken Delight,1,18.99,Large,Les Originales
2026-01-28 11:58:42,Pepperoni Party,1,23.49,XL,Les Iconiques
2026-01-28 12:04:16,Hawaïenne Jambon,1,14.99,Medium,Les Grands Classiques
2026-01-28 12:09:40,Chicken BBQ,1,21.99,XL,Les Grands Classiques
2026-01-28 12:16:39,4 Fromages,1,17.49,Medium,Les Iconiques
2026-01-28 12:16:39,Chèvre-Miel,1,21.99,XL,Les Iconiques
2026-01-28 12:16:39,Margherita,1,15.99,Large,Les Bons Plans
2026-01-28 12:17:09,Extravaganzza,1,17.99,Medium,Toujours Plus
2026-01-28 12:17:09,Crispy Cannibale,1,23.99,XL,Les Originales
2026-01-28 12:17:09,Hawaïenne Poulet,1,20.99,XL,Les Grands Classiques
2026-01-28 12:19:50,Divine 3 Fromages,1,21.99,XL,Éditions Limitées
2026-01-28 12:19:50,Super Veggie,1,17.49,Medium,Les Gourmandes Veggies
2026-01-28 12:19:50,Originale Pepperoni,1,15.99,Large,Les Bons Plans
2026-01-28 12:20:11,Extravaganzza,1,17.99,Medium,Toujours Plus
2026-01-28 12:20:11,Peppina Vegan,1,22.99,XL,Les Vegans
2026-01-28 12:20:31,Diavola Pepperoni,1,21.99,XL,Les Originales
2026-01-28 12:20:31,Kebab and Spicy,1,21.99,XL,Les Originales
2026-01-28 12:20:31,Margherita,1,12.99,Medium,Les Bons Plans
2026-01-28 12:45:52,Originale Pepperoni,1,15.99,Large,Les Bons Plans
2026-01-28 12:45:52,Urban Kebab,1,20.49,Large,Les Originales
2026-01-28 12:45:52,Cheesy and Veggie,1,17.99,Large,Les Gourmandes Veggies
2026-01-28 12:47:43,Super Veggie,1,17.49,Medium,Les Gourmandes Veggies
2026-01-28 13:07:37,Ultimate Meat,1,17.99,Medium,Toujours Plus
2026-01-28 13:07:52,Peppina Vegan,1,16.99,Medium,Les Vegans
2026-01-28 13:21:08,Chicken BBQ,1,21.99,XL,Les Grands Classiques
2026-01-28 13:21:08,Extravaganzza,1,17.99,Medium,Toujours Plus
2026-01-28 13:21:08,Urban Kebab,1,17.49,Medium,Les Originales
2026-01-28 13:34:25,Forestière,1,17.49,Medium,Les Grands Classiques
2026-01-28 13:34:25,Royale Veggie,1,18.99,Large,Les Gourmandes Veggies
2026-01-28 13:34:25,Margherita,1,18.99,XL,Les Bons Plans
2026-01-28 13:34:25,Steak and Cheese,1,20.99,XL,Les Grands Classiques
2026-01-28 13:37:57,Chicken BBQ,2,43.98,XL,Les Grands Classiques
2026-01-28 13:37:57,Bacon Groovy,1,20.49,Large,Les Iconiques
2026-01-28 13:37:57,Hawaïenne Jambon,2,41.98,XL,Les Grands Classiques
2026-01-28 13:37:57,Hawaïenne Jambon,1,17.99,Large,Les Grands Classiques
2026-01-28 13:37:57,Hawaïenne Jambon,1,14.99,Medium,Les Grands Classiques
2026-01-28 13:37:57,Crispy Cannibale,1,20.99,Large,Les Originales
2026-01-28 13:37:57,Cannibale,1,20.49,Large,Les Iconiques
2026-01-28 13:37:57,Steak and Cheese,1,20.99,XL,Les Grands Classiques
2026-01-28 13:45:42,Margherita,1,12.99,Medium,Les Bons Plans
2026-01-28 14:21:48,Extravaganzza,1,20.99,Large,Toujours Plus
2026-01-28 14:21:48,Originale Pepperoni,1,18.99,XL,Les Bons Plans
2026-01-28 14:26:49,Chicken Delight,1,21.99,XL,Les Originales
2026-01-28 14:26:49,Extravaganzza,1,20.99,Large,Toujours Plus
2026-01-28 14:26:49,Beef and Cheddar,1,23.99,XL,Éditions Limitées
2026-01-28 14:26:49,Algérienne,1,18.99,Large,Les Grands Classiques
2026-01-28 14:46:45,Chicken Delight,1,18.99,Large,Les Originales
2026-01-28 14:46:45,Indienne,1,18.99,Large,Les Grands Classiques
2026-01-28 14:46:45,Pêcheur,1,15.99,Medium,Les Grands Classiques
2026-01-28 15:01:14,Chicken BBQ,1,21.99,XL,Les Grands Classiques
2026-01-28 15:01:14,Chicken BBQ,1,18.99,Large,Les Grands Classiques
2026-01-28 15:01:14,Extravaganzza,1,23.99,XL,Toujours Plus
2026-01-28 15:16:01,Peppina Vegan,1,19.99,Large,Les Vegans
2026-01-28 15:28:30,Chicken BBQ,1,21.99,XL,Les Grands Classiques
2026-01-28 15:28:30,Forestière,1,23.49,XL,Les Grands Classiques
2026-01-28 15:28:30,Pêcheur,1,21.99,XL,Les Grands Classiques
2026-01-28 15:29:24,Chèvre-Miel,1,18.99,Large,Les Iconiques
2026-01-28 15:43:15,Pepperoni Party,1,20.49,Large,Les Iconiques
2026-01-28 15:43:15,Royale Veggie,1,21.99,XL,Les Gourmandes Veggies
2026-01-28 15:43:15,Algérienne,1,18.99,Large,Les Grands Classiques
2026-01-28 15:43:15,Kebab and Spicy,1,18.99,Large,Les Originales
2026-01-28 16:26:11,Diavola Haché au bœuf,1,21.99,XL,Les Originales
2026-01-28 16:35:45,Chicken BBQ,1,21.99,XL,Les Grands Classiques
2026-01-28 16:35:45,Chicken Delight,1,21.99,XL,Les Originales
2026-01-28 16:35:45,Forestière,1,20.49,Large,Les Grands Classiques
2026-01-28 16:35:45,Algérienne,1,15.99,Medium,Les Grands Classiques
2026-01-28 16:40:16,Peppina,1,19.99,Large,Les Gourmandes Veggies
2026-01-28 16:56:19,Hawaïenne Poulet,1,20.99,XL,Les Grands Classiques
2026-01-28 16:56:19,Peppina Vegan,1,19.99,Large,Les Vegans
2026-01-28 17:28:53,Ultimate Meat,1,17.99,Medium,Toujours Plus
2026-01-28 17:28:53,Royale Veggie,1,21.99,XL,Les Gourmandes Veggies
2026-01-28 17:31:36,Urban Kebab,1,23.49,XL,Les Originales
2026-01-28 17:31:36,Kebab and Spicy,1,21.99,XL,Les Originales
2026-01-28 18:15:14,Chicken BBQ,1,18.99,Large,Les Grands Classiques
2026-01-28 18:15:14,Beef and Cheddar,1,23.99,XL,Éditions Limitées
2026-01-28 18:15:14,Kebab and Spicy,1,18.99,Large,Les Originales
2026-01-28 18:15:57,Hawaïenne Jambon,1,20.99,XL,Les Grands Classiques
2026-01-28 18:15:57,Diavola Pepperoni,1,21.99,XL,Les Originales
2026-01-28 18:15:57,Margherita,1,18.99,XL,Les Bons Plans
2026-01-28 18:15:57,Steak and Cheese,1,17.99,Large,Les Grands Classiques
2026-01-28 18:24:14,Chicken BBQ,1,21.99,XL,Les Grands Classiques
2026-01-28 18:24:14,Margherita,1,18.99,XL,Les Bons Plans
2026-01-28 18:44:20,Extravaganzza,1,17.99,Medium,Toujours Plus
2026-01-28 18:44:20,Beef and Cheddar,1,23.99,XL,Éditions Limitées
2026-01-28 18:48:06,Divine 3 Fromages,1,21.99,XL,Éditions Limitées
2026-01-28 18:48:06,Forestière,1,17.49,Medium,Les Grands Classiques
2026-01-28 18:48:06,Diavola Pepperoni,1,21.99,XL,Les Originales
2026-01-28 18:48:06,Urban Kebab,1,23.49,XL,Les Originales
2026-01-28 19:00:12,Ultimate Meat,1,17.99,Medium,Toujours Plus
2026-01-28 19:05:34,Indienne,1,18.99,Large,Les Grands Classiques
2026-01-28 19:05:34,Pêcheur,1,21.99,XL,Les Grands Classiques
2026-01-28 19:54:25,Pêcheur,1,21.99,XL,Les Grands Classiques
2026-01-28 20:46:18,Peppina,1,22.99,XL,Les Gourmandes Veggies
2026-01-28 20:46:18,Peppina,1,19.99,Large,Les Gourmandes Veggies
2026-01-28 20:46:18,Urban Kebab,1,20.49,Large,Les Originales
2026-01-28 20:46:18,Hawaïenne Poulet,1,20.99,XL,Les Grands Classiques
2026-01-28 21:09:10,Royale Veggie,1,18.99,Large,Les Gourmandes Veggies
2026-01-28 21:24:32,Urban Kebab,1,20.49,Large,Les Originales
2026-01-28 21:24:32,Hawaïenne Poulet,1,20.99,XL,Les Grands Classiques
2026-01-28 21:28:58,Urban Kebab,1,17.49,Medium,Les Originales
2026-01-28 21:41:42,Pêcheur,1,15.99,Medium,Les Grands Classiques
2026-01-28 22:28:44,Ultimate Meat,1,17.99,Medium,Toujours Plus
2026-01-28 22:28:44,Hawaïenne Jambon,1,20.99,XL,Les Grands Classiques
2026-01-28 22:28:44,Originale Pepperoni,1,18.99,XL,Les Bons Plans
2026-01-29 11:43:36,Bacon Groovy,1,23.49,XL,Les Iconiques
2026-01-29 11:52:11,Divine 3 Fromages,1,21.99,XL,Éditions Limitées
2026-01-29 11:52:11,Algérienne,1,21.99,XL,Les Grands Classiques
2026-01-29 11:52:11,Kebab and Spicy,1,21.99,XL,Les Originales
2026-01-29 11:52:11,Peppina Vegan,1,22.99,XL,Les Vegans
2026-01-29 11:55:01,Chicken BBQ,1,21.99,XL,Les Grands Classiques
2026-01-29 11:55:01,Chicken Delight,1,15.99,Medium,Les Originales
2026-01-29 12:14:46,Cheesy and Veggie,1,20.99,XL,Les Gourmandes Veggies
2026-01-29 12:19:02,Royale Veggie,1,18.99,Large,Les Gourmandes Veggies
2026-01-29 12:26:17,Divine 3 Fromages,1,21.99,XL,Éditions Limitées
2026-01-29 12:26:53,Hawaïenne Jambon,1,17.99,Large,Les Grands Classiques
2026-01-29 12:26:53,Originale Pepperoni,1,12.99,Medium,Les Bons Plans
2026-01-29 12:26:53,Urban Kebab,1,23.49,XL,Les Originales
2026-01-29 12:26:53,Kebab and Spicy,1,15.99,Medium,Les Originales
2026-01-29 12:39:31,Chèvre-Miel,1,21.99,XL,Les Iconiques
2026-01-29 12:45:39,Bacon Groovy,1,23.49,XL,Les Iconiques
2026-01-29 13:06:51,Originale Pepperoni,1,12.99,Medium,Les Bons Plans
2026-01-29 13:08:52,Diavola Haché au bœuf,1,18.99,Large,Les Originales
2026-01-29 13:10:44,Steak and Cheese,1,20.99,XL,Les Grands Classiques
2026-01-29 13:23:39,Chicken BBQ,1,21.99,XL,Les Grands Classiques
2026-01-29 13:23:39,Chicken Delight,1,18.99,Large,Les Originales
2026-01-29 13:27:10,Chicken BBQ,1,18.99,Large,Les Grands Classiques
2026-01-29 13:27:10,Originale Pepperoni,1,18.99,XL,Les Bons Plans
2026-01-29 13:27:41,Royale Veggie,1,21.99,XL,Les Gourmandes Veggies
2026-01-29 13:33:16,Chicken BBQ,1,21.99,XL,Les Grands Classiques
2026-01-29 13:33:16,Ultimate Meat,1,17.99,Medium,Toujours Plus
2026-01-29 13:33:16,Originale Pepperoni,1,12.99,Medium,Les Bons Plans
2026-01-29 13:33:16,Urban Kebab,1,17.49,Medium,Les Originales
2026-01-29 13:33:16,Beef and Cheddar,1,23.99,XL,Éditions Limitées
2026-01-29 13:33:16,Hawaïenne Poulet,1,20.99,XL,Les Grands Classiques
2026-01-29 13:36:52,Chicken BBQ,1,21.99,XL,Les Grands Classiques
2026-01-29 13:36:52,Chicken Delight,1,21.99,XL,Les Originales
2026-01-29 13:36:52,Divine 3 Fromages,1,21.99,XL,Éditions Limitées
2026-01-29 13:36:52,Forestière,1,23.49,XL,Les Grands Classiques
2026-01-29 13:36:52,Pepperoni Party,1,20.49,Large,Les Iconiques
2026-01-29 13:36:52,Rocket Veggie,2,37.98,XL,Les Gourmandes Veggies
2026-01-29 13:36:52,Rocket Veggie,1,12.99,Medium,Les Gourmandes Veggies
2026-01-29 13:36:52,Pêcheur,1,21.99,XL,Les Grands Classiques
2026-01-29 13:36:52,Crispy Cannibale,1,20.99,Large,Les Originales
2026-01-29 13:36:52,Urban Kebab,2,46.98,XL,Les Originales
2026-01-29 13:36:52,Urban Kebab,1,20.49,Large,Les Originales
2026-01-29 13:36:52,Algérienne,1,18.99,Large,Les Grands Classiques
2026-01-29 13:36:52,Hawaïenne Poulet,1,14.99,Medium,Les Grands Classiques
2026-01-29 13:37:50,Divine 3 Fromages,1,21.99,XL,Éditions Limitées
2026-01-29 13:37:50,Forestière,1,23.49,XL,Les Grands Classiques
2026-01-29 13:37:50,Cannibale,1,20.49,Large,Les Iconiques
2026-01-29 13:37:50,Peppina Vegan,1,16.99,Medium,Les Vegans
2026-01-29 13:39:42,Crispy Cannibale,2,47.98,XL,Les Originales
2026-01-29 13:39:42,Hawaïenne Poulet,1,20.99,XL,Les Grands Classiques
2026-01-29 13:42:20,Originale Pepperoni,1,12.99,Medium,Les Bons Plans
2026-01-29 13:51:07,Margherita,1,18.99,XL,Les Bons Plans
2026-01-29 13:55:35,Chèvre-Miel,1,18.99,Large,Les Iconiques
2026-01-29 14:13:32,Forestière,1,20.49,Large,Les Grands Classiques
2026-01-29 14:24:36,Peppina,1,16.99,Medium,Les Gourmandes Veggies
2026-01-29 14:28:24,Peppina,1,16.99,Medium,Les Gourmandes Veggies
2026-01-29 14:39:52,Chicken Delight,1,21.99,XL,Les Originales
2026-01-29 15:11:01,Urban Kebab,1,20.49,Large,Les Originales
2026-01-29 15:11:01,Hawaïenne Poulet,1,20.99,XL,Les Grands Classiques
2026-01-29 15:26:55,Chicken BBQ,1,21.99,XL,Les Grands Classiques
2026-01-29 15:26:55,Royale Veggie,1,21.99,XL,Les Gourmandes Veggies
2026-01-29 16:01:52,Extravaganzza,1,20.99,Large,Toujours Plus
2026-01-29 16:01:52,Cannibale,1,17.49,Medium,Les Iconiques
2026-01-29 16:04:23,Pepperoni Party,1,23.49,XL,Les Iconiques
2026-01-29 16:04:23,Cannibale,1,23.49,XL,Les Iconiques
2026-01-29 16:04:23,Urban Kebab,1,20.49,Large,Les Originales
2026-01-29 16:05:53,Algérienne,1,21.99,XL,Les Grands Classiques
2026-01-29 16:07:41,Diavola Haché au bœuf,1,21.99,XL,Les Originales
2026-01-29 16:40:57,Pêcheur,1,18.99,Large,Les Grands Classiques
2026-01-29 16:48:09,Bacon Groovy,1,17.49,Medium,Les Iconiques
2026-01-29 17:47:55,Chicken BBQ,1,15.99,Medium,Les Grands Classiques
2026-01-29 17:47:55,Cannibale,1,20.49,Large,Les Iconiques
2026-01-29 18:15:40,Indienne,1,15.99,Medium,Les Grands Classiques
2026-01-29 18:15:40,Pepperoni Party,1,23.49,XL,Les Iconiques
2026-01-29 18:15:40,Beef and Cheddar,1,20.99,Large,Éditions Limitées
2026-01-29 18:15:40,Peppina Vegan,1,16.99,Medium,Les Vegans
2026-01-29 18:38:41,Forestière,1,23.49,XL,Les Grands Classiques
2026-01-29 18:38:41,Royale Veggie,1,18.99,Large,Les Gourmandes Veggies
2026-01-29 18:44:29,Royale Veggie,2,43.98,XL,Les Gourmandes Veggies
2026-01-29 18:45:58,Forestière,1,20.49,Large,Les Grands Classiques
2026-01-29 18:45:58,Originale Pepperoni,1,18.99,XL,Les Bons Plans
2026-01-29 18:53:35,Pepperoni Party,1,20.49,Large,Les Iconiques
2026-01-29 18:55:40,Chicken BBQ,1,18.99,Large,Les Grands Classiques
2026-01-29 18:55:40,Crispy Cannibale,1,20.99,Large,Les Originales
2026-01-29 18:55:40,Steak and Cheese,1,20.99,XL,Les Grands Classiques
2026-01-29 18:58:20,Chicken Delight,1,15.99,Medium,Les Originales
2026-01-29 18:58:20,Chèvre-Miel,1,18.99,Large,Les Iconiques
2026-01-29 18:58:20,Hawaïenne Jambon,1,17.99,Large,Les Grands Classiques
2026-01-29 18:59:29,Chèvre-Miel,1,21.99,XL,Les Iconiques
2026-01-29 19:23:49,Chicken Delight,1,21.99,XL,Les Originales
2026-01-29 19:23:49,Pepperoni Party,1,23.49,XL,Les Iconiques
2026-01-29 19:32:08,Peppina,1,16.99,Medium,Les Gourmandes Veggies
2026-01-29 19:34:31,Diavola Pepperoni,1,21.99,XL,Les Originales
2026-01-29 19:36:45,Divine 3 Fromages,1,21.99,XL,Éditions Limitées
2026-01-29 19:36:45,Hawaïenne Jambon,1,20.99,XL,Les Grands Classiques
2026-01-29 19:36:45,Originale Pepperoni,1,18.99,XL,Les Bons Plans
2026-01-29 19:36:45,Peppina Vegan,1,16.99,Medium,Les Vegans
2026-01-29 20:05:12,Diavola Pepperoni,1,21.99,XL,Les Originales
2026-01-29 20:05:12,Originale Pepperoni,1,18.99,XL,Les Bons Plans
2026-01-29 20:15:35,Divine 3 Fromages,1,21.99,XL,Éditions Limitées
2026-01-29 20:15:51,Chicken Delight,1,15.99,Medium,Les Originales
2026-01-29 20:15:51,Cannibale,1,17.49,Medium,Les Iconiques
2026-01-29 20:15:51,Kebab and Spicy,1,21.99,XL,Les Originales
2026-01-29 20:15:51,Cheesy and Veggie,1,14.99,Medium,Les Gourmandes Veggies
2026-01-29 20:23:41,Algérienne,1,15.99,Medium,Les Grands Classiques
2026-01-29 20:37:53,Royale Veggie,1,21.99,XL,Les Gourmandes Veggies
2026-01-29 20:37:53,Steak and Cheese,1,14.99,Medium,Les Grands Classiques
2026-01-29 20:38:52,Chicken BBQ,1,18.99,Large,Les Grands Classiques
2026-01-29 20:38:52,Hawaïenne Poulet,1,20.99,XL,Les Grands Classiques
2026-01-29 20:41:46,Bacon Groovy,1,23.49,XL,Les Iconiques
2026-01-29 20:50:55,4 Fromages,1,17.49,Medium,Les Iconiques
2026-01-29 21:04:42,Kebab and Spicy,1,15.99,Medium,Les Originales
2026-01-29 21:27:53,Hawaïenne Jambon,1,17.99,Large,Les Grands Classiques
2026-01-29 21:27:53,Cheesy and Veggie,1,20.99,XL,Les Gourmandes Veggies
2026-01-29 22:44:10,Extravaganzza,1,17.99,Medium,Toujours Plus
2026-01-29 22:44:10,Diavola Pepperoni,1,21.99,XL,Les Originales
2026-01-30 11:25:25,Originale Pepperoni,1,15.99,Large,Les Bons Plans
2026-01-30 11:25:25,Hawaïenne Poulet,1,20.99,XL,Les Grands Classiques
2026-01-30 11:30:32,Royale Veggie,1,18.99,Large,Les Gourmandes Veggies
2026-01-30 11:30:32,Cannibale,1,20.49,Large,Les Iconiques
2026-01-30 11:37:42,Extravaganzza,1,20.99,Large,Toujours Plus
2026-01-30 11:39:14,Hawaïenne Jambon,1,14.99,Medium,Les Grands Classiques
2026-01-30 11:39:14,Pepperoni Party,1,23.49,XL,Les Iconiques
2026-01-30 11:39:14,Cannibale,1,20.49,Large,Les Iconiques
2026-01-30 12:17:29,Urban Kebab,1,17.49,Medium,Les Originales
2026-01-30 12:20:46,Chicken BBQ,1,21.99,XL,Les Grands Classiques
2026-01-30 12:20:46,Ultimate Meat,1,17.99,Medium,Toujours Plus
2026-01-30 12:20:46,Cannibale,1,20.49,Large,Les Iconiques
2026-01-30 12:26:56,Forestière,1,23.49,XL,Les Grands Classiques
2026-01-30 12:36:42,Chicken BBQ,1,21.99,XL,Les Grands Classiques
2026-01-30 12:36:42,Ultimate Meat,1,17.99,Medium,Toujours Plus
2026-01-30 12:36:42,Chicken Delight,1,21.99,XL,Les Originales
2026-01-30 12:36:42,Indienne,1,15.99,Medium,Les Grands Classiques
2026-01-30 12:36:42,Bacon Groovy,1,17.49,Medium,Les Iconiques
2026-01-30 12:36:42,Extravaganzza,1,17.99,Medium,Toujours Plus
2026-01-30 12:36:42,Chèvre-Miel,1,21.99,XL,Les Iconiques
2026-01-30 12:36:42,Pepperoni Party,1,23.49,XL,Les Iconiques
2026-01-30 12:36:42,Royale Veggie,1,21.99,XL,Les Gourmandes Veggies
2026-01-30 12:36:42,Urban Kebab,1,23.49,XL,Les Originales
2026-01-30 12:36:42,Kebab and Spicy,1,15.99,Medium,Les Originales
2026-01-30 12:36:42,Hawaïenne Poulet,1,20.99,XL,Les Grands Classiques
2026-01-30 12:36:42,Hawaïenne Poulet,1,14.99,Medium,Les Grands Classiques
2026-01-30 12:59:38,Chicken Delight,1,18.99,Large,Les Originales
2026-01-30 13:34:18,Originale Pepperoni,1,15.99,Large,Les Bons Plans
2026-01-30 13:41:21,Diavola Haché au bœuf,1,18.99,Large,Les Originales
2026-01-30 13:41:21,Indienne,1,18.99,Large,Les Grands Classiques
2026-01-30 13:41:21,Bacon Groovy,1,20.49,Large,Les Iconiques
2026-01-30 13:46:49,Chicken BBQ,1,18.99,Large,Les Grands Classiques
2026-01-30 13:46:49,Hawaïenne Jambon,1,14.99,Medium,Les Grands Classiques
2026-01-30 13:46:49,Pepperoni Party,1,20.49,Large,Les Iconiques
2026-01-30 13:46:49,Peppina,1,19.99,Large,Les Gourmandes Veggies
2026-01-30 13:49:56,Chicken BBQ,1,21.99,XL,Les Grands Classiques
2026-01-30 13:49:56,Chicken BBQ,1,15.99,Medium,Les Grands Classiques
2026-01-30 14:14:17,Indienne,1,18.99,Large,Les Grands Classiques
2026-01-30 14:19:34,Urban Kebab,1,17.49,Medium,Les Originales
2026-01-30 14:23:30,Divine 3 Fromages,1,21.99,XL,Éditions Limitées
2026-01-30 14:25:35,Beef and Cheddar,1,17.99,Medium,Éditions Limitées
2026-01-30 14:26:51,Chicken BBQ,1,18.99,Large,Les Grands Classiques
2026-01-30 14:26:51,Extravaganzza,1,20.99,Large,Toujours Plus
2026-01-30 14:26:51,Crispy Cannibale,1,23.99,XL,Les Originales
2026-01-30 14:43:16,4 Fromages,1,17.49,Medium,Les Iconiques
2026-01-30 14:43:16,Extravaganzza,1,23.99,XL,Toujours Plus
2026-01-30 14:43:16,Super Veggie,1,17.49,Medium,Les Gourmandes Veggies
2026-01-30 14:43:16,Chicken and Cheddar,1,17.49,Medium,Éditions Limitées
2026-01-30 15:07:16,Extravaganzza,1,17.99,Medium,Toujours Plus
2026-01-30 15:17:51,Originale Pepperoni,1,15.99,Large,Les Bons Plans
2026-01-30 15:17:51,Steak and Cheese,1,20.99,XL,Les Grands Classiques
2026-01-30 15:32:57,Chicken Delight,1,15.99,Medium,Les Originales
2026-01-30 16:02:56,Cheesy and Veggie,1,14.99,Medium,Les Gourmandes Veggies
2026-01-30 16:02:56,Chicken and Cheddar,1,17.49,Medium,Éditions Limitées
2026-01-30 16:02:56,Steak and Cheese,1,20.99,XL,Les Grands Classiques
2026-01-30 16:12:42,Chicken BBQ,1,21.99,XL,Les Grands Classiques
2026-01-30 16:12:42,Rocket Veggie,1,15.99,Large,Les Gourmandes Veggies
2026-01-30 16:49:58,Chicken Delight,1,18.99,Large,Les Originales
2026-01-30 16:49:58,Chèvre-Miel,1,18.99,Large,Les Iconiques
2026-01-30 16:51:01,Peppina,1,19.99,Large,Les Gourmandes Veggies
2026-01-30 16:51:01,Kebab and Spicy,1,18.99,Large,Les Originales
2026-01-30 16:53:40,Chicken Delight,1,21.99,XL,Les Originales
2026-01-30 16:53:40,Chicken and Cheddar,1,17.49,Medium,Éditions Limitées
2026-01-30 17:11:32,Chicken BBQ,1,18.99,Large,Les Grands Classiques
2026-01-30 17:11:32,Indienne,1,18.99,Large,Les Grands Classiques
2026-01-30 17:11:32,Peppina,1,16.99,Medium,Les Gourmandes Veggies
2026-01-30 17:11:32,Algérienne,1,21.99,XL,Les Grands Classiques
2026-01-30 17:22:31,Hawaïenne Jambon,1,14.99,Medium,Les Grands Classiques
2026-01-30 17:22:31,Steak and Cheese,1,20.99,XL,Les Grands Classiques
2026-01-30 17:30:17,Rocket Veggie,1,12.99,Medium,Les Gourmandes Veggies
2026-01-30 17:32:30,Extravaganzza,1,20.99,Large,Toujours Plus
2026-01-30 17:32:30,Forestière,1,23.49,XL,Les Grands Classiques
2026-01-30 17:38:25,Algérienne,1,18.99,Large,Les Grands Classiques
2026-01-30 17:38:25,Peppina Vegan,1,16.99,Medium,Les Vegans
2026-01-30 17:49:25,Pepperoni Party,1,23.49,XL,Les Iconiques
2026-01-30 17:49:25,Royale Veggie,1,21.99,XL,Les Gourmandes Veggies
2026-01-30 17:49:25,Cannibale,1,20.49,Large,Les Iconiques
2026-01-30 17:49:25,Margherita,1,15.99,Large,Les Bons Plans
2026-01-30 18:00:46,Super Veggie,1,17.49,Medium,Les Gourmandes Veggies
2026-01-30 18:02:30,Extravaganzza,1,20.99,Large,Toujours Plus
2026-01-30 18:14:18,Forestière,1,20.49,Large,Les Grands Classiques
2026-01-30 18:24:28,Chèvre-Miel,1,21.99,XL,Les Iconiques
2026-01-30 18:24:57,Peppina,1,16.99,Medium,Les Gourmandes Veggies
2026-01-30 18:24:57,Beef and Cheddar,1,23.99,XL,Éditions Limitées
2026-01-30 18:24:57,Cheesy and Veggie,1,14.99,Medium,Les Gourmandes Veggies
2026-01-30 18:32:30,Peppina,1,16.99,Medium,Les Gourmandes Veggies
2026-01-30 18:32:30,Royale Veggie,1,21.99,XL,Les Gourmandes Veggies
2026-01-30 18:50:13,Royale Veggie,1,18.99,Large,Les Gourmandes Veggies
2026-01-30 19:03:49,Chicken Delight,1,18.99,Large,Les Originales
2026-01-30 19:03:49,Extravaganzza,1,20.99,Large,Toujours Plus
2026-01-30 19:03:49,Divine 3 Fromages,1,21.99,XL,Éditions Limitées
2026-01-30 19:03:49,Pepperoni Party,1,20.49,Large,Les Iconiques
2026-01-30 19:28:42,Indienne,1,21.99,XL,Les Grands Classiques
2026-01-30 19:28:51,Hawaïenne Jambon,1,17.99,Large,Les Grands Classiques
2026-01-30 19:28:51,Cannibale,1,23.49,XL,Les Iconiques
2026-01-30 19:31:17,Indienne,1,18.99,Large,Les Grands Classiques
2026-01-30 19:46:17,Extravaganzza,1,20.99,Large,Toujours Plus
2026-01-30 19:46:17,Margherita,1,15.99,Large,Les Bons Plans
2026-01-30 19:57:11,Peppina,1,16.99,Medium,Les Gourmandes Veggies
2026-01-30 20:06:40,Ultimate Meat,1,17.99,Medium,Toujours Plus
2026-01-30 20:06:40,Extravaganzza,1,17.99,Medium,Toujours Plus
2026-01-30 20:06:40,Chicken and Cheddar,1,17.49,Medium,Éditions Limitées
2026-01-30 20:06:40,Hawaïenne Poulet,1,14.99,Medium,Les Grands Classiques
2026-01-30 20:07:05,Cannibale,1,23.49,XL,Les Iconiques
2026-01-30 20:07:17,Crispy Cannibale,1,20.99,Large,Les Originales
2026-01-30 20:09:16,Chèvre-Miel,1,18.99,Large,Les Iconiques
2026-01-30 20:09:16,Cheesy and Veggie,1,14.99,Medium,Les Gourmandes Veggies
2026-01-30 20:09:16,Hawaïenne Poulet,1,17.99,Large,Les Grands Classiques
2026-01-30 20:11:18,Urban Kebab,1,23.49,XL,Les Originales
2026-01-30 20:26:02,Hawaïenne Jambon,1,14.99,Medium,Les Grands Classiques
2026-01-30 20:27:12,Diavola Haché au bœuf,1,18.99,Large,Les Originales
2026-01-30 20:54:47,Crispy Cannibale,1,23.99,XL,Les Originales
2026-01-30 21:05:03,Chicken BBQ,1,21.99,XL,Les Grands Classiques
2026-01-30 21:05:03,Diavola Haché au bœuf,1,21.99,XL,Les Originales
2026-01-30 21:05:29,Chicken BBQ,1,18.99,Large,Les Grands Classiques
2026-01-30 21:05:29,Pêcheur,1,18.99,Large,Les Grands Classiques
2026-01-30 21:05:39,Chèvre-Miel,1,18.99,Large,Les Iconiques
2026-01-30 21:06:05,Extravaganzza,1,20.99,Large,Toujours Plus
2026-01-30 21:06:05,Chèvre-Miel,1,18.99,Large,Les Iconiques
2026-01-30 21:06:05,Peppina,1,22.99,XL,Les Gourmandes Veggies
2026-01-30 21:06:05,Kebab and Spicy,1,18.99,Large,Les Originales
2026-01-30 21:08:02,Extravaganzza,1,17.99,Medium,Toujours Plus
2026-01-30 21:08:02,Divine 3 Fromages,1,21.99,XL,Éditions Limitées
2026-01-30 21:20:25,Chicken Delight,1,21.99,XL,Les Originales
2026-01-30 21:20:25,Steak and Cheese,1,20.99,XL,Les Grands Classiques
2026-01-30 21:25:54,Forestière,1,23.49,XL,Les Grands Classiques
2026-01-30 21:25:54,Originale Pepperoni,1,18.99,XL,Les Bons Plans
2026-01-30 21:25:54,Peppina Vegan,1,16.99,Medium,Les Vegans
2026-01-30 21:35:08,Crispy Cannibale,1,23.99,XL,Les Originales
2026-01-30 21:35:08,Chicken and Cheddar,1,23.49,XL,Éditions Limitées
2026-01-30 21:49:27,Chèvre-Miel,1,18.99,Large,Les Iconiques
2026-01-30 21:49:27,Urban Kebab,1,23.49,XL,Les Originales
2026-01-30 21:49:27,Chicken and Cheddar,1,17.49,Medium,Éditions Limitées
2026-01-30 22:07:03,Kebab and Spicy,1,18.99,Large,Les Originales
2026-01-30 22:46:02,Chicken Delight,1,18.99,Large,Les Originales
2026-01-30 22:46:02,Chèvre-Miel,1,18.99,Large,Les Iconiques
2026-01-30 22:46:02,Diavola Pepperoni,1,21.99,XL,Les Originales
2026-01-30 22:46:02,Hawaïenne Poulet,1,20.99,XL,Les Grands Classiques
2026-01-31 11:31:03,Royale Veggie,1,18.99,Large,Les Gourmandes Veggies
2026-01-31 11:31:03,Chicken and Cheddar,1,17.49,Medium,Éditions Limitées
2026-01-31 11:31:03,Steak and Cheese,1,20.99,XL,Les Grands Classiques
2026-01-31 11:44:04,Chèvre-Miel,1,18.99,Large,Les Iconiques
2026-01-31 11:44:04,Crispy Cannibale,1,20.99,Large,Les Originales
2026-01-31 11:44:04,Peppina Vegan,1,19.99,Large,Les Vegans
2026-01-31 11:56:54,Chicken Delight,1,21.99,XL,Les Originales
2026-01-31 13:21:53,Chicken BBQ,1,21.99,XL,Les Grands Classiques
2026-01-31 13:21:53,Chicken BBQ,1,18.99,Large,Les Grands Classiques
2026-01-31 13:21:53,Diavola Haché au bœuf,1,21.99,XL,Les Originales
2026-01-31 13:21:53,Bacon Groovy,1,20.49,Large,Les Iconiques
2026-01-31 13:21:53,Extravaganzza,1,17.99,Medium,Toujours Plus
2026-01-31 13:21:53,Chèvre-Miel,1,21.99,XL,Les Iconiques
2026-01-31 13:21:53,Royale Veggie,2,43.98,XL,Les Gourmandes Veggies
2026-01-31 13:21:53,Urban Kebab,1,17.49,Medium,Les Originales
2026-01-31 13:21:53,Beef and Cheddar,1,17.99,Medium,Éditions Limitées
2026-01-31 13:21:53,Kebab and Spicy,1,21.99,XL,Les Originales
2026-01-31 13:21:53,Kebab and Spicy,1,15.99,Medium,Les Originales
2026-01-31 13:31:47,Chicken Delight,1,18.99,Large,Les Originales
2026-01-31 13:31:47,Chèvre-Miel,1,21.99,XL,Les Iconiques
2026-01-31 13:31:47,Forestière,1,17.49,Medium,Les Grands Classiques
2026-01-31 13:31:47,Pêcheur,1,21.99,XL,Les Grands Classiques
2026-01-31 13:31:47,Crispy Cannibale,1,23.99,XL,Les Originales
2026-01-31 13:31:47,Beef and Cheddar,1,20.99,Large,Éditions Limitées
2026-01-31 13:40:00,Pêcheur,1,21.99,XL,Les Grands Classiques
2026-01-31 13:40:00,Hawaïenne Poulet,1,17.99,Large,Les Grands Classiques
2026-01-31 14:03:30,Bacon Groovy,1,23.49,XL,Les Iconiques
2026-01-31 14:07:32,Crispy Cannibale,1,17.99,Medium,Les Originales
2026-01-31 14:17:39,Chicken and Cheddar,1,20.49,Large,Éditions Limitées
2026-01-31 14:37:52,Chicken Delight,1,21.99,XL,Les Originales
2026-01-31 14:37:52,Forestière,1,17.49,Medium,Les Grands Classiques
2026-01-31 14:37:52,Pepperoni Party,1,20.49,Large,Les Iconiques
2026-01-31 14:37:52,Urban Kebab,1,17.49,Medium,Les Originales
2026-01-31 14:37:52,Steak and Cheese,1,20.99,XL,Les Grands Classiques
2026-01-31 14:55:20,4 Fromages,1,17.49,Medium,Les Iconiques
2026-01-31 14:55:20,Forestière,1,23.49,XL,Les Grands Classiques
2026-01-31 14:55:20,Hawaïenne Poulet,1,17.99,Large,Les Grands Classiques
2026-01-31 14:55:20,Peppina Vegan,1,22.99,XL,Les Vegans
2026-01-31 15:12:38,Forestière,1,23.49,XL,Les Grands Classiques
2026-01-31 15:12:38,Peppina,1,19.99,Large,Les Gourmandes Veggies
2026-01-31 15:12:38,Peppina Vegan,1,19.99,Large,Les Vegans
2026-01-31 15:44:13,Diavola Haché au bœuf,1,18.99,Large,Les Originales
2026-01-31 15:44:13,Chèvre-Miel,1,18.99,Large,Les Iconiques
2026-01-31 16:01:42,Hawaïenne Jambon,1,14.99,Medium,Les Grands Classiques
2026-01-31 16:01:42,Chicken and Cheddar,1,23.49,XL,Éditions Limitées
2026-01-31 16:02:17,Hawaïenne Jambon,1,20.99,XL,Les Grands Classiques
2026-01-31 16:02:17,Pêcheur,1,15.99,Medium,Les Grands Classiques
2026-01-31 16:02:17,Originale Pepperoni,1,15.99,Large,Les Bons Plans
2026-01-31 16:07:02,Ultimate Meat,1,17.99,Medium,Toujours Plus
2026-01-31 16:07:02,Super Veggie,1,20.49,Large,Les Gourmandes Veggies
2026-01-31 16:07:02,Margherita,2,37.98,XL,Les Bons Plans
2026-01-31 16:07:49,Ultimate Meat,1,17.99,Medium,Toujours Plus
2026-01-31 16:07:49,Peppina Vegan,1,19.99,Large,Les Vegans
2026-01-31 16:13:08,Divine 3 Fromages,1,21.99,XL,Éditions Limitées
2026-01-31 16:13:08,Urban Kebab,1,20.49,Large,Les Originales
2026-01-31 16:16:19,Extravaganzza,1,20.99,Large,Toujours Plus
2026-01-31 16:23:44,Super Veggie,1,17.49,Medium,Les Gourmandes Veggies
2026-01-31 16:23:44,Hawaïenne Jambon,1,14.99,Medium,Les Grands Classiques
2026-01-31 16:23:44,Crispy Cannibale,1,17.99,Medium,Les Originales
2026-01-31 17:13:55,Extravaganzza,1,20.99,Large,Toujours Plus
2026-01-31 17:13:55,Peppina Vegan,1,22.99,XL,Les Vegans
2026-01-31 17:21:03,Divine 3 Fromages,1,21.99,XL,Éditions Limitées
2026-01-31 17:21:03,Peppina Vegan,1,22.99,XL,Les Vegans
2026-01-31 17:24:47,Ultimate Meat,1,17.99,Medium,Toujours Plus
2026-01-31 17:24:47,Indienne,1,18.99,Large,Les Grands Classiques
2026-01-31 17:24:47,Urban Kebab,1,17.49,Medium,Les Originales
2026-01-31 17:33:56,Ultimate Meat,1,17.99,Medium,Toujours Plus
2026-01-31 17:33:56,Hawaïenne Jambon,1,14.99,Medium,Les Grands Classiques
2026-01-31 17:33:56,Forestière,1,23.49,XL,Les Grands Classiques
2026-01-31 17:59:29,Chèvre-Miel,1,21.99,XL,Les Iconiques
2026-01-31 17:59:29,Hawaïenne Jambon,1,17.99,Large,Les Grands Classiques
2026-01-31 17:59:29,Kebab and Spicy,1,18.99,Large,Les Originales
2026-01-31 18:05:04,Ultimate Meat,1,17.99,Medium,Toujours Plus
2026-01-31 18:05:04,Crispy Cannibale,1,23.99,XL,Les Originales
2026-01-31 18:05:04,Urban Kebab,1,20.49,Large,Les Originales
2026-01-31 18:05:33,Pêcheur,1,21.99,XL,Les Grands Classiques
2026-01-31 18:05:33,Urban Kebab,1,17.49,Medium,Les Originales
2026-01-31 18:06:26,Chicken BBQ,1,18.99,Large,Les Grands Classiques
2026-01-31 18:06:26,Originale Pepperoni,1,15.99,Large,Les Bons Plans
2026-01-31 18:06:26,Peppina Vegan,1,19.99,Large,Les Vegans
2026-01-31 18:13:57,Chicken Delight,1,15.99,Medium,Les Originales
2026-01-31 18:13:57,Chèvre-Miel,1,21.99,XL,Les Iconiques
2026-01-31 18:13:57,Pêcheur,1,18.99,Large,Les Grands Classiques
2026-01-31 18:14:53,Indienne,1,18.99,Large,Les Grands Classiques
2026-01-31 18:14:53,Margherita,1,18.99,XL,Les Bons Plans
2026-01-31 18:17:53,Diavola Haché au bœuf,1,18.99,Large,Les Originales
2026-01-31 18:17:53,Pepperoni Party,1,23.49,XL,Les Iconiques
2026-01-31 18:19:33,Chicken Delight,1,18.99,Large,Les Originales
2026-01-31 18:20:38,Ultimate Meat,1,17.99,Medium,Toujours Plus
2026-01-31 18:20:38,Algérienne,1,18.99,Large,Les Grands Classiques
2026-01-31 18:22:51,Extravaganzza,1,23.99,XL,Toujours Plus
2026-01-31 18:22:51,Divine 3 Fromages,1,21.99,XL,Éditions Limitées
2026-01-31 18:22:51,Urban Kebab,1,23.49,XL,Les Originales
2026-01-31 18:33:05,Chèvre-Miel,1,21.99,XL,Les Iconiques
2026-01-31 18:33:05,Cannibale,1,23.49,XL,Les Iconiques
2026-01-31 18:33:05,Cannibale,1,17.49,Medium,Les Iconiques
2026-01-31 18:33:05,Steak and Cheese,1,17.99,Large,Les Grands Classiques
2026-01-31 18:56:22,Pepperoni Party,1,20.49,Large,Les Iconiques
2026-01-31 18:56:22,Royale Veggie,1,18.99,Large,Les Gourmandes Veggies
2026-01-31 18:56:22,Beef and Cheddar,1,17.99,Medium,Éditions Limitées
2026-01-31 19:12:25,Originale Pepperoni,1,12.99,Medium,Les Bons Plans
2026-01-31 19:12:25,Chicken and Cheddar,1,17.49,Medium,Éditions Limitées
2026-01-31 19:12:25,Hawaïenne Poulet,1,20.99,XL,Les Grands Classiques
2026-01-31 19:15:50,Chicken Delight,1,21.99,XL,Les Originales
2026-01-31 19:15:50,Diavola Pepperoni,1,21.99,XL,Les Originales
2026-01-31 19:15:50,Hawaïenne Poulet,1,20.99,XL,Les Grands Classiques
2026-01-31 19:15:50,Steak and Cheese,1,20.99,XL,Les Grands Classiques
2026-01-31 19:23:54,Urban Kebab,1,23.49,XL,Les Originales
2026-01-31 20:02:14,Urban Kebab,1,23.49,XL,Les Originales
2026-01-31 20:08:22,Pêcheur,1,21.99,XL,Les Grands Classiques
2026-01-31 20:11:10,Chicken Delight,1,21.99,XL,Les Originales
2026-01-31 20:11:10,Royale Veggie,1,18.99,Large,Les Gourmandes Veggies
2026-01-31 20:26:06,Pepperoni Party,1,20.49,Large,Les Iconiques
2026-01-31 20:26:06,Cannibale,1,20.49,Large,Les Iconiques
2026-01-31 20:28:11,Chicken Delight,1,18.99,Large,Les Originales
2026-01-31 20:28:11,Hawaïenne Jambon,1,17.99,Large,Les Grands Classiques
2026-01-31 20:28:11,Peppina,1,16.99,Medium,Les Gourmandes Veggies
2026-01-31 20:28:11,Diavola Pepperoni,1,21.99,XL,Les Originales
2026-01-31 20:46:18,Peppina Vegan,1,16.99,Medium,Les Vegans
2026-01-31 20:56:35,Chicken BBQ,1,18.99,Large,Les Grands Classiques
2026-01-31 20:56:35,Forestière,1,23.49,XL,Les Grands Classiques
2026-01-31 20:56:35,Rocket Veggie,1,15.99,Large,Les Gourmandes Veggies
2026-01-31 20:56:35,Peppina Vegan,1,22.99,XL,Les Vegans
2026-01-31 20:56:38,Chèvre-Miel,1,21.99,XL,Les Iconiques
2026-01-31 20:56:38,Forestière,1,23.49,XL,Les Grands Classiques
2026-01-31 20:56:38,Algérienne,1,21.99,XL,Les Grands Classiques
2026-01-31 20:58:38,Kebab and Spicy,1,21.99,XL,Les Originales
2026-01-31 21:01:00,Ultimate Meat,1,17.99,Medium,Toujours Plus
2026-01-31 21:01:00,Extravaganzza,1,20.99,Large,Toujours Plus
2026-01-31 21:01:00,Hawaïenne Jambon,1,17.99,Large,Les Grands Classiques
2026-01-31 21:01:00,Pepperoni Party,1,20.49,Large,Les Iconiques
2026-01-31 21:01:18,Beef and Cheddar,1,20.99,Large,Éditions Limitées
2026-01-31 21:01:18,Kebab and Spicy,1,15.99,Medium,Les Originales
2026-01-31 21:07:17,Pêcheur,1,21.99,XL,Les Grands Classiques
2026-01-31 21:07:17,Originale Pepperoni,1,15.99,Large,Les Bons Plans
2026-01-31 21:28:07,Ultimate Meat,1,17.99,Medium,Toujours Plus
2026-01-31 21:28:07,Originale Pepperoni,1,18.99,XL,Les Bons Plans
2026-01-31 22:09:40,Diavola Pepperoni,1,18.99,Large,Les Originales
2026-01-31 22:09:40,Chicken and Cheddar,1,17.49,Medium,Éditions Limitées
2026-01-31 22:43:07,Peppina,1,22.99,XL,Les Gourmandes Veggies
2026-01-31 22:43:07,Crispy Cannibale,1,23.99,XL,Les Originales
2026-01-31 22:43:07,Beef and Cheddar,1,17.99,Medium,Éditions Limitées
2026-01-31 22:43:07,Peppina Vegan,1,19.99,Large,Les Vegans
2026-02-01 11:32:07,Ultimate Meat,1,17.99,Medium,Toujours Plus
2026-02-01 11:36:27,Extravaganzza,1,20.99,Large,Toujours Plus
2026-02-01 11:40:46,Extravaganzza,1,23.99,XL,Toujours Plus
2026-02-01 11:40:46,Forestière,1,20.49,Large,Les Grands Classiques
2026-02-01 11:40:47,Divine 3 Fromages,1,21.99,XL,Éditions Limitées
2026-02-01 11:40:47,Chèvre-Miel,1,21.99,XL,Les Iconiques
2026-02-01 11:40:47,Urban Kebab,1,17.49,Medium,Les Originales
2026-02-01 11:44:12,Hawaïenne Jambon,1,14.99,Medium,Les Grands Classiques
2026-02-01 11:44:12,Royale Veggie,1,15.99,Medium,Les Gourmandes Veggies
2026-02-01 11:49:01,Ultimate Meat,2,35.98,Medium,Toujours Plus
2026-02-01 11:49:01,Chicken Delight,1,21.99,XL,Les Originales
2026-02-01 11:49:01,Extravaganzza,1,20.99,Large,Toujours Plus
2026-02-01 11:49:01,Peppina,1,16.99,Medium,Les Gourmandes Veggies
2026-02-01 11:49:01,Pêcheur,1,18.99,Large,Les Grands Classiques
2026-02-01 11:49:01,Originale Pepperoni,1,12.99,Medium,Les Bons Plans
2026-02-01 11:49:01,Crispy Cannibale,1,20.99,Large,Les Originales
2026-02-01 11:49:01,Beef and Cheddar,1,20.99,Large,Éditions Limitées
2026-02-01 11:49:01,Kebab and Spicy,1,21.99,XL,Les Originales
2026-02-01 11:49:01,Margherita,1,12.99,Medium,Les Bons Plans
2026-02-01 11:49:01,Chicken and Cheddar,1,23.49,XL,Éditions Limitées
2026-02-01 11:49:01,Hawaïenne Poulet,1,20.99,XL,Les Grands Classiques
2026-02-01 11:54:36,Diavola Haché au bœuf,1,18.99,Large,Les Originales
2026-02-01 11:54:36,Chèvre-Miel,1,21.99,XL,Les Iconiques
2026-02-01 12:12:59,Pepperoni Party,1,20.49,Large,Les Iconiques
2026-02-01 12:12:59,Pêcheur,1,18.99,Large,Les Grands Classiques
2026-02-01 12:27:17,Ultimate Meat,1,17.99,Medium,Toujours Plus
2026-02-01 12:28:09,Bacon Groovy,1,17.49,Medium,Les Iconiques
2026-02-01 12:28:09,Crispy Cannibale,1,20.99,Large,Les Originales
2026-02-01 12:28:09,Algérienne,1,15.99,Medium,Les Grands Classiques
2026-02-01 12:28:09,Margherita,1,15.99,Large,Les Bons Plans
2026-02-01 12:32:48,Urban Kebab,1,20.49,Large,Les Originales
2026-02-01 12:34:00,Diavola Haché au bœuf,1,21.99,XL,Les Originales
2026-02-01 12:43:50,Kebab and Spicy,1,15.99,Medium,Les Originales
2026-02-01 13:18:55,Crispy Cannibale,1,23.99,XL,Les Originales
2026-02-01 13:19:52,Extravaganzza,1,23.99,XL,Toujours Plus
2026-02-01 13:21:23,Cheesy and Veggie,1,20.99,XL,Les Gourmandes Veggies
2026-02-01 13:27:02,Chicken Delight,1,21.99,XL,Les Originales
2026-02-01 13:27:02,Royale Veggie,1,21.99,XL,Les Gourmandes Veggies
2026-02-01 13:39:45,4 Fromages,1,17.49,Medium,Les Iconiques
2026-02-01 13:46:26,Crispy Cannibale,1,17.99,Medium,Les Originales
2026-02-01 14:09:37,Chicken BBQ,1,18.99,Large,Les Grands Classiques
2026-02-01 14:09:37,Indienne,1,21.99,XL,Les Grands Classiques
2026-02-01 14:09:37,Cannibale,1,23.49,XL,Les Iconiques
2026-02-01 14:09:37,Cheesy and Veggie,1,20.99,XL,Les Gourmandes Veggies
2026-02-01 14:18:56,4 Fromages,1,17.49,Medium,Les Iconiques
2026-02-01 14:18:56,Extravaganzza,1,20.99,Large,Toujours Plus
2026-02-01 14:18:56,Pepperoni Party,1,20.49,Large,Les Iconiques
2026-02-01 14:18:56,Beef and Cheddar,1,23.99,XL,Éditions Limitées
2026-02-01 14:18:56,Algérienne,1,15.99,Medium,Les Grands Classiques
2026-02-01 14:18:56,Chicken and Cheddar,1,17.49,Medium,Éditions Limitées
2026-02-01 14:35:50,Kebab and Spicy,1,18.99,Large,Les Originales
2026-02-01 14:35:56,Divine 3 Fromages,1,21.99,XL,Éditions Limitées
2026-02-01 14:35:56,Chicken and Cheddar,1,23.49,XL,Éditions Limitées
2026-02-01 14:37:38,Peppina,1,19.99,Large,Les Gourmandes Veggies
2026-02-01 14:37:38,Originale Pepperoni,1,15.99,Large,Les Bons Plans
2026-02-01 14:37:38,Cannibale,1,23.49,XL,Les Iconiques
2026-02-01 14:37:38,Cannibale,1,20.49,Large,Les Iconiques
2026-02-01 14:45:45,Ultimate Meat,1,17.99,Medium,Toujours Plus
2026-02-01 15:01:40,Forestière,1,23.49,XL,Les Grands Classiques
2026-02-01 15:07:28,Pepperoni Party,1,23.49,XL,Les Iconiques
2026-02-01 15:07:28,Royale Veggie,1,21.99,XL,Les Gourmandes Veggies
2026-02-01 15:07:28,Crispy Cannibale,1,23.99,XL,Les Originales
2026-02-01 15:07:28,Hawaïenne Poulet,1,20.99,XL,Les Grands Classiques
2026-02-01 15:09:20,Chicken Delight,1,15.99,Medium,Les Originales
2026-02-01 15:09:20,Urban Kebab,1,23.49,XL,Les Originales
2026-02-01 15:19:35,Urban Kebab,1,23.49,XL,Les Originales
2026-02-01 15:52:26,Originale Pepperoni,1,15.99,Large,Les Bons Plans
2026-02-01 15:52:26,Algérienne,1,21.99,XL,Les Grands Classiques
2026-02-01 15:56:21,Chicken BBQ,1,21.99,XL,Les Grands Classiques
2026-02-01 15:56:21,Diavola Haché au bœuf,1,18.99,Large,Les Originales
2026-02-01 15:56:21,Chèvre-Miel,1,21.99,XL,Les Iconiques
2026-02-01 15:56:21,Cheesy and Veggie,1,14.99,Medium,Les Gourmandes Veggies
2026-02-01 16:03:52,Algérienne,1,21.99,XL,Les Grands Classiques
2026-02-01 16:03:52,Cheesy and Veggie,1,14.99,Medium,Les Gourmandes Veggies
2026-02-01 16:07:22,Extravaganzza,1,17.99,Medium,Toujours Plus
2026-02-01 16:07:22,Pêcheur,1,21.99,XL,Les Grands Classiques
2026-02-01 16:14:27,Ultimate Meat,2,35.98,Medium,Toujours Plus
2026-02-01 16:15:40,Forestière,1,23.49,XL,Les Grands Classiques
2026-02-01 16:15:40,Peppina,1,19.99,Large,Les Gourmandes Veggies
2026-02-01 16:15:40,Royale Veggie,1,18.99,Large,Les Gourmandes Veggies
2026-02-01 16:16:16,Pêcheur,1,18.99,Large,Les Grands Classiques
2026-02-01 16:16:16,Originale Pepperoni,1,12.99,Medium,Les Bons Plans
2026-02-01 16:18:31,Chicken Delight,1,18.99,Large,Les Originales
2026-02-01 16:18:31,Divine 3 Fromages,1,21.99,XL,Éditions Limitées
2026-02-01 16:25:39,Hawaïenne Jambon,2,29.98,Medium,Les Grands Classiques
2026-02-01 16:34:15,Chicken Delight,1,18.99,Large,Les Originales
2026-02-01 16:34:15,Super Veggie,1,17.49,Medium,Les Gourmandes Veggies
2026-02-01 16:34:15,Hawaïenne Jambon,1,17.99,Large,Les Grands Classiques
2026-02-01 16:34:15,Hawaïenne Poulet,1,20.99,XL,Les Grands Classiques
2026-02-01 16:34:57,Extravaganzza,1,20.99,Large,Toujours Plus
2026-02-01 16:34:57,Pepperoni Party,1,23.49,XL,Les Iconiques
2026-02-01 16:34:57,Kebab and Spicy,1,15.99,Medium,Les Originales
2026-02-01 16:34:57,Cheesy and Veggie,1,20.99,XL,Les Gourmandes Veggies
2026-02-01 16:43:54,Royale Veggie,1,21.99,XL,Les Gourmandes Veggies
2026-02-01 16:48:06,Chicken Delight,1,18.99,Large,Les Originales
2026-02-01 16:48:06,Extravaganzza,1,20.99,Large,Toujours Plus
2026-02-01 16:48:06,Forestière,1,20.49,Large,Les Grands Classiques
2026-02-01 16:48:06,Originale Pepperoni,1,12.99,Medium,Les Bons Plans
2026-02-01 16:48:06,Algérienne,1,18.99,Large,Les Grands Classiques
2026-02-01 17:01:44,Diavola Haché au bœuf,1,18.99,Large,Les Originales
2026-02-01 17:01:44,Pêcheur,1,15.99,Medium,Les Grands Classiques
2026-02-01 17:03:26,Chicken BBQ,1,21.99,XL,Les Grands Classiques
2026-02-01 17:03:26,Pepperoni Party,1,23.49,XL,Les Iconiques
2026-02-01 17:09:36,Divine 3 Fromages,1,21.99,XL,Éditions Limitées
2026-02-01 17:09:36,Diavola Pepperoni,1,15.99,Medium,Les Originales
2026-02-01 17:11:07,Diavola Haché au bœuf,1,21.99,XL,Les Originales
2026-02-01 17:11:07,Chicken Delight,1,18.99,Large,Les Originales
2026-02-01 17:11:07,Kebab and Spicy,1,21.99,XL,Les Originales
2026-02-01 17:11:07,Steak and Cheese,1,20.99,XL,Les Grands Classiques
2026-02-01 17:11:28,Chicken Delight,1,18.99,Large,Les Originales
2026-02-01 17:11:28,Hawaïenne Jambon,1,14.99,Medium,Les Grands Classiques
2026-02-01 17:11:28,Urban Kebab,1,23.49,XL,Les Originales
2026-02-01 17:11:36,Hawaïenne Poulet,1,20.99,XL,Les Grands Classiques
2026-02-01 17:13:57,Extravaganzza,1,17.99,Medium,Toujours Plus
2026-02-01 17:13:57,Steak and Cheese,1,20.99,XL,Les Grands Classiques
2026-02-01 17:24:50,Diavola Haché au bœuf,1,18.99,Large,Les Originales
2026-02-01 17:24:50,Algérienne,1,21.99,XL,Les Grands Classiques
2026-02-01 17:24:50,Kebab and Spicy,1,15.99,Medium,Les Originales
2026-02-01 17:24:50,Hawaïenne Poulet,1,20.99,XL,Les Grands Classiques
2026-02-01 17:28:49,Chicken Delight,1,21.99,XL,Les Originales
2026-02-01 17:32:37,Diavola Pepperoni,1,21.99,XL,Les Originales
2026-02-01 17:32:37,Algérienne,1,21.99,XL,Les Grands Classiques
2026-02-01 17:32:37,Hawaïenne Poulet,1,14.99,Medium,Les Grands Classiques
2026-02-01 17:34:26,Indienne,1,18.99,Large,Les Grands Classiques
2026-02-01 17:35:39,Indienne,1,21.99,XL,Les Grands Classiques
2026-02-01 17:35:39,Crispy Cannibale,1,23.99,XL,Les Originales
2026-02-01 17:42:49,Hawaïenne Jambon,1,20.99,XL,Les Grands Classiques
2026-02-01 17:47:51,Chicken BBQ,1,18.99,Large,Les Grands Classiques
2026-02-01 17:47:51,Chèvre-Miel,1,21.99,XL,Les Iconiques
2026-02-01 17:50:51,Chèvre-Miel,1,21.99,XL,Les Iconiques
2026-02-01 17:50:51,Forestière,1,17.49,Medium,Les Grands Classiques
2026-02-01 18:06:22,Chèvre-Miel,1,18.99,Large,Les Iconiques
2026-02-01 18:13:17,Ultimate Meat,1,17.99,Medium,Toujours Plus
2026-02-01 18:13:17,Extravaganzza,1,20.99,Large,Toujours Plus
2026-02-01 18:13:17,Pepperoni Party,1,23.49,XL,Les Iconiques
2026-02-01 18:13:17,Originale Pepperoni,1,12.99,Medium,Les Bons Plans
2026-02-01 18:14:34,Chicken BBQ,1,18.99,Large,Les Grands Classiques
2026-02-01 18:14:34,Chicken Delight,1,18.99,Large,Les Originales
2026-02-01 18:14:34,Extravaganzza,1,17.99,Medium,Toujours Plus
2026-02-01 18:17:07,Divine 3 Fromages,1,21.99,XL,Éditions Limitées
2026-02-01 18:25:35,Margherita,1,12.99,Medium,Les Bons Plans
2026-02-01 18:28:56,Chicken BBQ,1,18.99,Large,Les Grands Classiques
2026-02-01 18:45:56,Pepperoni Party,1,23.49,XL,Les Iconiques
2026-02-01 18:57:06,Chicken BBQ,1,18.99,Large,Les Grands Classiques
2026-02-01 19:01:15,Chicken Delight,1,18.99,Large,Les Originales
2026-02-01 19:01:32,Diavola Pepperoni,1,15.99,Medium,Les Originales
2026-02-01 19:01:32,Cannibale,1,20.49,Large,Les Iconiques
2026-02-01 19:04:46,Chicken Delight,1,18.99,Large,Les Originales
2026-02-01 19:24:03,Originale Pepperoni,1,12.99,Medium,Les Bons Plans
2026-02-01 19:24:26,Originale Pepperoni,1,15.99,Large,Les Bons Plans
2026-02-01 19:24:26,Kebab and Spicy,1,21.99,XL,Les Originales
2026-02-01 19:27:59,Chicken BBQ,1,21.99,XL,Les Grands Classiques
2026-02-01 19:27:59,Pêcheur,1,18.99,Large,Les Grands Classiques
2026-02-01 19:48:51,4 Fromages,1,17.49,Medium,Les Iconiques
2026-02-01 19:48:51,Royale Veggie,1,21.99,XL,Les Gourmandes Veggies
2026-02-01 19:48:51,Algérienne,1,21.99,XL,Les Grands Classiques
2026-02-01 19:48:51,Steak and Cheese,1,17.99,Large,Les Grands Classiques
2026-02-01 19:50:54,Chicken Delight,1,15.99,Medium,Les Originales
2026-02-01 20:03:59,Kebab and Spicy,1,18.99,Large,Les Originales
2026-02-01 20:04:38,Chicken BBQ,1,18.99,Large,Les Grands Classiques
2026-02-01 20:04:38,Cannibale,1,17.49,Medium,Les Iconiques
2026-02-01 20:07:50,Peppina,1,16.99,Medium,Les Gourmandes Veggies
2026-02-01 20:09:20,Bacon Groovy,1,23.49,XL,Les Iconiques
2026-02-01 20:09:20,Super Veggie,1,20.49,Large,Les Gourmandes Veggies
2026-02-01 20:09:20,Steak and Cheese,1,20.99,XL,Les Grands Classiques
2026-02-01 20:09:20,Peppina Vegan,1,22.99,XL,Les Vegans
2026-02-01 20:34:14,Chicken BBQ,1,18.99,Large,Les Grands Classiques
2026-02-01 20:34:14,Extravaganzza,1,20.99,Large,Toujours Plus
2026-02-01 20:40:02,Chicken BBQ,1,15.99,Medium,Les Grands Classiques
2026-02-01 20:40:02,Cannibale,1,17.49,Medium,Les Iconiques
2026-02-01 20:40:02,Margherita,1,15.99,Large,Les Bons Plans
2026-02-01 20:43:56,Pepperoni Party,1,20.49,Large,Les Iconiques
2026-02-01 20:43:56,Originale Pepperoni,1,12.99,Medium,Les Bons Plans
2026-02-01 21:12:29,Super Veggie,1,17.49,Medium,Les Gourmandes Veggies
2026-02-01 21:12:29,Originale Pepperoni,1,12.99,Medium,Les Bons Plans
2026-02-01 21:31:03,Beef and Cheddar,1,23.99,XL,Éditions Limitées
2026-02-01 21:31:03,Kebab and Spicy,1,21.99,XL,Les Originales
2026-02-01 21:31:03,Hawaïenne Poulet,1,20.99,XL,Les Grands Classiques
2026-02-01 21:57:20,Chicken BBQ,1,21.99,XL,Les Grands Classiques
2026-02-01 22:08:01,Chicken Delight,1,18.99,Large,Les Originales
2026-02-01 22:08:01,Extravaganzza,1,17.99,Medium,Toujours Plus
2026-02-01 22:08:01,Hawaïenne Jambon,1,20.99,XL,Les Grands Classiques
2026-02-01 22:08:01,Pêcheur,1,21.99,XL,Les Grands Classiques
2026-02-01 22:11:02,Diavola Haché au bœuf,1,18.99,Large,Les Originales
2026-02-01 22:15:43,Ultimate Meat,1,17.99,Medium,Toujours Plus
2026-02-01 22:15:43,Algérienne,1,18.99,Large,Les Grands Classiques
2026-02-01 22:29:35,Chicken Delight,1,21.99,XL,Les Originales
2026-02-01 22:29:35,Hawaïenne Poulet,1,17.99,Large,Les Grands Classiques
2026-02-02 11:17:08,Chicken Delight,1,18.99,Large,Les Originales
2026-02-02 11:17:08,Peppina,1,19.99,Large,Les Gourmandes Veggies
2026-02-02 11:17:08,Hawaïenne Poulet,1,20.99,XL,Les Grands Classiques
2026-02-02 11:17:08,Hawaïenne Poulet,1,17.99,Large,Les Grands Classiques
2026-02-02 11:24:45,Chicken Delight,1,18.99,Large,Les Originales
2026-02-02 11:24:47,Peppina,1,16.99,Medium,Les Gourmandes Veggies
2026-02-02 11:24:47,Cannibale,1,20.49,Large,Les Iconiques
2026-02-02 11:34:50,Hawaïenne Jambon,1,20.99,XL,Les Grands Classiques
2026-02-02 11:34:50,Hawaïenne Poulet,1,20.99,XL,Les Grands Classiques
2026-02-02 11:43:47,Urban Kebab,1,20.49,Large,Les Originales
2026-02-02 11:46:18,Originale Pepperoni,1,18.99,XL,Les Bons Plans
2026-02-02 12:29:44,Originale Pepperoni,1,12.99,Medium,Les Bons Plans
2026-02-02 12:30:48,Peppina Vegan,1,22.99,XL,Les Vegans
2026-02-02 12:33:21,Originale Pepperoni,1,12.99,Medium,Les Bons Plans
2026-02-02 12:38:58,Extravaganzza,1,20.99,Large,Toujours Plus
2026-02-02 12:38:58,Hawaïenne Poulet,1,14.99,Medium,Les Grands Classiques
2026-02-02 12:40:35,Divine 3 Fromages,1,21.99,XL,Éditions Limitées
2026-02-02 12:40:35,Hawaïenne Jambon,1,20.99,XL,Les Grands Classiques
2026-02-02 12:49:13,Chèvre-Miel,1,18.99,Large,Les Iconiques
2026-02-02 12:49:13,Kebab and Spicy,1,18.99,Large,Les Originales
2026-02-02 12:50:14,Margherita,1,12.99,Medium,Les Bons Plans
2026-02-02 13:01:49,Chicken Delight,1,21.99,XL,Les Originales
2026-02-02 13:01:49,Chicken Delight,1,18.99,Large,Les Originales
2026-02-02 13:01:49,Indienne,1,18.99,Large,Les Grands Classiques
2026-02-02 13:01:49,Forestière,1,23.49,XL,Les Grands Classiques
2026-02-02 13:01:49,Rocket Veggie,2,25.98,Medium,Les Gourmandes Veggies
2026-02-02 13:01:49,Royale Veggie,2,37.98,Large,Les Gourmandes Veggies
2026-02-02 13:01:49,Urban Kebab,1,17.49,Medium,Les Originales
2026-02-02 13:01:49,Beef and Cheddar,1,23.99,XL,Éditions Limitées
2026-02-02 13:12:14,Chicken BBQ,1,18.99,Large,Les Grands Classiques
2026-02-02 13:12:14,Hawaïenne Poulet,1,20.99,XL,Les Grands Classiques
2026-02-02 13:13:28,Pepperoni Party,1,17.49,Medium,Les Iconiques
2026-02-02 13:13:28,Royale Veggie,1,21.99,XL,Les Gourmandes Veggies
2026-02-02 13:13:28,Diavola Pepperoni,1,21.99,XL,Les Originales
2026-02-02 13:14:06,Chicken BBQ,1,21.99,XL,Les Grands Classiques
2026-02-02 13:14:40,Forestière,1,23.49,XL,Les Grands Classiques
2026-02-02 13:39:08,Originale Pepperoni,1,18.99,XL,Les Bons Plans
2026-02-02 13:39:08,Kebab and Spicy,1,21.99,XL,Les Originales
2026-02-02 13:41:46,Royale Veggie,1,21.99,XL,Les Gourmandes Veggies
2026-02-02 13:42:31,Pepperoni Party,1,20.49,Large,Les Iconiques
2026-02-02 13:53:10,Diavola Pepperoni,1,15.99,Medium,Les Originales
2026-02-02 14:28:24,Steak and Cheese,1,14.99,Medium,Les Grands Classiques
2026-02-02 14:36:07,Diavola Haché au bœuf,1,18.99,Large,Les Originales
2026-02-02 14:36:07,Bacon Groovy,1,23.49,XL,Les Iconiques
2026-02-02 14:36:07,Peppina Vegan,1,19.99,Large,Les Vegans
2026-02-02 14:50:01,Ultimate Meat,1,17.99,Medium,Toujours Plus
2026-02-02 14:50:01,Indienne,1,21.99,XL,Les Grands Classiques
2026-02-02 14:50:01,Bacon Groovy,1,23.49,XL,Les Iconiques
2026-02-02 14:50:01,Super Veggie,1,17.49,Medium,Les Gourmandes Veggies
2026-02-02 14:50:01,Pepperoni Party,1,20.49,Large,Les Iconiques
2026-02-02 14:50:01,Diavola Pepperoni,1,15.99,Medium,Les Originales
2026-02-02 14:50:01,Originale Pepperoni,1,18.99,XL,Les Bons Plans
2026-02-02 14:50:01,Crispy Cannibale,1,23.99,XL,Les Originales
2026-02-02 14:50:01,Crispy Cannibale,1,17.99,Medium,Les Originales
2026-02-02 14:50:01,Margherita,1,18.99,XL,Les Bons Plans
2026-02-02 14:50:01,Margherita,1,15.99,Large,Les Bons Plans
2026-02-02 14:50:01,Hawaïenne Poulet,1,14.99,Medium,Les Grands Classiques
2026-02-02 14:50:01,Peppina Vegan,1,19.99,Large,Les Vegans
2026-02-02 14:50:01,Peppina Vegan,1,16.99,Medium,Les Vegans
2026-02-02 15:05:43,Crispy Cannibale,1,23.99,XL,Les Originales
2026-02-02 15:09:10,Hawaïenne Poulet,1,20.99,XL,Les Grands Classiques
2026-02-02 15:15:16,Originale Pepperoni,1,15.99,Large,Les Bons Plans
2026-02-02 15:29:57,Ultimate Meat,1,17.99,Medium,Toujours Plus
2026-02-02 15:29:57,Royale Veggie,1,21.99,XL,Les Gourmandes Veggies
2026-02-02 15:32:15,Chicken Delight,1,21.99,XL,Les Originales
2026-02-02 15:59:08,Ultimate Meat,1,17.99,Medium,Toujours Plus
2026-02-02 15:59:08,Cannibale,1,20.49,Large,Les Iconiques
2026-02-02 15:59:08,Kebab and Spicy,1,21.99,XL,Les Originales
2026-02-02 16:09:42,Urban Kebab,1,17.49,Medium,Les Originales
2026-02-02 16:09:42,Chicken and Cheddar,1,17.49,Medium,Éditions Limitées
2026-02-02 16:09:42,Peppina Vegan,1,19.99,Large,Les Vegans
2026-02-02 16:10:04,Divine 3 Fromages,1,21.99,XL,Éditions Limitées
2026-02-02 16:10:04,Chèvre-Miel,1,21.99,XL,Les Iconiques
2026-02-02 16:10:04,Hawaïenne Jambon,1,20.99,XL,Les Grands Classiques
2026-02-02 16:10:04,Forestière,1,17.49,Medium,Les Grands Classiques
2026-02-02 16:14:14,Urban Kebab,1,20.49,Large,Les Originales
2026-02-02 16:14:14,Beef and Cheddar,1,23.99,XL,Éditions Limitées
2026-02-02 16:14:14,Kebab and Spicy,1,21.99,XL,Les Originales
2026-02-02 16:14:14,Chicken and Cheddar,1,17.49,Medium,Éditions Limitées
2026-02-02 16:41:43,Hawaïenne Jambon,1,14.99,Medium,Les Grands Classiques
2026-02-02 16:41:43,Diavola Pepperoni,1,15.99,Medium,Les Originales
2026-02-02 16:41:43,Algérienne,1,15.99,Medium,Les Grands Classiques
2026-02-02 16:41:43,Margherita,1,12.99,Medium,Les Bons Plans
2026-02-02 16:58:41,Ultimate Meat,1,17.99,Medium,Toujours Plus
2026-02-02 16:58:41,4 Fromages,1,17.49,Medium,Les Iconiques
2026-02-02 16:58:41,Extravaganzza,1,23.99,XL,Toujours Plus
2026-02-02 17:10:43,Hawaïenne Jambon,1,14.99,Medium,Les Grands Classiques
2026-02-02 17:30:16,Chicken BBQ,1,15.99,Medium,Les Grands Classiques
2026-02-02 17:31:16,Forestière,1,23.49,XL,Les Grands Classiques
2026-02-02 17:31:16,Forestière,1,17.49,Medium,Les Grands Classiques
2026-02-02 17:35:29,Diavola Haché au bœuf,1,18.99,Large,Les Originales
2026-02-02 17:35:29,Royale Veggie,1,18.99,Large,Les Gourmandes Veggies
2026-02-02 17:35:29,Originale Pepperoni,1,15.99,Large,Les Bons Plans
2026-02-02 17:35:29,Cannibale,1,20.49,Large,Les Iconiques
2026-02-02 17:48:51,Chèvre-Miel,1,18.99,Large,Les Iconiques
2026-02-02 17:49:37,Ultimate Meat,1,17.99,Medium,Toujours Plus
2026-02-02 17:49:37,Forestière,1,20.49,Large,Les Grands Classiques
2026-02-02 17:49:37,Cheesy and Veggie,1,20.99,XL,Les Gourmandes Veggies
2026-02-02 18:07:34,Extravaganzza,1,20.99,Large,Toujours Plus
2026-02-02 18:07:34,Originale Pepperoni,1,12.99,Medium,Les Bons Plans
2026-02-02 18:25:11,Divine 3 Fromages,1,21.99,XL,Éditions Limitées
2026-02-02 18:25:11,Algérienne,1,18.99,Large,Les Grands Classiques
2026-02-02 18:25:11,Hawaïenne Poulet,1,17.99,Large,Les Grands Classiques
2026-02-02 18:27:37,Indienne,1,18.99,Large,Les Grands Classiques
2026-02-02 19:03:28,Originale Pepperoni,1,15.99,Large,Les Bons Plans
2026-02-02 19:05:23,Steak and Cheese,1,17.99,Large,Les Grands Classiques
2026-02-02 19:07:15,Forestière,1,23.49,XL,Les Grands Classiques
2026-02-02 19:10:40,Indienne,1,21.99,XL,Les Grands Classiques
2026-02-02 19:10:40,Hawaïenne Jambon,1,20.99,XL,Les Grands Classiques
2026-02-02 19:10:40,Kebab and Spicy,1,15.99,Medium,Les Originales
2026-02-02 19:10:40,Cheesy and Veggie,1,17.99,Large,Les Gourmandes Veggies
2026-02-02 19:36:26,Originale Pepperoni,1,15.99,Large,Les Bons Plans
2026-02-02 19:39:08,Beef and Cheddar,1,20.99,Large,Éditions Limitées
2026-02-02 19:50:13,Ultimate Meat,1,17.99,Medium,Toujours Plus
2026-02-02 19:50:13,Peppina Vegan,1,16.99,Medium,Les Vegans
2026-02-02 20:00:05,Cannibale,1,17.49,Medium,Les Iconiques
2026-02-02 20:00:05,Cheesy and Veggie,1,20.99,XL,Les Gourmandes Veggies
2026-02-02 20:07:17,Chicken BBQ,1,18.99,Large,Les Grands Classiques
2026-02-02 20:07:17,Pêcheur,1,21.99,XL,Les Grands Classiques
2026-02-02 20:07:17,Margherita,1,18.99,XL,Les Bons Plans
2026-02-02 20:07:17,Peppina Vegan,1,22.99,XL,Les Vegans
2026-02-02 20:09:54,Diavola Haché au bœuf,1,18.99,Large,Les Originales
2026-02-02 20:09:54,Indienne,1,18.99,Large,Les Grands Classiques
2026-02-02 20:09:54,Peppina Vegan,1,16.99,Medium,Les Vegans
2026-02-02 20:46:01,Chicken Delight,1,15.99,Medium,Les Originales
2026-02-02 20:46:01,Bacon Groovy,1,17.49,Medium,Les Iconiques
2026-02-02 20:46:01,Crispy Cannibale,1,23.99,XL,Les Originales
2026-02-02 21:15:17,Chicken BBQ,1,18.99,Large,Les Grands Classiques
2026-02-02 21:15:17,Peppina Vegan,1,16.99,Medium,Les Vegans
2026-02-02 21:22:35,Diavola Haché au bœuf,1,18.99,Large,Les Originales
2026-02-02 21:22:35,Hawaïenne Jambon,1,20.99,XL,Les Grands Classiques
2026-02-02 21:22:35,Kebab and Spicy,1,21.99,XL,Les Originales
2026-02-02 21:47:12,Chicken and Cheddar,1,17.49,Medium,Éditions Limitées
2026-02-02 21:48:32,Indienne,1,18.99,Large,Les Grands Classiques
2026-02-02 22:07:29,Peppina Vegan,1,22.99,XL,Les Vegans
2026-02-02 22:08:10,Chicken Delight,1,15.99,Medium,Les Originales
2026-02-02 22:08:10,Hawaïenne Jambon,1,14.99,Medium,Les Grands Classiques
2026-02-02 22:08:10,Crispy Cannibale,1,20.99,Large,Les Originales
2026-02-02 22:08:10,Chicken and Cheddar,1,17.49,Medium,Éditions Limitées
2026-02-02 22:19:33,Chicken BBQ,1,21.99,XL,Les Grands Classiques
2026-02-02 22:19:33,Diavola Haché au bœuf,1,18.99,Large,Les Originales
2026-02-02 22:19:33,Divine 3 Fromages,1,21.99,XL,Éditions Limitées
2026-02-02 22:19:33,Chicken and Cheddar,1,20.49,Large,Éditions Limitées
2026-02-03 11:25:25,Divine 3 Fromages,1,21.99,XL,Éditions Limitées
2026-02-03 11:25:25,Forestière,1,20.49,Large,Les Grands Classiques
2026-02-03 11:25:25,Urban Kebab,1,17.49,Medium,Les Originales
2026-02-03 11:35:10,Super Veggie,1,17.49,Medium,Les Gourmandes Veggies
2026-02-03 11:47:03,Margherita,1,12.99,Medium,Les Bons Plans
2026-02-03 12:07:51,Ultimate Meat,1,17.99,Medium,Toujours Plus
2026-02-03 12:07:51,Diavola Haché au bœuf,1,21.99,XL,Les Originales
2026-02-03 12:07:51,Diavola Haché au bœuf,1,18.99,Large,Les Originales
2026-02-03 12:07:51,Forestière,1,23.49,XL,Les Grands Classiques
2026-02-03 12:07:51,Pepperoni Party,1,20.49,Large,Les Iconiques
2026-02-03 12:07:51,Peppina,1,19.99,Large,Les Gourmandes Veggies
2026-02-03 12:07:51,Pêcheur,1,21.99,XL,Les Grands Classiques
2026-02-03 12:07:51,Diavola Pepperoni,1,15.99,Medium,Les Originales
2026-02-03 12:07:51,Kebab and Spicy,1,18.99,Large,Les Originales
2026-02-03 12:07:51,Hawaïenne Poulet,1,20.99,XL,Les Grands Classiques
2026-02-03 12:14:27,Chicken BBQ,1,18.99,Large,Les Grands Classiques
2026-02-03 12:14:27,Ultimate Meat,2,35.98,Medium,Toujours Plus
2026-02-03 12:14:27,Diavola Haché au bœuf,1,18.99,Large,Les Originales
2026-02-03 12:14:27,Chèvre-Miel,1,21.99,XL,Les Iconiques
2026-02-03 12:14:27,Diavola Pepperoni,1,18.99,Large,Les Originales
2026-02-03 12:14:27,Originale Pepperoni,2,25.98,Medium,Les Bons Plans
2026-02-03 12:14:27,Beef and Cheddar,1,23.99,XL,Éditions Limitées
2026-02-03 12:14:27,Cheesy and Veggie,1,20.99,XL,Les Gourmandes Veggies
2026-02-03 12:14:27,Hawaïenne Poulet,1,20.99,XL,Les Grands Classiques
2026-02-03 12:14:27,Peppina Vegan,2,45.98,XL,Les Vegans
2026-02-03 12:14:27,Peppina Vegan,1,16.99,Medium,Les Vegans
2026-02-03 12:20:45,Diavola Haché au bœuf,1,18.99,Large,Les Originales
2026-02-03 12:20:45,Diavola Haché au bœuf,1,15.99,Medium,Les Originales
2026-02-03 12:20:45,Chèvre-Miel,1,21.99,XL,Les Iconiques
2026-02-03 12:20:45,Forestière,1,23.49,XL,Les Grands Classiques
2026-02-03 12:21:10,Ultimate Meat,1,17.99,Medium,Toujours Plus
2026-02-03 12:21:10,Pepperoni Party,1,23.49,XL,Les Iconiques
2026-02-03 12:21:10,Margherita,1,18.99,XL,Les Bons Plans
2026-02-03 12:21:25,Super Veggie,1,20.49,Large,Les Gourmandes Veggies
2026-02-03 12:24:06,Forestière,1,23.49,XL,Les Grands Classiques
2026-02-03 12:24:06,Crispy Cannibale,1,17.99,Medium,Les Originales
2026-02-03 12:24:06,Cannibale,1,23.49,XL,Les Iconiques
2026-02-03 12:32:02,Chicken Delight,1,18.99,Large,Les Originales
2026-02-03 12:32:02,Indienne,1,18.99,Large,Les Grands Classiques
2026-02-03 12:32:02,Crispy Cannibale,1,17.99,Medium,Les Originales
2026-02-03 12:32:02,Chicken and Cheddar,1,23.49,XL,Éditions Limitées
2026-02-03 12:35:28,Indienne,1,21.99,XL,Les Grands Classiques
2026-02-03 12:35:28,Super Veggie,1,17.49,Medium,Les Gourmandes Veggies
2026-02-03 12:35:28,Hawaïenne Jambon,1,17.99,Large,Les Grands Classiques
2026-02-03 12:35:28,Hawaïenne Poulet,1,14.99,Medium,Les Grands Classiques
2026-02-03 12:37:21,Chicken BBQ,1,15.99,Medium,Les Grands Classiques
2026-02-03 12:37:21,Margherita,1,18.99,XL,Les Bons Plans
2026-02-03 12:47:12,Pêcheur,1,21.99,XL,Les Grands Classiques
2026-02-03 12:55:07,Steak and Cheese,1,14.99,Medium,Les Grands Classiques
2026-02-03 13:00:41,Ultimate Meat,1,17.99,Medium,Toujours Plus
2026-02-03 13:00:41,Originale Pepperoni,1,12.99,Medium,Les Bons Plans
2026-02-03 13:00:41,Urban Kebab,1,20.49,Large,Les Originales
2026-02-03 13:00:41,Margherita,1,12.99,Medium,Les Bons Plans
2026-02-03 13:01:28,Indienne,1,18.99,Large,Les Grands Classiques
2026-02-03 13:01:28,Crispy Cannibale,1,23.99,XL,Les Originales
2026-02-03 13:01:28,Kebab and Spicy,1,18.99,Large,Les Originales
2026-02-03 13:01:28,Peppina Vegan,1,22.99,XL,Les Vegans
2026-02-03 13:19:00,Kebab and Spicy,1,15.99,Medium,Les Originales
2026-02-03 13:19:00,Steak and Cheese,1,20.99,XL,Les Grands Classiques
2026-02-03 13:20:46,Ultimate Meat,2,35.98,Medium,Toujours Plus
2026-02-03 13:20:46,4 Fromages,1,17.49,Medium,Les Iconiques
2026-02-03 13:20:46,Extravaganzza,1,17.99,Medium,Toujours Plus
2026-02-03 13:23:13,Kebab and Spicy,1,21.99,XL,Les Originales
2026-02-03 13:23:49,Hawaïenne Jambon,1,17.99,Large,Les Grands Classiques
2026-02-03 13:47:00,Chicken BBQ,1,18.99,Large,Les Grands Classiques
2026-02-03 13:47:00,Super Veggie,1,20.49,Large,Les Gourmandes Veggies
2026-02-03 13:47:00,Peppina,1,16.99,Medium,Les Gourmandes Veggies
2026-02-03 13:51:56,Chicken BBQ,1,15.99,Medium,Les Grands Classiques
2026-02-03 13:51:56,Forestière,1,23.49,XL,Les Grands Classiques
2026-02-03 14:06:04,Originale Pepperoni,1,12.99,Medium,Les Bons Plans
2026-02-03 14:06:04,Crispy Cannibale,1,23.99,XL,Les Originales
2026-02-03 14:06:04,Urban Kebab,1,23.49,XL,Les Originales
2026-02-03 14:06:04,Steak and Cheese,1,20.99,XL,Les Grands Classiques
2026-02-03 14:14:03,Algérienne,1,21.99,XL,Les Grands Classiques
2026-02-03 14:14:05,Ultimate Meat,1,17.99,Medium,Toujours Plus
2026-02-03 14:25:13,Chicken Delight,1,21.99,XL,Les Originales
2026-02-03 14:25:13,Forestière,1,20.49,Large,Les Grands Classiques
2026-02-03 14:25:13,Originale Pepperoni,1,18.99,XL,Les Bons Plans
2026-02-03 14:25:13,Crispy Cannibale,1,20.99,Large,Les Originales
2026-02-03 14:36:36,Bacon Groovy,1,23.49,XL,Les Iconiques
2026-02-03 14:36:36,Steak and Cheese,1,14.99,Medium,Les Grands Classiques
2026-02-03 15:05:28,Chèvre-Miel,1,21.99,XL,Les Iconiques
2026-02-03 16:04:02,Beef and Cheddar,1,17.99,Medium,Éditions Limitées
2026-02-03 16:04:02,Algérienne,1,18.99,Large,Les Grands Classiques
2026-02-03 16:04:02,Margherita,1,18.99,XL,Les Bons Plans
2026-02-03 16:11:01,Chicken Delight,1,15.99,Medium,Les Originales
2026-02-03 16:11:01,Peppina Vegan,1,22.99,XL,Les Vegans
2026-02-03 16:11:48,Royale Veggie,1,21.99,XL,Les Gourmandes Veggies
2026-02-03 16:20:30,Algérienne,1,15.99,Medium,Les Grands Classiques
2026-02-03 16:20:30,Margherita,1,15.99,Large,Les Bons Plans
2026-02-03 16:38:16,Chèvre-Miel,1,21.99,XL,Les Iconiques
2026-02-03 16:47:49,Chicken and Cheddar,1,17.49,Medium,Éditions Limitées
2026-02-03 16:47:49,Hawaïenne Poulet,1,20.99,XL,Les Grands Classiques
2026-02-03 16:50:44,Divine 3 Fromages,1,21.99,XL,Éditions Limitées
2026-02-03 16:50:44,Algérienne,1,15.99,Medium,Les Grands Classiques
2026-02-03 16:51:05,Chicken Delight,1,18.99,Large,Les Originales
2026-02-03 16:51:05,Originale Pepperoni,1,15.99,Large,Les Bons Plans
2026-02-03 16:51:05,Algérienne,1,15.99,Medium,Les Grands Classiques
2026-02-03 17:12:51,Steak and Cheese,1,17.99,Large,Les Grands Classiques
2026-02-03 17:13:15,Chicken BBQ,1,15.99,Medium,Les Grands Classiques
2026-02-03 17:13:15,Kebab and Spicy,1,21.99,XL,Les Originales
2026-02-03 17:13:15,Cheesy and Veggie,1,14.99,Medium,Les Gourmandes Veggies
2026-02-03 17:13:15,Peppina Vegan,1,19.99,Large,Les Vegans
2026-02-03 17:15:18,Ultimate Meat,1,17.99,Medium,Toujours Plus
2026-02-03 17:15:18,Originale Pepperoni,1,15.99,Large,Les Bons Plans
2026-02-03 17:16:16,Extravaganzza,1,17.99,Medium,Toujours Plus
2026-02-03 17:17:29,Chicken BBQ,1,15.99,Medium,Les Grands Classiques
2026-02-03 17:17:29,Divine 3 Fromages,1,21.99,XL,Éditions Limitées
2026-02-03 17:17:29,Forestière,1,23.49,XL,Les Grands Classiques
2026-02-03 17:30:57,Rocket Veggie,1,12.99,Medium,Les Gourmandes Veggies
2026-02-03 17:31:35,Urban Kebab,1,20.49,Large,Les Originales
2026-02-03 17:36:07,Diavola Pepperoni,1,15.99,Medium,Les Originales
2026-02-03 17:36:45,Chèvre-Miel,1,18.99,Large,Les Iconiques
2026-02-03 17:40:35,Extravaganzza,1,20.99,Large,Toujours Plus
2026-02-03 18:01:43,Chicken BBQ,1,21.99,XL,Les Grands Classiques
2026-02-03 18:01:43,Pepperoni Party,1,23.49,XL,Les Iconiques
2026-02-03 18:01:43,Peppina Vegan,1,22.99,XL,Les Vegans
2026-02-03 18:23:13,Steak and Cheese,1,14.99,Medium,Les Grands Classiques
2026-02-03 18:33:46,Cannibale,1,20.49,Large,Les Iconiques
2026-02-03 18:33:46,Chicken and Cheddar,1,17.49,Medium,Éditions Limitées
2026-02-03 18:46:11,Crispy Cannibale,1,20.99,Large,Les Originales
2026-02-03 18:46:54,Peppina,1,19.99,Large,Les Gourmandes Veggies
2026-02-03 18:46:54,Pêcheur,1,15.99,Medium,Les Grands Classiques
2026-02-03 18:47:08,Originale Pepperoni,1,15.99,Large,Les Bons Plans
2026-02-03 18:47:08,Cannibale,1,20.49,Large,Les Iconiques
2026-02-03 18:47:08,Margherita,1,18.99,XL,Les Bons Plans
2026-02-03 18:48:26,Kebab and Spicy,1,21.99,XL,Les Originales
2026-02-03 19:00:24,Chicken BBQ,1,18.99,Large,Les Grands Classiques
2026-02-03 19:00:24,Chicken Delight,1,18.99,Large,Les Originales
2026-02-03 19:00:24,Peppina Vegan,1,22.99,XL,Les Vegans
2026-02-03 19:20:46,Peppina,1,19.99,Large,Les Gourmandes Veggies
2026-02-03 19:20:46,Diavola Pepperoni,1,18.99,Large,Les Originales
2026-02-03 19:20:46,Beef and Cheddar,1,20.99,Large,Éditions Limitées
2026-02-03 19:20:46,Chicken and Cheddar,1,17.49,Medium,Éditions Limitées
2026-02-03 19:51:00,Diavola Haché au bœuf,1,18.99,Large,Les Originales
2026-02-03 19:51:00,Chicken Delight,1,18.99,Large,Les Originales
2026-02-03 19:51:00,Royale Veggie,1,21.99,XL,Les Gourmandes Veggies
2026-02-03 19:51:00,Chicken and Cheddar,1,23.49,XL,Éditions Limitées
2026-02-03 19:54:31,4 Fromages,1,17.49,Medium,Les Iconiques
2026-02-03 19:54:31,Divine 3 Fromages,1,21.99,XL,Éditions Limitées
2026-02-03 19:54:31,Chèvre-Miel,1,21.99,XL,Les Iconiques
2026-02-03 19:54:31,Urban Kebab,1,17.49,Medium,Les Originales
2026-02-03 20:42:43,Chèvre-Miel,2,43.98,XL,Les Iconiques
2026-02-03 20:42:43,Originale Pepperoni,1,18.99,XL,Les Bons Plans
2026-02-03 20:46:45,Chèvre-Miel,2,43.98,XL,Les Iconiques
2026-02-03 20:46:45,Peppina,1,19.99,Large,Les Gourmandes Veggies
2026-02-03 20:59:30,Bacon Groovy,1,23.49,XL,Les Iconiques
2026-02-03 20:59:30,Forestière,1,20.49,Large,Les Grands Classiques
2026-02-03 21:05:04,Diavola Pepperoni,1,18.99,Large,Les Originales
2026-02-03 21:05:04,Beef and Cheddar,1,23.99,XL,Éditions Limitées
2026-02-03 21:05:04,Peppina Vegan,1,19.99,Large,Les Vegans
2026-02-03 21:11:26,Chèvre-Miel,1,21.99,XL,Les Iconiques
2026-02-03 21:11:26,Steak and Cheese,1,20.99,XL,Les Grands Classiques
2026-02-04 11:19:17,Originale Pepperoni,1,18.99,XL,Les Bons Plans
2026-02-04 11:19:17,Kebab and Spicy,1,18.99,Large,Les Originales
2026-02-04 11:41:34,Pepperoni Party,1,20.49,Large,Les Iconiques
2026-02-04 11:41:34,Algérienne,1,15.99,Medium,Les Grands Classiques
2026-02-04 11:41:34,Kebab and Spicy,1,15.99,Medium,Les Originales
2026-02-04 11:45:09,Forestière,1,17.49,Medium,Les Grands Classiques
2026-02-04 11:45:09,Kebab and Spicy,1,21.99,XL,Les Originales
2026-02-04 11:49:00,Bacon Groovy,1,17.49,Medium,Les Iconiques
2026-02-04 11:49:00,Chicken and Cheddar,1,17.49,Medium,Éditions Limitées
2026-02-04 11:56:32,Forestière,1,20.49,Large,Les Grands Classiques
2026-02-04 12:25:02,Ultimate Meat,1,17.99,Medium,Toujours Plus
2026-02-04 12:26:39,Chicken BBQ,1,15.99,Medium,Les Grands Classiques
2026-02-04 12:26:39,Indienne,1,18.99,Large,Les Grands Classiques
2026-02-04 12:26:39,Rocket Veggie,1,12.99,Medium,Les Gourmandes Veggies
2026-02-04 12:26:39,Royale Veggie,1,21.99,XL,Les Gourmandes Veggies
2026-02-04 12:27:21,Pepperoni Party,1,17.49,Medium,Les Iconiques
2026-02-04 12:27:21,Urban Kebab,1,17.49,Medium,Les Originales
2026-02-04 12:27:21,Peppina Vegan,1,22.99,XL,Les Vegans
2026-02-04 12:44:20,Hawaïenne Jambon,1,20.99,XL,Les Grands Classiques
2026-02-04 12:44:20,Hawaïenne Jambon,1,14.99,Medium,Les Grands Classiques
2026-02-04 12:47:00,Kebab and Spicy,1,21.99,XL,Les Originales
2026-02-04 12:49:48,Ultimate Meat,1,17.99,Medium,Toujours Plus
2026-02-04 12:49:48,4 Fromages,1,17.49,Medium,Les Iconiques
2026-02-04 12:58:32,Originale Pepperoni,1,15.99,Large,Les Bons Plans
2026-02-04 12:58:32,Margherita,1,18.99,XL,Les Bons Plans
2026-02-04 13:00:47,Urban Kebab,1,23.49,XL,Les Originales
2026-02-04 13:00:47,Peppina Vegan,1,22.99,XL,Les Vegans
2026-02-04 13:06:29,Extravaganzza,1,20.99,Large,Toujours Plus
2026-02-04 13:08:24,Pepperoni Party,1,20.49,Large,Les Iconiques
2026-02-04 13:35:51,Chicken BBQ,1,21.99,XL,Les Grands Classiques
2026-02-04 13:35:51,Super Veggie,1,17.49,Medium,Les Gourmandes Veggies
2026-02-04 13:35:51,Hawaïenne Jambon,1,20.99,XL,Les Grands Classiques
2026-02-04 13:35:51,Hawaïenne Jambon,1,14.99,Medium,Les Grands Classiques
2026-02-04 13:35:51,Forestière,1,23.49,XL,Les Grands Classiques
2026-02-04 13:35:51,Forestière,1,17.49,Medium,Les Grands Classiques
2026-02-04 13:35:51,Pepperoni Party,2,40.98,Large,Les Iconiques
2026-02-04 13:35:51,Hawaïenne Poulet,1,20.99,XL,Les Grands Classiques
2026-02-04 13:35:51,Hawaïenne Poulet,1,14.99,Medium,Les Grands Classiques
2026-02-04 13:41:08,Divine 3 Fromages,1,21.99,XL,Éditions Limitées
2026-02-04 13:41:08,Hawaïenne Jambon,1,17.99,Large,Les Grands Classiques
2026-02-04 14:03:04,Ultimate Meat,1,17.99,Medium,Toujours Plus
2026-02-04 14:03:04,4 Fromages,1,17.49,Medium,Les Iconiques
2026-02-04 14:03:04,Chicken Delight,1,21.99,XL,Les Originales
2026-02-04 14:03:04,Divine 3 Fromages,1,21.99,XL,Éditions Limitées
2026-02-04 14:03:04,Chèvre-Miel,2,43.98,XL,Les Iconiques
2026-02-04 14:03:04,Peppina,1,19.99,Large,Les Gourmandes Veggies
2026-02-04 14:03:04,Royale Veggie,1,18.99,Large,Les Gourmandes Veggies
2026-02-04 14:03:04,Pêcheur,1,18.99,Large,Les Grands Classiques
2026-02-04 14:03:04,Diavola Pepperoni,2,37.98,Large,Les Originales
2026-02-04 14:03:04,Crispy Cannibale,1,17.99,Medium,Les Originales
2026-02-04 14:03:04,Kebab and Spicy,1,21.99,XL,Les Originales
2026-02-04 14:03:04,Peppina Vegan,1,19.99,Large,Les Vegans
2026-02-04 14:03:04,Peppina Vegan,1,16.99,Medium,Les Vegans
2026-02-04 14:11:44,Chicken BBQ,1,21.99,XL,Les Grands Classiques
2026-02-04 14:11:44,Peppina,1,16.99,Medium,Les Gourmandes Veggies
2026-02-04 14:31:27,Pepperoni Party,1,17.49,Medium,Les Iconiques
2026-02-04 14:49:29,Chicken BBQ,1,15.99,Medium,Les Grands Classiques
2026-02-04 14:49:29,Margherita,1,12.99,Medium,Les Bons Plans
2026-02-04 14:57:11,Kebab and Spicy,1,21.99,XL,Les Originales
2026-02-04 14:58:48,Chicken Delight,1,15.99,Medium,Les Originales
2026-02-04 14:58:48,Rocket Veggie,1,18.99,XL,Les Gourmandes Veggies
2026-02-04 15:14:39,Royale Veggie,1,18.99,Large,Les Gourmandes Veggies
2026-02-04 15:14:39,Diavola Pepperoni,1,18.99,Large,Les Originales
2026-02-04 15:14:39,Diavola Pepperoni,1,15.99,Medium,Les Originales
2026-02-04 15:14:39,Originale Pepperoni,1,15.99,Large,Les Bons Plans
2026-02-04 15:16:20,Diavola Pepperoni,1,15.99,Medium,Les Originales
2026-02-04 15:40:20,Bacon Groovy,1,17.49,Medium,Les Iconiques
2026-02-04 16:06:23,Chèvre-Miel,1,21.99,XL,Les Iconiques
2026-02-04 16:06:23,Pepperoni Party,1,23.49,XL,Les Iconiques
2026-02-04 16:16:36,Peppina,1,16.99,Medium,Les Gourmandes Veggies
2026-02-04 16:38:50,Hawaïenne Jambon,1,17.99,Large,Les Grands Classiques
2026-02-04 16:38:50,Pêcheur,1,15.99,Medium,Les Grands Classiques
2026-02-04 16:39:18,Chicken BBQ,1,21.99,XL,Les Grands Classiques
2026-02-04 16:39:18,Chèvre-Miel,1,21.99,XL,Les Iconiques
2026-02-04 16:48:57,Chicken and Cheddar,1,17.49,Medium,Éditions Limitées
2026-02-04 17:05:16,Kebab and Spicy,1,21.99,XL,Les Originales
2026-02-04 17:17:07,Chicken BBQ,1,21.99,XL,Les Grands Classiques
2026-02-04 17:17:07,Forestière,1,23.49,XL,Les Grands Classiques
2026-02-04 17:17:07,Algérienne,1,18.99,Large,Les Grands Classiques
2026-02-04 17:17:07,Margherita,1,12.99,Medium,Les Bons Plans
2026-02-04 17:17:43,Divine 3 Fromages,1,21.99,XL,Éditions Limitées
2026-02-04 17:17:43,Beef and Cheddar,1,23.99,XL,Éditions Limitées
2026-02-04 17:31:43,Hawaïenne Jambon,1,17.99,Large,Les Grands Classiques
2026-02-04 17:31:43,Royale Veggie,1,21.99,XL,Les Gourmandes Veggies
2026-02-04 17:33:29,Originale Pepperoni,1,15.99,Large,Les Bons Plans
2026-02-04 17:33:29,Chicken and Cheddar,1,20.49,Large,Éditions Limitées
2026-02-04 17:35:45,Hawaïenne Jambon,1,14.99,Medium,Les Grands Classiques
2026-02-04 17:35:45,Peppina,1,16.99,Medium,Les Gourmandes Veggies
2026-02-04 17:49:55,Chicken BBQ,1,18.99,Large,Les Grands Classiques
2026-02-04 17:49:55,Chicken Delight,1,18.99,Large,Les Originales
2026-02-04 17:49:55,Forestière,1,17.49,Medium,Les Grands Classiques
2026-02-04 17:49:55,Algérienne,1,18.99,Large,Les Grands Classiques
2026-02-04 18:11:16,Diavola Pepperoni,1,15.99,Medium,Les Originales
2026-02-04 18:13:32,Chèvre-Miel,1,21.99,XL,Les Iconiques
2026-02-04 18:13:32,Algérienne,1,21.99,XL,Les Grands Classiques
2026-02-04 18:13:32,Steak and Cheese,1,20.99,XL,Les Grands Classiques
2026-02-04 18:16:27,Extravaganzza,1,23.99,XL,Toujours Plus
2026-02-04 18:16:27,Divine 3 Fromages,1,21.99,XL,Éditions Limitées
2026-02-04 18:44:17,Originale Pepperoni,1,15.99,Large,Les Bons Plans
2026-02-04 18:46:03,Extravaganzza,1,20.99,Large,Toujours Plus
2026-02-04 18:46:03,Pepperoni Party,1,23.49,XL,Les Iconiques
2026-02-04 19:27:08,4 Fromages,1,17.49,Medium,Les Iconiques
2026-02-04 19:27:08,Extravaganzza,1,23.99,XL,Toujours Plus
2026-02-04 19:27:08,Pepperoni Party,1,20.49,Large,Les Iconiques
2026-02-04 19:30:52,Ultimate Meat,1,17.99,Medium,Toujours Plus
2026-02-04 19:30:52,Peppina,1,19.99,Large,Les Gourmandes Veggies
2026-02-04 19:30:52,Royale Veggie,1,21.99,XL,Les Gourmandes Veggies
2026-02-04 19:38:28,Chicken BBQ,1,21.99,XL,Les Grands Classiques
2026-02-04 19:38:28,Diavola Haché au bœuf,1,18.99,Large,Les Originales
2026-02-04 19:38:28,Chicken Delight,1,21.99,XL,Les Originales
2026-02-04 19:38:28,Algérienne,1,21.99,XL,Les Grands Classiques
2026-02-04 20:09:43,Divine 3 Fromages,1,21.99,XL,Éditions Limitées
2026-02-04 20:09:43,Royale Veggie,1,21.99,XL,Les Gourmandes Veggies
2026-02-04 20:09:43,Algérienne,1,18.99,Large,Les Grands Classiques
2026-02-04 20:22:27,Chèvre-Miel,1,21.99,XL,Les Iconiques
2026-02-04 20:54:54,Margherita,1,18.99,XL,Les Bons Plans
2026-02-04 20:54:54,Steak and Cheese,1,14.99,Medium,Les Grands Classiques
2026-02-04 21:01:41,Rocket Veggie,1,18.99,XL,Les Gourmandes Veggies
2026-02-04 21:01:41,Crispy Cannibale,1,17.99,Medium,Les Originales
2026-02-04 21:05:07,Chicken Delight,1,15.99,Medium,Les Originales
2026-02-04 21:05:07,Divine 3 Fromages,1,21.99,XL,Éditions Limitées
2026-02-04 21:05:07,Margherita,1,12.99,Medium,Les Bons Plans
2026-02-04 21:05:07,Chicken and Cheddar,1,20.49,Large,Éditions Limitées
2026-02-04 21:13:14,Chicken Delight,1,21.99,XL,Les Originales
2026-02-04 21:13:14,Originale Pepperoni,1,12.99,Medium,Les Bons Plans
2026-02-04 21:16:34,Pêcheur,1,21.99,XL,Les Grands Classiques
2026-02-04 21:16:34,Cannibale,1,17.49,Medium,Les Iconiques
2026-02-04 21:28:44,Chicken BBQ,1,18.99,Large,Les Grands Classiques
2026-02-04 21:28:44,Indienne,1,18.99,Large,Les Grands Classiques
2026-02-04 21:28:44,Forestière,1,17.49,Medium,Les Grands Classiques
2026-02-04 21:28:44,Originale Pepperoni,1,12.99,Medium,Les Bons Plans
2026-02-04 22:07:51,Chicken BBQ,1,15.99,Medium,Les Grands Classiques
2026-02-04 22:16:08,Indienne,1,18.99,Large,Les Grands Classiques
2026-02-04 22:16:08,Royale Veggie,1,18.99,Large,Les Gourmandes Veggies
2026-02-04 22:26:28,Extravaganzza,1,20.99,Large,Toujours Plus
2026-02-05 11:15:19,Ultimate Meat,1,17.99,Medium,Toujours Plus
2026-02-05 11:15:19,Hawaïenne Jambon,1,14.99,Medium,Les Grands Classiques
2026-02-05 11:15:19,Originale Pepperoni,1,18.99,XL,Les Bons Plans
2026-02-05 11:15:19,Algérienne,1,21.99,XL,Les Grands Classiques
2026-02-05 12:11:52,Royale Veggie,1,18.99,Large,Les Gourmandes Veggies
2026-02-05 12:20:33,Urban Kebab,1,20.49,Large,Les Originales
2026-02-05 12:24:57,Chicken Delight,1,18.99,Large,Les Originales
2026-02-05 12:24:57,Algérienne,1,21.99,XL,Les Grands Classiques
2026-02-05 12:24:57,Algérienne,1,18.99,Large,Les Grands Classiques
2026-02-05 12:30:46,Pêcheur,1,21.99,XL,Les Grands Classiques
2026-02-05 12:47:12,Steak and Cheese,1,17.99,Large,Les Grands Classiques
2026-02-05 12:50:51,Steak and Cheese,1,20.99,XL,Les Grands Classiques
2026-02-05 12:52:55,Forestière,1,23.49,XL,Les Grands Classiques
2026-02-05 12:52:55,Forestière,1,20.49,Large,Les Grands Classiques
2026-02-05 12:54:56,Kebab and Spicy,1,21.99,XL,Les Originales
2026-02-05 12:56:27,Pepperoni Party,1,20.49,Large,Les Iconiques
2026-02-05 12:56:27,Royale Veggie,1,18.99,Large,Les Gourmandes Veggies
2026-02-05 12:56:27,Urban Kebab,1,23.49,XL,Les Originales
2026-02-05 12:56:27,Urban Kebab,1,17.49,Medium,Les Originales
2026-02-05 12:56:27,Beef and Cheddar,1,17.99,Medium,Éditions Limitées
2026-02-05 13:06:10,Hawaïenne Jambon,1,20.99,XL,Les Grands Classiques
2026-02-05 13:31:29,Chicken BBQ,1,21.99,XL,Les Grands Classiques
2026-02-05 13:31:29,Chicken BBQ,1,18.99,Large,Les Grands Classiques
2026-02-05 13:31:29,Bacon Groovy,1,23.49,XL,Les Iconiques
2026-02-05 13:31:29,Chèvre-Miel,2,37.98,Large,Les Iconiques
2026-02-05 13:31:29,Super Veggie,1,17.49,Medium,Les Gourmandes Veggies
2026-02-05 13:31:29,Hawaïenne Jambon,1,20.99,XL,Les Grands Classiques
2026-02-05 13:31:29,Rocket Veggie,1,12.99,Medium,Les Gourmandes Veggies
2026-02-05 13:31:29,Pêcheur,1,21.99,XL,Les Grands Classiques
2026-02-05 13:31:29,Originale Pepperoni,1,18.99,XL,Les Bons Plans
2026-02-05 13:31:29,Crispy Cannibale,1,23.99,XL,Les Originales
2026-02-05 13:31:29,Cannibale,1,23.49,XL,Les Iconiques
2026-02-05 13:31:29,Urban Kebab,1,17.49,Medium,Les Originales
2026-02-05 13:31:29,Peppina Vegan,1,22.99,XL,Les Vegans
2026-02-05 13:42:16,Extravaganzza,1,17.99,Medium,Toujours Plus
2026-02-05 13:42:50,Extravaganzza,1,23.99,XL,Toujours Plus
2026-02-05 13:42:50,Urban Kebab,1,17.49,Medium,Les Originales
2026-02-05 13:48:38,Chèvre-Miel,1,18.99,Large,Les Iconiques
2026-02-05 13:48:38,Hawaïenne Jambon,1,14.99,Medium,Les Grands Classiques
2026-02-05 13:48:38,Pepperoni Party,1,23.49,XL,Les Iconiques
2026-02-05 13:48:38,Margherita,1,18.99,XL,Les Bons Plans
2026-02-05 14:17:14,Kebab and Spicy,1,18.99,Large,Les Originales
2026-02-05 14:17:24,Diavola Haché au bœuf,1,18.99,Large,Les Originales
2026-02-05 14:18:04,4 Fromages,1,17.49,Medium,Les Iconiques
2026-02-05 14:18:04,Hawaïenne Jambon,1,17.99,Large,Les Grands Classiques
2026-02-05 14:18:04,Pêcheur,1,15.99,Medium,Les Grands Classiques
2026-02-05 14:18:04,Steak and Cheese,1,14.99,Medium,Les Grands Classiques
2026-02-05 14:18:52,Margherita,1,18.99,XL,Les Bons Plans
2026-02-05 14:36:32,Forestière,1,23.49,XL,Les Grands Classiques
2026-02-05 14:36:32,Originale Pepperoni,1,12.99,Medium,Les Bons Plans
2026-02-05 14:36:32,Margherita,1,12.99,Medium,Les Bons Plans
2026-02-05 14:38:28,Ultimate Meat,1,17.99,Medium,Toujours Plus
2026-02-05 14:38:28,Chèvre-Miel,1,21.99,XL,Les Iconiques
2026-02-05 14:38:28,Super Veggie,1,17.49,Medium,Les Gourmandes Veggies
2026-02-05 14:54:49,Chicken Delight,1,18.99,Large,Les Originales
2026-02-05 14:54:49,Extravaganzza,1,17.99,Medium,Toujours Plus
2026-02-05 14:54:49,Pêcheur,1,21.99,XL,Les Grands Classiques
2026-02-05 15:00:15,Diavola Haché au bœuf,1,18.99,Large,Les Originales
2026-02-05 15:00:15,Chicken Delight,1,15.99,Medium,Les Originales
2026-02-05 15:00:15,Hawaïenne Jambon,1,14.99,Medium,Les Grands Classiques
2026-02-05 15:08:13,Hawaïenne Jambon,1,17.99,Large,Les Grands Classiques
2026-02-05 15:08:13,Peppina Vegan,1,22.99,XL,Les Vegans
2026-02-05 15:41:58,Chèvre-Miel,1,21.99,XL,Les Iconiques
2026-02-05 16:55:35,Cheesy and Veggie,1,14.99,Medium,Les Gourmandes Veggies
2026-02-05 17:00:13,Diavola Pepperoni,1,18.99,Large,Les Originales
2026-02-05 17:36:09,Chicken BBQ,1,21.99,XL,Les Grands Classiques
2026-02-05 17:36:09,Chicken and Cheddar,1,23.49,XL,Éditions Limitées
2026-02-05 17:44:52,Extravaganzza,1,23.99,XL,Toujours Plus
2026-02-05 17:44:52,Extravaganzza,1,20.99,Large,Toujours Plus
2026-02-05 17:44:52,Extravaganzza,1,17.99,Medium,Toujours Plus
2026-02-05 17:44:52,Originale Pepperoni,1,18.99,XL,Les Bons Plans
2026-02-05 17:48:08,Chicken Delight,1,18.99,Large,Les Originales
2026-02-05 17:48:08,Algérienne,1,15.99,Medium,Les Grands Classiques
2026-02-05 17:57:12,Pêcheur,1,21.99,XL,Les Grands Classiques
2026-02-05 17:57:12,Margherita,1,15.99,Large,Les Bons Plans
2026-02-05 18:04:19,Super Veggie,1,20.49,Large,Les Gourmandes Veggies
2026-02-05 18:04:19,Pepperoni Party,1,20.49,Large,Les Iconiques
2026-02-05 18:11:25,Divine 3 Fromages,1,21.99,XL,Éditions Limitées
2026-02-05 18:11:25,Originale Pepperoni,1,18.99,XL,Les Bons Plans
2026-02-05 18:11:25,Originale Pepperoni,1,15.99,Large,Les Bons Plans
2026-02-05 18:11:25,Chicken and Cheddar,1,23.49,XL,Éditions Limitées
2026-02-05 18:15:37,Pepperoni Party,1,23.49,XL,Les Iconiques
2026-02-05 18:15:37,Cannibale,1,20.49,Large,Les Iconiques
2026-02-05 18:19:51,Pepperoni Party,1,20.49,Large,Les Iconiques
2026-02-05 18:22:25,Forestière,1,20.49,Large,Les Grands Classiques
2026-02-05 18:22:28,Chicken BBQ,1,18.99,Large,Les Grands Classiques
2026-02-05 18:22:28,Cheesy and Veggie,1,17.99,Large,Les Gourmandes Veggies
2026-02-05 18:35:11,Forestière,1,20.49,Large,Les Grands Classiques
2026-02-05 18:35:11,Crispy Cannibale,1,23.99,XL,Les Originales
2026-02-05 18:38:01,Hawaïenne Jambon,1,14.99,Medium,Les Grands Classiques
2026-02-05 18:38:01,Kebab and Spicy,1,21.99,XL,Les Originales
2026-02-05 18:55:27,Chicken BBQ,1,21.99,XL,Les Grands Classiques
2026-02-05 18:55:27,Diavola Haché au bœuf,1,21.99,XL,Les Originales
2026-02-05 18:59:56,Pepperoni Party,1,20.49,Large,Les Iconiques
2026-02-05 18:59:56,Hawaïenne Poulet,1,20.99,XL,Les Grands Classiques
2026-02-05 19:29:29,Pepperoni Party,1,20.49,Large,Les Iconiques
2026-02-05 19:29:29,Royale Veggie,1,21.99,XL,Les Gourmandes Veggies
2026-02-05 19:29:29,Beef and Cheddar,1,20.99,Large,Éditions Limitées
2026-02-05 19:39:29,Forestière,1,20.49,Large,Les Grands Classiques
2026-02-05 19:39:29,Algérienne,1,21.99,XL,Les Grands Classiques
2026-02-05 19:49:47,Pepperoni Party,1,23.49,XL,Les Iconiques
2026-02-05 19:49:47,Originale Pepperoni,1,18.99,XL,Les Bons Plans
2026-02-05 19:55:12,Ultimate Meat,1,17.99,Medium,Toujours Plus
2026-02-05 19:55:12,Chicken Delight,1,21.99,XL,Les Originales
2026-02-05 19:55:12,Extravaganzza,1,17.99,Medium,Toujours Plus
2026-02-05 19:55:12,Hawaïenne Jambon,1,20.99,XL,Les Grands Classiques
2026-02-05 20:01:50,Originale Pepperoni,1,18.99,XL,Les Bons Plans
2026-02-05 20:10:24,Chicken BBQ,1,21.99,XL,Les Grands Classiques
2026-02-05 20:10:24,Crispy Cannibale,1,17.99,Medium,Les Originales
2026-02-05 20:15:06,Extravaganzza,1,17.99,Medium,Toujours Plus
2026-02-05 20:15:06,Algérienne,1,21.99,XL,Les Grands Classiques
2026-02-05 20:18:08,4 Fromages,1,17.49,Medium,Les Iconiques
2026-02-05 20:18:08,Chicken and Cheddar,1,23.49,XL,Éditions Limitées
2026-02-05 20:23:49,Indienne,1,18.99,Large,Les Grands Classiques
2026-02-05 20:29:51,Chicken Delight,1,21.99,XL,Les Originales
2026-02-05 20:29:51,Algérienne,1,18.99,Large,Les Grands Classiques
2026-02-05 20:41:36,Peppina Vegan,1,19.99,Large,Les Vegans
2026-02-05 20:56:14,Kebab and Spicy,1,21.99,XL,Les Originales
2026-02-05 20:59:08,Cannibale,1,20.49,Large,Les Iconiques
2026-02-05 21:23:02,Cannibale,1,17.49,Medium,Les Iconiques
2026-02-05 21:23:02,Peppina Vegan,1,16.99,Medium,Les Vegans
2026-02-05 21:34:23,Divine 3 Fromages,1,21.99,XL,Éditions Limitées
2026-02-05 21:48:24,Cannibale,1,17.49,Medium,Les Iconiques
2026-02-05 21:51:44,4 Fromages,1,17.49,Medium,Les Iconiques
2026-02-05 21:51:44,Chèvre-Miel,1,21.99,XL,Les Iconiques
2026-02-05 21:51:44,Urban Kebab,1,20.49,Large,Les Originales
2026-02-05 21:51:44,Urban Kebab,1,17.49,Medium,Les Originales
2026-02-05 21:56:42,Ultimate Meat,1,17.99,Medium,Toujours Plus
2026-02-05 22:00:17,Crispy Cannibale,1,17.99,Medium,Les Originales
2026-02-05 22:00:17,Urban Kebab,1,23.49,XL,Les Originales
2026-02-05 22:00:17,Beef and Cheddar,1,23.99,XL,Éditions Limitées
2026-02-05 22:00:17,Algérienne,1,18.99,Large,Les Grands Classiques
2026-02-06 11:16:08,Divine 3 Fromages,1,21.99,XL,Éditions Limitées
2026-02-06 11:18:53,Diavola Haché au bœuf,1,21.99,XL,Les Originales
2026-02-06 11:25:48,Diavola Haché au bœuf,1,21.99,XL,Les Originales
2026-02-06 11:25:48,Originale Pepperoni,1,18.99,XL,Les Bons Plans
2026-02-06 11:32:25,Hawaïenne Jambon,1,14.99,Medium,Les Grands Classiques
2026-02-06 11:54:09,Originale Pepperoni,1,15.99,Large,Les Bons Plans
2026-02-06 11:59:14,Extravaganzza,1,17.99,Medium,Toujours Plus
2026-02-06 11:59:14,Cheesy and Veggie,1,20.99,XL,Les Gourmandes Veggies
2026-02-06 12:06:15,Chèvre-Miel,1,21.99,XL,Les Iconiques
2026-02-06 12:06:15,Chèvre-Miel,1,18.99,Large,Les Iconiques
2026-02-06 12:22:30,Ultimate Meat,2,35.98,Medium,Toujours Plus
2026-02-06 12:22:30,Chicken Delight,1,21.99,XL,Les Originales
2026-02-06 12:22:30,Extravaganzza,1,20.99,Large,Toujours Plus
2026-02-06 12:22:30,Chèvre-Miel,1,21.99,XL,Les Iconiques
2026-02-06 12:22:30,Hawaïenne Jambon,1,14.99,Medium,Les Grands Classiques
2026-02-06 12:22:30,Forestière,1,20.49,Large,Les Grands Classiques
2026-02-06 12:22:30,Pepperoni Party,1,23.49,XL,Les Iconiques
2026-02-06 12:22:30,Crispy Cannibale,1,23.99,XL,Les Originales
2026-02-06 12:22:30,Urban Kebab,1,17.49,Medium,Les Originales
2026-02-06 12:25:17,Chicken BBQ,1,21.99,XL,Les Grands Classiques
2026-02-06 12:25:17,Bacon Groovy,1,20.49,Large,Les Iconiques
2026-02-06 12:25:17,Pêcheur,1,21.99,XL,Les Grands Classiques
2026-02-06 12:25:17,Algérienne,1,15.99,Medium,Les Grands Classiques
2026-02-06 12:40:25,Ultimate Meat,1,17.99,Medium,Toujours Plus
2026-02-06 12:40:25,4 Fromages,1,17.49,Medium,Les Iconiques
2026-02-06 12:40:25,Extravaganzza,1,20.99,Large,Toujours Plus
2026-02-06 12:54:25,Indienne,1,18.99,Large,Les Grands Classiques
2026-02-06 13:03:16,Diavola Pepperoni,1,18.99,Large,Les Originales
2026-02-06 13:10:13,Diavola Haché au bœuf,1,15.99,Medium,Les Originales
2026-02-06 13:10:13,Divine 3 Fromages,1,21.99,XL,Éditions Limitées
2026-02-06 13:10:13,Urban Kebab,1,23.49,XL,Les Originales
2026-02-06 13:10:13,Algérienne,1,21.99,XL,Les Grands Classiques
2026-02-06 13:10:13,Steak and Cheese,1,14.99,Medium,Les Grands Classiques
2026-02-06 13:13:33,Diavola Haché au bœuf,1,18.99,Large,Les Originales
2026-02-06 13:13:33,Extravaganzza,1,17.99,Medium,Toujours Plus
2026-02-06 13:13:33,Divine 3 Fromages,1,21.99,XL,Éditions Limitées
2026-02-06 13:13:33,Hawaïenne Jambon,1,17.99,Large,Les Grands Classiques
2026-02-06 13:13:33,Hawaïenne Jambon,1,14.99,Medium,Les Grands Classiques
2026-02-06 13:13:33,Peppina,1,19.99,Large,Les Gourmandes Veggies
2026-02-06 13:13:33,Rocket Veggie,1,18.99,XL,Les Gourmandes Veggies
2026-02-06 13:13:33,Diavola Pepperoni,1,21.99,XL,Les Originales
2026-02-06 13:13:33,Diavola Pepperoni,1,18.99,Large,Les Originales
2026-02-06 13:13:33,Originale Pepperoni,1,15.99,Large,Les Bons Plans
2026-02-06 13:13:33,Beef and Cheddar,1,17.99,Medium,Éditions Limitées
2026-02-06 13:13:33,Kebab and Spicy,1,21.99,XL,Les Originales
2026-02-06 13:13:33,Margherita,1,18.99,XL,Les Bons Plans
2026-02-06 13:14:59,Indienne,1,18.99,Large,Les Grands Classiques
2026-02-06 13:14:59,Cannibale,1,20.49,Large,Les Iconiques
2026-02-06 13:19:45,Ultimate Meat,1,17.99,Medium,Toujours Plus
2026-02-06 13:19:45,Pêcheur,1,18.99,Large,Les Grands Classiques
2026-02-06 13:19:59,Diavola Pepperoni,1,15.99,Medium,Les Originales
2026-02-06 13:19:59,Margherita,1,12.99,Medium,Les Bons Plans
2026-02-06 13:19:59,Hawaïenne Poulet,1,17.99,Large,Les Grands Classiques
2026-02-06 13:20:41,Hawaïenne Poulet,1,20.99,XL,Les Grands Classiques
2026-02-06 13:21:21,Chèvre-Miel,1,18.99,Large,Les Iconiques
2026-02-06 13:21:21,Hawaïenne Jambon,1,14.99,Medium,Les Grands Classiques
2026-02-06 13:21:21,Crispy Cannibale,1,20.99,Large,Les Originales
2026-02-06 13:21:21,Cannibale,1,23.49,XL,Les Iconiques
2026-02-06 13:22:11,Chicken Delight,1,18.99,Large,Les Originales
2026-02-06 13:22:11,Extravaganzza,1,23.99,XL,Toujours Plus
2026-02-06 13:39:29,Extravaganzza,1,20.99,Large,Toujours Plus
2026-02-06 13:39:29,Crispy Cannibale,1,20.99,Large,Les Originales
2026-02-06 13:39:29,Chicken and Cheddar,1,23.49,XL,Éditions Limitées
2026-02-06 13:45:32,Algérienne,1,21.99,XL,Les Grands Classiques
2026-02-06 14:01:18,Hawaïenne Jambon,1,14.99,Medium,Les Grands Classiques
2026-02-06 14:01:18,Pêcheur,1,15.99,Medium,Les Grands Classiques
2026-02-06 14:13:09,Chicken Delight,1,18.99,Large,Les Originales
2026-02-06 14:13:09,Extravaganzza,1,20.99,Large,Toujours Plus
2026-02-06 14:13:09,Super Veggie,1,20.49,Large,Les Gourmandes Veggies
2026-02-06 14:13:09,Forestière,1,23.49,XL,Les Grands Classiques
2026-02-06 14:36:06,Urban Kebab,1,23.49,XL,Les Originales
2026-02-06 15:21:45,Cheesy and Veggie,1,17.99,Large,Les Gourmandes Veggies
2026-02-06 15:24:02,Rocket Veggie,1,18.99,XL,Les Gourmandes Veggies
2026-02-06 15:31:14,Pêcheur,1,15.99,Medium,Les Grands Classiques
2026-02-06 15:31:14,Margherita,1,15.99,Large,Les Bons Plans
2026-02-06 16:11:41,Chicken BBQ,1,21.99,XL,Les Grands Classiques
2026-02-06 16:11:41,Royale Veggie,1,18.99,Large,Les Gourmandes Veggies
2026-02-06 16:11:41,Algérienne,1,21.99,XL,Les Grands Classiques
2026-02-06 16:11:41,Margherita,1,12.99,Medium,Les Bons Plans
2026-02-06 16:28:46,Cheesy and Veggie,1,17.99,Large,Les Gourmandes Veggies
2026-02-06 16:39:28,Chicken BBQ,1,21.99,XL,Les Grands Classiques
2026-02-06 16:39:28,Pepperoni Party,1,23.49,XL,Les Iconiques
2026-02-06 16:59:29,Ultimate Meat,1,17.99,Medium,Toujours Plus
2026-02-06 16:59:29,Chicken Delight,1,18.99,Large,Les Originales
2026-02-06 16:59:29,Diavola Pepperoni,1,15.99,Medium,Les Originales
2026-02-06 17:00:57,Hawaïenne Poulet,1,17.99,Large,Les Grands Classiques
2026-02-06 17:10:44,Ultimate Meat,1,17.99,Medium,Toujours Plus
2026-02-06 17:10:44,Hawaïenne Jambon,1,20.99,XL,Les Grands Classiques
2026-02-06 17:11:37,Algérienne,1,21.99,XL,Les Grands Classiques
2026-02-06 17:11:37,Kebab and Spicy,1,15.99,Medium,Les Originales
2026-02-06 17:11:37,Peppina Vegan,1,16.99,Medium,Les Vegans
2026-02-06 17:24:07,Extravaganzza,1,17.99,Medium,Toujours Plus
2026-02-06 17:30:36,Super Veggie,1,17.49,Medium,Les Gourmandes Veggies
2026-02-06 17:30:36,Pêcheur,1,15.99,Medium,Les Grands Classiques
2026-02-06 17:52:48,Originale Pepperoni,1,18.99,XL,Les Bons Plans
2026-02-06 17:53:26,Divine 3 Fromages,1,21.99,XL,Éditions Limitées
2026-02-06 17:53:26,Hawaïenne Poulet,1,20.99,XL,Les Grands Classiques
2026-02-06 17:57:31,Urban Kebab,1,17.49,Medium,Les Originales
2026-02-06 17:57:31,Kebab and Spicy,1,21.99,XL,Les Originales
2026-02-06 18:07:53,Hawaïenne Jambon,1,14.99,Medium,Les Grands Classiques
2026-02-06 18:07:53,Kebab and Spicy,1,21.99,XL,Les Originales
2026-02-06 18:10:26,Pepperoni Party,1,20.49,Large,Les Iconiques
2026-02-06 18:10:26,Urban Kebab,1,20.49,Large,Les Originales
2026-02-06 18:21:44,Chicken BBQ,1,21.99,XL,Les Grands Classiques
2026-02-06 18:21:44,Crispy Cannibale,1,20.99,Large,Les Originales
2026-02-06 18:21:44,Urban Kebab,1,17.49,Medium,Les Originales
2026-02-06 18:29:00,Cheesy and Veggie,1,14.99,Medium,Les Gourmandes Veggies
2026-02-06 18:29:00,Margherita,1,18.99,XL,Les Bons Plans
2026-02-06 18:41:54,Rocket Veggie,1,18.99,XL,Les Gourmandes Veggies
2026-02-06 18:41:54,Peppina Vegan,1,19.99,Large,Les Vegans
2026-02-06 18:46:32,Rocket Veggie,1,12.99,Medium,Les Gourmandes Veggies
2026-02-06 18:47:16,Diavola Haché au bœuf,1,15.99,Medium,Les Originales
2026-02-06 18:47:16,Algérienne,1,18.99,Large,Les Grands Classiques
2026-02-06 18:47:16,Hawaïenne Poulet,1,14.99,Medium,Les Grands Classiques
2026-02-06 18:47:16,Peppina Vegan,1,19.99,Large,Les Vegans
2026-02-06 18:51:55,Chicken BBQ,1,18.99,Large,Les Grands Classiques
2026-02-06 18:51:55,Diavola Haché au bœuf,1,21.99,XL,Les Originales
2026-02-06 18:51:55,Urban Kebab,1,20.49,Large,Les Originales
2026-02-06 19:02:30,Steak and Cheese,1,20.99,XL,Les Grands Classiques
2026-02-06 19:02:49,Pepperoni Party,1,17.49,Medium,Les Iconiques
2026-02-06 19:23:26,Urban Kebab,1,17.49,Medium,Les Originales
2026-02-06 19:29:57,Chicken Delight,1,21.99,XL,Les Originales
2026-02-06 19:29:57,Originale Pepperoni,1,18.99,XL,Les Bons Plans
2026-02-06 19:29:57,Kebab and Spicy,1,21.99,XL,Les Originales
2026-02-06 19:43:48,Peppina Vegan,1,19.99,Large,Les Vegans
2026-02-06 20:04:33,Pêcheur,1,21.99,XL,Les Grands Classiques
2026-02-06 20:04:33,Cheesy and Veggie,1,17.99,Large,Les Gourmandes Veggies
2026-02-06 20:16:54,Chicken Delight,1,21.99,XL,Les Originales
2026-02-06 20:16:54,Hawaïenne Jambon,1,17.99,Large,Les Grands Classiques
2026-02-06 20:16:54,Diavola Pepperoni,1,18.99,Large,Les Originales
2026-02-06 20:41:12,Extravaganzza,1,20.99,Large,Toujours Plus
2026-02-06 20:42:58,Margherita,1,18.99,XL,Les Bons Plans
2026-02-06 20:50:02,Chicken BBQ,1,18.99,Large,Les Grands Classiques
2026-02-06 20:50:02,Divine 3 Fromages,1,21.99,XL,Éditions Limitées
2026-02-06 20:50:02,Pepperoni Party,1,23.49,XL,Les Iconiques
2026-02-06 21:07:01,Hawaïenne Jambon,1,20.99,XL,Les Grands Classiques
2026-02-06 21:17:17,Ultimate Meat,1,17.99,Medium,Toujours Plus
2026-02-06 21:17:17,Divine 3 Fromages,1,21.99,XL,Éditions Limitées
2026-02-06 21:17:17,Pepperoni Party,1,23.49,XL,Les Iconiques
2026-02-06 21:17:17,Peppina Vegan,1,19.99,Large,Les Vegans
2026-02-06 21:26:37,Pêcheur,1,18.99,Large,Les Grands Classiques
2026-02-06 21:26:37,Crispy Cannibale,1,23.99,XL,Les Originales
2026-02-06 21:32:03,Bacon Groovy,1,20.49,Large,Les Iconiques
2026-02-06 21:32:03,Crispy Cannibale,1,20.99,Large,Les Originales
2026-02-06 21:32:03,Cheesy and Veggie,1,14.99,Medium,Les Gourmandes Veggies
2026-02-06 21:37:09,Chicken Delight,1,15.99,Medium,Les Originales
2026-02-06 21:37:09,Hawaïenne Jambon,1,17.99,Large,Les Grands Classiques
2026-02-06 21:37:09,Kebab and Spicy,1,21.99,XL,Les Originales
2026-02-06 21:38:28,Steak and Cheese,1,20.99,XL,Les Grands Classiques
2026-02-06 22:09:09,Extravaganzza,1,20.99,Large,Toujours Plus
2026-02-06 22:22:17,4 Fromages,1,17.49,Medium,Les Iconiques
2026-02-06 22:22:17,Cheesy and Veggie,1,14.99,Medium,Les Gourmandes Veggies
2026-02-07 11:40:43,Hawaïenne Jambon,1,20.99,XL,Les Grands Classiques
2026-02-07 11:40:43,Margherita,1,15.99,Large,Les Bons Plans
2026-02-07 11:40:43,Hawaïenne Poulet,1,17.99,Large,Les Grands Classiques
2026-02-07 11:57:32,Ultimate Meat,1,17.99,Medium,Toujours Plus
2026-02-07 11:57:32,Chicken Delight,1,15.99,Medium,Les Originales
2026-02-07 11:57:32,Forestière,1,20.49,Large,Les Grands Classiques
2026-02-07 11:57:32,Pepperoni Party,1,20.49,Large,Les Iconiques
2026-02-07 11:57:32,Royale Veggie,1,18.99,Large,Les Gourmandes Veggies
2026-02-07 12:22:59,Chicken BBQ,1,15.99,Medium,Les Grands Classiques
2026-02-07 12:22:59,Bacon Groovy,1,23.49,XL,Les Iconiques
2026-02-07 12:24:36,Peppina Vegan,1,16.99,Medium,Les Vegans
2026-02-07 12:30:31,Kebab and Spicy,1,21.99,XL,Les Originales
2026-02-07 12:52:30,Chicken Delight,1,18.99,Large,Les Originales
2026-02-07 12:52:30,Extravaganzza,1,17.99,Medium,Toujours Plus
2026-02-07 13:15:55,Urban Kebab,1,23.49,XL,Les Originales
2026-02-07 13:22:06,Indienne,1,18.99,Large,Les Grands Classiques
2026-02-07 13:22:06,Algérienne,1,21.99,XL,Les Grands Classiques
2026-02-07 13:24:15,Cheesy and Veggie,1,17.99,Large,Les Gourmandes Veggies
2026-02-07 13:31:14,Cannibale,1,20.49,Large,Les Iconiques
2026-02-07 13:58:00,Hawaïenne Poulet,1,14.99,Medium,Les Grands Classiques
2026-02-07 13:58:00,Steak and Cheese,1,20.99,XL,Les Grands Classiques
2026-02-07 14:32:17,Ultimate Meat,1,17.99,Medium,Toujours Plus
2026-02-07 14:32:17,Peppina Vegan,1,16.99,Medium,Les Vegans
2026-02-07 14:54:01,Chicken BBQ,1,21.99,XL,Les Grands Classiques
2026-02-07 15:00:58,Chicken BBQ,2,37.98,Large,Les Grands Classiques
2026-02-07 15:00:58,4 Fromages,1,17.49,Medium,Les Iconiques
2026-02-07 15:00:58,Extravaganzza,1,17.99,Medium,Toujours Plus
2026-02-07 15:00:58,Pepperoni Party,1,23.49,XL,Les Iconiques
2026-02-07 15:00:58,Pepperoni Party,1,20.49,Large,Les Iconiques
2026-02-07 15:00:58,Peppina,1,19.99,Large,Les Gourmandes Veggies
2026-02-07 15:00:58,Urban Kebab,1,23.49,XL,Les Originales
2026-02-07 15:00:58,Hawaïenne Poulet,1,14.99,Medium,Les Grands Classiques
2026-02-07 15:00:58,Peppina Vegan,1,19.99,Large,Les Vegans
2026-02-07 15:15:54,Ultimate Meat,1,17.99,Medium,Toujours Plus
2026-02-07 15:15:54,Extravaganzza,1,17.99,Medium,Toujours Plus
2026-02-07 15:15:54,Kebab and Spicy,1,21.99,XL,Les Originales
2026-02-07 15:22:04,Chèvre-Miel,1,18.99,Large,Les Iconiques
2026-02-07 15:22:04,Originale Pepperoni,1,18.99,XL,Les Bons Plans
2026-02-07 15:22:04,Hawaïenne Poulet,1,17.99,Large,Les Grands Classiques
2026-02-07 15:22:04,Peppina Vegan,1,19.99,Large,Les Vegans
2026-02-07 15:28:55,Ultimate Meat,1,17.99,Medium,Toujours Plus
2026-02-07 15:28:55,Pepperoni Party,1,23.49,XL,Les Iconiques
2026-02-07 15:28:55,Hawaïenne Poulet,1,20.99,XL,Les Grands Classiques
2026-02-07 15:34:05,Steak and Cheese,1,20.99,XL,Les Grands Classiques
2026-02-07 15:41:25,Cannibale,1,20.49,Large,Les Iconiques
2026-02-07 15:43:28,Chicken BBQ,1,18.99,Large,Les Grands Classiques
2026-02-07 15:43:28,4 Fromages,1,17.49,Medium,Les Iconiques
2026-02-07 15:43:28,Cheesy and Veggie,1,14.99,Medium,Les Gourmandes Veggies
2026-02-07 15:43:28,Margherita,1,12.99,Medium,Les Bons Plans
2026-02-07 15:48:00,Forestière,1,20.49,Large,Les Grands Classiques
2026-02-07 16:36:54,Chèvre-Miel,1,18.99,Large,Les Iconiques
2026-02-07 16:36:54,Cannibale,1,17.49,Medium,Les Iconiques
2026-02-07 16:42:45,Chicken Delight,1,18.99,Large,Les Originales
2026-02-07 16:42:45,Kebab and Spicy,1,21.99,XL,Les Originales
2026-02-07 16:46:03,Forestière,1,23.49,XL,Les Grands Classiques
2026-02-07 16:46:03,Margherita,1,15.99,Large,Les Bons Plans
2026-02-07 17:05:42,Chicken BBQ,1,18.99,Large,Les Grands Classiques
2026-02-07 17:05:42,Super Veggie,1,17.49,Medium,Les Gourmandes Veggies
2026-02-07 17:05:42,Hawaïenne Jambon,1,14.99,Medium,Les Grands Classiques
2026-02-07 17:05:42,Peppina Vegan,1,22.99,XL,Les Vegans
2026-02-07 17:20:38,Margherita,1,12.99,Medium,Les Bons Plans
2026-02-07 17:22:30,Indienne,1,18.99,Large,Les Grands Classiques
2026-02-07 17:22:30,Extravaganzza,1,20.99,Large,Toujours Plus
2026-02-07 17:22:30,Beef and Cheddar,1,17.99,Medium,Éditions Limitées
2026-02-07 17:27:05,Algérienne,1,18.99,Large,Les Grands Classiques
2026-02-07 17:40:20,Ultimate Meat,1,17.99,Medium,Toujours Plus
2026-02-07 17:40:20,Pepperoni Party,1,23.49,XL,Les Iconiques
2026-02-07 17:57:15,Urban Kebab,1,17.49,Medium,Les Originales
2026-02-07 17:57:15,Hawaïenne Poulet,1,17.99,Large,Les Grands Classiques
2026-02-07 18:09:56,Algérienne,1,15.99,Medium,Les Grands Classiques
2026-02-07 18:17:46,Bacon Groovy,1,23.49,XL,Les Iconiques
2026-02-07 18:17:46,Peppina,1,19.99,Large,Les Gourmandes Veggies
2026-02-07 18:17:46,Crispy Cannibale,1,23.99,XL,Les Originales
2026-02-07 18:17:46,Margherita,1,12.99,Medium,Les Bons Plans
2026-02-07 18:31:29,Ultimate Meat,1,17.99,Medium,Toujours Plus
2026-02-07 18:31:29,Diavola Haché au bœuf,1,15.99,Medium,Les Originales
2026-02-07 18:31:29,Forestière,1,23.49,XL,Les Grands Classiques
2026-02-07 18:35:51,Peppina Vegan,1,19.99,Large,Les Vegans
2026-02-07 18:42:49,Extravaganzza,1,20.99,Large,Toujours Plus
2026-02-07 18:42:49,Hawaïenne Jambon,1,20.99,XL,Les Grands Classiques
2026-02-07 18:44:16,Indienne,1,18.99,Large,Les Grands Classiques
2026-02-07 18:53:49,Diavola Haché au bœuf,1,18.99,Large,Les Originales
2026-02-07 18:53:49,Chèvre-Miel,1,21.99,XL,Les Iconiques
2026-02-07 18:53:49,Chèvre-Miel,1,18.99,Large,Les Iconiques
2026-02-07 18:53:49,Beef and Cheddar,1,20.99,Large,Éditions Limitées
2026-02-07 19:02:51,Margherita,1,18.99,XL,Les Bons Plans
2026-02-07 19:02:51,Peppina Vegan,1,19.99,Large,Les Vegans
2026-02-07 19:13:49,Chèvre-Miel,1,21.99,XL,Les Iconiques
2026-02-07 19:14:00,Pepperoni Party,1,23.49,XL,Les Iconiques
2026-02-07 19:14:00,Originale Pepperoni,1,12.99,Medium,Les Bons Plans
2026-02-07 19:14:00,Cannibale,1,17.49,Medium,Les Iconiques
2026-02-07 19:14:00,Margherita,1,15.99,Large,Les Bons Plans
2026-02-07 19:15:58,Margherita,1,18.99,XL,Les Bons Plans
2026-02-07 19:33:21,Steak and Cheese,1,17.99,Large,Les Grands Classiques
2026-02-07 19:34:04,Indienne,1,18.99,Large,Les Grands Classiques
2026-02-07 19:34:04,Divine 3 Fromages,1,21.99,XL,Éditions Limitées
2026-02-07 19:34:04,Super Veggie,1,17.49,Medium,Les Gourmandes Veggies
2026-02-07 19:34:04,Royale Veggie,1,15.99,Medium,Les Gourmandes Veggies
2026-02-07 19:35:53,Chicken Delight,1,18.99,Large,Les Originales
2026-02-07 19:35:53,Extravaganzza,1,20.99,Large,Toujours Plus
2026-02-07 19:35:53,Forestière,1,17.49,Medium,Les Grands Classiques
2026-02-07 19:38:29,Pepperoni Party,1,23.49,XL,Les Iconiques
2026-02-07 19:42:45,Forestière,1,23.49,XL,Les Grands Classiques
2026-02-07 20:13:16,Pepperoni Party,1,23.49,XL,Les Iconiques
2026-02-07 20:20:41,Hawaïenne Poulet,1,20.99,XL,Les Grands Classiques
2026-02-07 20:29:43,Chicken Delight,1,21.99,XL,Les Originales
2026-02-07 20:29:43,Cannibale,1,20.49,Large,Les Iconiques
2026-02-07 20:29:43,Urban Kebab,1,17.49,Medium,Les Originales
2026-02-07 20:29:43,Margherita,1,15.99,Large,Les Bons Plans
2026-02-07 20:47:23,Forestière,1,20.49,Large,Les Grands Classiques
2026-02-07 20:55:05,Chicken Delight,1,21.99,XL,Les Originales
2026-02-07 20:55:05,Chicken Delight,1,18.99,Large,Les Originales
2026-02-07 20:55:05,Divine 3 Fromages,1,21.99,XL,Éditions Limitées
2026-02-07 20:57:53,Extravaganzza,1,20.99,Large,Toujours Plus
2026-02-07 20:57:53,Originale Pepperoni,1,12.99,Medium,Les Bons Plans
2026-02-07 20:57:53,Cannibale,1,23.49,XL,Les Iconiques
2026-02-07 20:57:53,Algérienne,1,15.99,Medium,Les Grands Classiques
2026-02-07 21:14:52,Chicken BBQ,1,15.99,Medium,Les Grands Classiques
2026-02-07 21:14:52,Kebab and Spicy,1,21.99,XL,Les Originales
2026-02-07 21:16:09,Cannibale,1,17.49,Medium,Les Iconiques
2026-02-07 21:21:53,Cannibale,1,20.49,Large,Les Iconiques
2026-02-07 21:24:01,Chicken Delight,1,15.99,Medium,Les Originales
2026-02-07 21:24:01,Pepperoni Party,1,20.49,Large,Les Iconiques
2026-02-07 21:24:01,Algérienne,1,21.99,XL,Les Grands Classiques
2026-02-07 21:24:01,Kebab and Spicy,1,21.99,XL,Les Originales
2026-02-07 21:35:12,Super Veggie,1,17.49,Medium,Les Gourmandes Veggies
2026-02-07 21:40:33,Bacon Groovy,1,23.49,XL,Les Iconiques
2026-02-07 21:40:33,Extravaganzza,1,17.99,Medium,Toujours Plus
2026-02-07 21:40:33,Algérienne,1,21.99,XL,Les Grands Classiques
2026-02-07 21:40:33,Hawaïenne Poulet,1,20.99,XL,Les Grands Classiques
2026-02-07 21:55:00,Cannibale,1,20.49,Large,Les Iconiques
2026-02-07 21:55:00,Steak and Cheese,1,20.99,XL,Les Grands Classiques
2026-02-07 21:59:07,Chèvre-Miel,1,21.99,XL,Les Iconiques
2026-02-07 22:10:57,Diavola Haché au bœuf,1,18.99,Large,Les Originales
2026-02-07 22:10:57,Chicken Delight,1,18.99,Large,Les Originales
2026-02-08 11:46:15,Divine 3 Fromages,1,21.99,XL,Éditions Limitées
2026-02-08 11:46:15,Forestière,1,23.49,XL,Les Grands Classiques
2026-02-08 12:10:20,Indienne,1,21.99,XL,Les Grands Classiques
2026-02-08 12:10:20,Steak and Cheese,1,20.99,XL,Les Grands Classiques
2026-02-08 12:22:04,Ultimate Meat,1,17.99,Medium,Toujours Plus
2026-02-08 12:22:04,Rocket Veggie,1,18.99,XL,Les Gourmandes Veggies
2026-02-08 12:27:40,Ultimate Meat,1,17.99,Medium,Toujours Plus
2026-02-08 12:45:27,Originale Pepperoni,1,18.99,XL,Les Bons Plans
2026-02-08 12:45:27,Originale Pepperoni,1,15.99,Large,Les Bons Plans
2026-02-08 12:45:27,Cannibale,1,17.49,Medium,Les Iconiques
2026-02-08 12:51:06,Margherita,1,18.99,XL,Les Bons Plans
2026-02-08 13:03:37,Pepperoni Party,1,23.49,XL,Les Iconiques
2026-02-08 13:03:37,Cannibale,1,17.49,Medium,Les Iconiques
2026-02-08 13:03:37,Cheesy and Veggie,1,20.99,XL,Les Gourmandes Veggies
2026-02-08 13:06:36,Chicken BBQ,1,18.99,Large,Les Grands Classiques
2026-02-08 13:06:36,Chicken Delight,2,37.98,Large,Les Originales
2026-02-08 13:06:36,Indienne,1,18.99,Large,Les Grands Classiques
2026-02-08 13:06:36,Bacon Groovy,1,23.49,XL,Les Iconiques
2026-02-08 13:06:36,Chèvre-Miel,1,21.99,XL,Les Iconiques
2026-02-08 13:06:36,Pepperoni Party,1,23.49,XL,Les Iconiques
2026-02-08 13:06:36,Royale Veggie,1,15.99,Medium,Les Gourmandes Veggies
2026-02-08 13:06:36,Kebab and Spicy,1,21.99,XL,Les Originales
2026-02-08 13:06:36,Cheesy and Veggie,1,14.99,Medium,Les Gourmandes Veggies
2026-02-08 13:38:04,Originale Pepperoni,1,18.99,XL,Les Bons Plans
2026-02-08 13:38:52,Margherita,1,15.99,Large,Les Bons Plans
2026-02-08 14:10:27,Hawaïenne Jambon,1,20.99,XL,Les Grands Classiques
2026-02-08 14:10:27,Rocket Veggie,1,12.99,Medium,Les Gourmandes Veggies
2026-02-08 14:10:27,Algérienne,1,18.99,Large,Les Grands Classiques
2026-02-08 14:12:59,4 Fromages,1,17.49,Medium,Les Iconiques
2026-02-08 14:12:59,Hawaïenne Jambon,1,20.99,XL,Les Grands Classiques
2026-02-08 14:25:11,Ultimate Meat,1,17.99,Medium,Toujours Plus
2026-02-08 14:25:11,Algérienne,1,15.99,Medium,Les Grands Classiques
2026-02-08 14:25:11,Kebab and Spicy,1,21.99,XL,Les Originales
2026-02-08 14:33:52,Divine 3 Fromages,1,21.99,XL,Éditions Limitées
2026-02-08 14:33:52,Pepperoni Party,1,20.49,Large,Les Iconiques
2026-02-08 14:33:52,Originale Pepperoni,1,12.99,Medium,Les Bons Plans
2026-02-08 14:33:52,Cannibale,1,23.49,XL,Les Iconiques
2026-02-08 14:37:47,Hawaïenne Jambon,1,14.99,Medium,Les Grands Classiques
2026-02-08 14:49:35,Chicken BBQ,1,18.99,Large,Les Grands Classiques
2026-02-08 14:49:35,Diavola Pepperoni,1,15.99,Medium,Les Originales
2026-02-08 14:49:35,Crispy Cannibale,1,23.99,XL,Les Originales
2026-02-08 14:49:35,Urban Kebab,1,17.49,Medium,Les Originales
2026-02-08 15:00:00,Kebab and Spicy,1,21.99,XL,Les Originales
2026-02-08 15:10:49,Crispy Cannibale,1,23.99,XL,Les Originales
2026-02-08 15:10:49,Cannibale,1,17.49,Medium,Les Iconiques
2026-02-08 15:27:41,Extravaganzza,1,23.99,XL,Toujours Plus
2026-02-08 15:33:33,Pepperoni Party,1,23.49,XL,Les Iconiques
2026-02-08 15:46:13,Indienne,1,15.99,Medium,Les Grands Classiques
2026-02-08 15:46:13,Forestière,1,20.49,Large,Les Grands Classiques
2026-02-08 15:46:13,Originale Pepperoni,1,15.99,Large,Les Bons Plans
2026-02-08 15:46:13,Hawaïenne Poulet,1,20.99,XL,Les Grands Classiques
2026-02-08 16:07:18,Chicken BBQ,1,18.99,Large,Les Grands Classiques
2026-02-08 16:16:21,Urban Kebab,1,17.49,Medium,Les Originales
2026-02-08 16:28:32,Crispy Cannibale,1,23.99,XL,Les Originales
2026-02-08 16:28:40,Divine 3 Fromages,1,21.99,XL,Éditions Limitées
2026-02-08 16:28:40,Hawaïenne Jambon,1,14.99,Medium,Les Grands Classiques
2026-02-08 16:28:40,Pêcheur,1,15.99,Medium,Les Grands Classiques
2026-02-08 16:28:40,Hawaïenne Poulet,1,20.99,XL,Les Grands Classiques
2026-02-08 16:58:21,Chicken Delight,1,21.99,XL,Les Originales
2026-02-08 16:58:21,Pêcheur,1,21.99,XL,Les Grands Classiques
2026-02-08 17:02:47,Chicken Delight,1,15.99,Medium,Les Originales
2026-02-08 17:19:00,Hawaïenne Jambon,1,14.99,Medium,Les Grands Classiques
2026-02-08 17:19:00,Kebab and Spicy,1,21.99,XL,Les Originales
2026-02-08 17:19:00,Chicken and Cheddar,1,20.49,Large,Éditions Limitées
2026-02-08 17:19:54,Originale Pepperoni,1,15.99,Large,Les Bons Plans
2026-02-08 17:19:54,Cannibale,1,23.49,XL,Les Iconiques
2026-02-08 17:20:08,Peppina,1,19.99,Large,Les Gourmandes Veggies
2026-02-08 17:20:08,Margherita,1,18.99,XL,Les Bons Plans
2026-02-08 17:53:01,Ultimate Meat,1,17.99,Medium,Toujours Plus
2026-02-08 17:53:01,Indienne,1,21.99,XL,Les Grands Classiques
2026-02-08 17:53:01,Extravaganzza,1,17.99,Medium,Toujours Plus
2026-02-08 18:02:00,Bacon Groovy,1,17.49,Medium,Les Iconiques
2026-02-08 18:02:00,Forestière,1,23.49,XL,Les Grands Classiques
2026-02-08 18:02:00,Forestière,1,20.49,Large,Les Grands Classiques
2026-02-08 18:02:00,Kebab and Spicy,1,21.99,XL,Les Originales
2026-02-08 18:06:04,Divine 3 Fromages,1,21.99,XL,Éditions Limitées
2026-02-08 18:06:04,Kebab and Spicy,1,21.99,XL,Les Originales
2026-02-08 18:06:04,Cheesy and Veggie,1,14.99,Medium,Les Gourmandes Veggies
2026-02-08 18:20:27,Extravaganzza,1,17.99,Medium,Toujours Plus
2026-02-08 18:20:27,Algérienne,1,15.99,Medium,Les Grands Classiques
2026-02-08 18:20:27,Kebab and Spicy,1,15.99,Medium,Les Originales
2026-02-08 18:24:31,Diavola Pepperoni,2,31.98,Medium,Les Originales
2026-02-08 18:50:18,Ultimate Meat,1,17.99,Medium,Toujours Plus
2026-02-08 18:50:18,Hawaïenne Jambon,1,14.99,Medium,Les Grands Classiques
2026-02-08 18:51:54,Hawaïenne Poulet,1,17.99,Large,Les Grands Classiques
2026-02-08 18:54:41,Rocket Veggie,1,12.99,Medium,Les Gourmandes Veggies
2026-02-08 18:54:41,Steak and Cheese,1,14.99,Medium,Les Grands Classiques
2026-02-08 18:59:56,Peppina,1,16.99,Medium,Les Gourmandes Veggies
2026-02-08 18:59:56,Peppina Vegan,1,22.99,XL,Les Vegans
2026-02-08 19:07:53,Chicken BBQ,1,21.99,XL,Les Grands Classiques
2026-02-08 19:07:53,Pepperoni Party,1,23.49,XL,Les Iconiques
2026-02-08 19:07:53,Peppina,1,19.99,Large,Les Gourmandes Veggies
2026-02-08 19:12:49,Hawaïenne Poulet,1,17.99,Large,Les Grands Classiques
2026-02-08 19:20:14,Kebab and Spicy,1,21.99,XL,Les Originales
2026-02-08 19:20:14,Hawaïenne Poulet,1,20.99,XL,Les Grands Classiques
2026-02-08 20:20:37,Extravaganzza,1,17.99,Medium,Toujours Plus
2026-02-08 20:20:37,Hawaïenne Jambon,1,20.99,XL,Les Grands Classiques
2026-02-08 20:20:37,Forestière,1,23.49,XL,Les Grands Classiques
2026-02-08 20:20:51,Urban Kebab,1,20.49,Large,Les Originales
2026-02-08 20:25:39,Chicken BBQ,1,18.99,Large,Les Grands Classiques
2026-02-08 20:25:39,Chicken Delight,1,21.99,XL,Les Originales
2026-02-08 20:25:39,Rocket Veggie,1,18.99,XL,Les Gourmandes Veggies
2026-02-08 20:25:39,Cannibale,1,20.49,Large,Les Iconiques
2026-02-08 20:28:32,Super Veggie,1,17.49,Medium,Les Gourmandes Veggies
2026-02-08 20:28:32,Originale Pepperoni,1,18.99,XL,Les Bons Plans
2026-02-08 20:28:32,Algérienne,1,21.99,XL,Les Grands Classiques
2026-02-08 20:58:36,Chicken BBQ,1,18.99,Large,Les Grands Classiques
2026-02-08 20:58:36,4 Fromages,1,17.49,Medium,Les Iconiques
2026-02-08 20:58:36,Beef and Cheddar,1,20.99,Large,Éditions Limitées
2026-02-08 20:59:06,Kebab and Spicy,1,21.99,XL,Les Originales
2026-02-08 21:21:37,Urban Kebab,1,20.49,Large,Les Originales
2026-02-08 21:52:14,Hawaïenne Jambon,1,17.99,Large,Les Grands Classiques
2026-02-08 21:52:14,Cannibale,1,20.49,Large,Les Iconiques
2026-02-08 21:52:14,Cannibale,1,17.49,Medium,Les Iconiques
2026-02-08 21:52:14,Chicken and Cheddar,1,17.49,Medium,Éditions Limitées
2026-02-08 22:21:27,Diavola Pepperoni,1,15.99,Medium,Les Originales
2026-02-08 22:21:27,Hawaïenne Poulet,1,17.99,Large,Les Grands Classiques
2026-02-08 22:23:41,Hawaïenne Poulet,1,14.99,Medium,Les Grands Classiques
2026-02-08 22:36:28,Royale Veggie,1,15.99,Medium,Les Gourmandes Veggies
2026-02-08 22:36:28,Cannibale,1,20.49,Large,Les Iconiques
2026-02-08 22:36:28,Chicken and Cheddar,1,23.49,XL,Éditions Limitées
2026-02-08 22:36:28,Peppina Vegan,1,22.99,XL,Les Vegans
2026-02-09 11:26:25,Royale Veggie,1,18.99,Large,Les Gourmandes Veggies
2026-02-09 11:31:10,Steak and Cheese,1,14.99,Medium,Les Grands Classiques
2026-02-09 11:44:49,Steak and Cheese,1,20.99,XL,Les Grands Classiques
2026-02-09 12:13:41,Chicken Delight,1,18.99,Large,Les Originales
2026-02-09 12:13:41,Pepperoni Party,1,20.49,Large,Les Iconiques
2026-02-09 12:16:09,Peppina Vegan,1,22.99,XL,Les Vegans
2026-02-09 12:19:47,Chicken Delight,1,21.99,XL,Les Originales
2026-02-09 12:19:47,Urban Kebab,1,23.49,XL,Les Originales
2026-02-09 12:23:58,Originale Pepperoni,1,15.99,Large,Les Bons Plans
2026-02-09 12:30:05,Chèvre-Miel,1,21.99,XL,Les Iconiques
2026-02-09 12:30:05,Pêcheur,1,15.99,Medium,Les Grands Classiques
2026-02-09 12:30:05,Algérienne,1,18.99,Large,Les Grands Classiques
2026-02-09 12:35:50,Extravaganzza,1,20.99,Large,Toujours Plus
2026-02-09 12:35:50,Cannibale,1,17.49,Medium,Les Iconiques
2026-02-09 12:35:50,Urban Kebab,1,23.49,XL,Les Originales
2026-02-09 12:35:50,Hawaïenne Poulet,1,20.99,XL,Les Grands Classiques
2026-02-09 12:52:36,Chicken BBQ,1,18.99,Large,Les Grands Classiques
2026-02-09 12:52:36,Hawaïenne Jambon,1,20.99,XL,Les Grands Classiques
2026-02-09 12:52:36,Pepperoni Party,1,20.49,Large,Les Iconiques
2026-02-09 12:52:36,Peppina,1,22.99,XL,Les Gourmandes Veggies
2026-02-09 12:52:36,Peppina,1,19.99,Large,Les Gourmandes Veggies
2026-02-09 12:52:36,Peppina,1,16.99,Medium,Les Gourmandes Veggies
2026-02-09 12:52:36,Cannibale,1,23.49,XL,Les Iconiques
2026-02-09 12:52:36,Urban Kebab,1,23.49,XL,Les Originales
2026-02-09 12:52:36,Peppina Vegan,1,22.99,XL,Les Vegans
2026-02-09 13:02:33,Hawaïenne Jambon,1,20.99,XL,Les Grands Classiques
2026-02-09 13:07:01,Pepperoni Party,1,20.49,Large,Les Iconiques
2026-02-09 13:07:01,Hawaïenne Poulet,1,17.99,Large,Les Grands Classiques
2026-02-09 13:07:01,Hawaïenne Poulet,1,14.99,Medium,Les Grands Classiques
2026-02-09 13:08:29,Diavola Pepperoni,1,18.99,Large,Les Originales
2026-02-09 13:08:29,Margherita,1,18.99,XL,Les Bons Plans
2026-02-09 13:35:05,Algérienne,1,18.99,Large,Les Grands Classiques
2026-02-09 14:00:19,Ultimate Meat,1,17.99,Medium,Toujours Plus
2026-02-09 14:00:19,Chicken Delight,1,18.99,Large,Les Originales
2026-02-09 14:00:19,Divine 3 Fromages,1,21.99,XL,Éditions Limitées
2026-02-09 14:00:19,Pepperoni Party,1,20.49,Large,Les Iconiques
2026-02-09 14:00:19,Originale Pepperoni,1,15.99,Large,Les Bons Plans
2026-02-09 14:00:19,Crispy Cannibale,1,23.99,XL,Les Originales
2026-02-09 14:00:19,Urban Kebab,1,17.49,Medium,Les Originales
2026-02-09 14:00:19,Algérienne,1,21.99,XL,Les Grands Classiques
2026-02-09 14:00:19,Algérienne,1,18.99,Large,Les Grands Classiques
2026-02-09 14:00:19,Hawaïenne Poulet,1,20.99,XL,Les Grands Classiques
2026-02-09 14:00:19,Steak and Cheese,1,14.99,Medium,Les Grands Classiques
2026-02-09 14:00:19,Steak and Cheese,1,20.99,XL,Les Grands Classiques
2026-02-09 14:00:23,Peppina,1,19.99,Large,Les Gourmandes Veggies
2026-02-09 14:00:23,Hawaïenne Poulet,1,20.99,XL,Les Grands Classiques
2026-02-09 14:00:40,Bacon Groovy,1,23.49,XL,Les Iconiques
2026-02-09 14:04:34,Ultimate Meat,1,17.99,Medium,Toujours Plus
2026-02-09 14:04:34,Divine 3 Fromages,1,21.99,XL,Éditions Limitées
2026-02-09 14:04:34,Super Veggie,1,20.49,Large,Les Gourmandes Veggies
2026-02-09 14:04:34,Kebab and Spicy,1,18.99,Large,Les Originales
2026-02-09 14:29:17,Cheesy and Veggie,1,14.99,Medium,Les Gourmandes Veggies
2026-02-09 14:35:54,Chèvre-Miel,1,18.99,Large,Les Iconiques
2026-02-09 14:35:54,Super Veggie,1,17.49,Medium,Les Gourmandes Veggies
2026-02-09 14:35:54,Pepperoni Party,1,20.49,Large,Les Iconiques
2026-02-09 14:35:54,Originale Pepperoni,1,15.99,Large,Les Bons Plans
2026-02-09 15:14:42,Chicken BBQ,1,18.99,Large,Les Grands Classiques
2026-02-09 15:14:42,Pêcheur,1,21.99,XL,Les Grands Classiques
2026-02-09 15:14:42,Peppina Vegan,1,16.99,Medium,Les Vegans
2026-02-09 15:25:59,Chicken BBQ,1,18.99,Large,Les Grands Classiques
2026-02-09 15:25:59,Extravaganzza,1,20.99,Large,Toujours Plus
2026-02-09 15:25:59,Chèvre-Miel,1,18.99,Large,Les Iconiques
2026-02-09 15:25:59,Forestière,1,17.49,Medium,Les Grands Classiques
2026-02-09 15:26:16,Hawaïenne Jambon,1,14.99,Medium,Les Grands Classiques
2026-02-09 15:26:16,Kebab and Spicy,1,18.99,Large,Les Originales
2026-02-09 16:05:30,Pêcheur,1,21.99,XL,Les Grands Classiques
2026-02-09 16:05:30,Cannibale,1,20.49,Large,Les Iconiques
2026-02-09 16:18:14,Forestière,1,17.49,Medium,Les Grands Classiques
2026-02-09 16:18:14,Royale Veggie,1,15.99,Medium,Les Gourmandes Veggies
2026-02-09 16:22:26,Indienne,1,18.99,Large,Les Grands Classiques
2026-02-09 16:22:26,Pêcheur,1,18.99,Large,Les Grands Classiques
2026-02-09 16:49:40,Chicken Delight,1,21.99,XL,Les Originales
2026-02-09 16:49:40,Chicken Delight,1,15.99,Medium,Les Originales
2026-02-09 16:49:40,Originale Pepperoni,1,12.99,Medium,Les Bons Plans
2026-02-09 16:49:40,Urban Kebab,1,17.49,Medium,Les Originales
2026-02-09 17:09:34,Chicken BBQ,1,18.99,Large,Les Grands Classiques
2026-02-09 17:09:34,Ultimate Meat,1,17.99,Medium,Toujours Plus
2026-02-09 17:09:34,Kebab and Spicy,1,21.99,XL,Les Originales
2026-02-09 17:09:34,Steak and Cheese,1,14.99,Medium,Les Grands Classiques
2026-02-09 17:12:03,Hawaïenne Jambon,1,14.99,Medium,Les Grands Classiques
2026-02-09 17:12:03,Algérienne,2,43.98,XL,Les Grands Classiques
2026-02-09 17:17:07,Beef and Cheddar,1,23.99,XL,Éditions Limitées
2026-02-09 17:23:46,Cannibale,1,23.49,XL,Les Iconiques
2026-02-09 17:36:17,Hawaïenne Jambon,1,14.99,Medium,Les Grands Classiques
2026-02-09 17:36:17,Royale Veggie,1,15.99,Medium,Les Gourmandes Veggies
2026-02-09 17:38:39,Chicken BBQ,1,21.99,XL,Les Grands Classiques
2026-02-09 17:38:39,Bacon Groovy,1,23.49,XL,Les Iconiques
2026-02-09 17:38:39,Divine 3 Fromages,1,21.99,XL,Éditions Limitées
2026-02-09 17:38:39,Peppina Vegan,1,19.99,Large,Les Vegans
2026-02-09 17:46:35,Extravaganzza,1,20.99,Large,Toujours Plus
2026-02-09 17:57:51,Urban Kebab,1,23.49,XL,Les Originales
2026-02-09 18:02:29,Royale Veggie,1,21.99,XL,Les Gourmandes Veggies
2026-02-09 18:02:29,Algérienne,1,15.99,Medium,Les Grands Classiques
2026-02-09 18:05:26,Cannibale,1,20.49,Large,Les Iconiques
2026-02-09 18:05:44,Indienne,1,21.99,XL,Les Grands Classiques
2026-02-09 18:05:44,Bacon Groovy,1,20.49,Large,Les Iconiques
2026-02-09 18:06:54,Super Veggie,1,20.49,Large,Les Gourmandes Veggies
2026-02-09 18:06:54,Originale Pepperoni,1,18.99,XL,Les Bons Plans
2026-02-09 18:06:54,Peppina Vegan,1,19.99,Large,Les Vegans
2026-02-09 18:14:43,Chicken BBQ,1,21.99,XL,Les Grands Classiques
2026-02-09 18:14:43,Peppina,1,19.99,Large,Les Gourmandes Veggies
2026-02-09 18:14:43,Chicken and Cheddar,1,17.49,Medium,Éditions Limitées
2026-02-09 18:33:38,Chicken Delight,1,18.99,Large,Les Originales
2026-02-09 18:33:38,Rocket Veggie,1,12.99,Medium,Les Gourmandes Veggies
2026-02-09 18:34:07,Kebab and Spicy,1,18.99,Large,Les Originales
2026-02-09 18:34:07,Cheesy and Veggie,1,17.99,Large,Les Gourmandes Veggies
2026-02-09 18:34:07,Steak and Cheese,1,17.99,Large,Les Grands Classiques
2026-02-09 18:35:19,Chicken Delight,1,21.99,XL,Les Originales
2026-02-09 18:35:19,Pêcheur,1,15.99,Medium,Les Grands Classiques
2026-02-09 18:53:44,Chèvre-Miel,1,21.99,XL,Les Iconiques
2026-02-09 18:53:44,Diavola Pepperoni,1,15.99,Medium,Les Originales
2026-02-09 18:53:44,Steak and Cheese,2,29.98,Medium,Les Grands Classiques
2026-02-09 19:00:56,Chèvre-Miel,1,18.99,Large,Les Iconiques
2026-02-09 19:00:56,Hawaïenne Jambon,1,14.99,Medium,Les Grands Classiques
2026-02-09 19:00:56,Peppina,1,16.99,Medium,Les Gourmandes Veggies
2026-02-09 19:00:56,Royale Veggie,1,18.99,Large,Les Gourmandes Veggies
2026-02-09 19:30:28,Super Veggie,1,17.49,Medium,Les Gourmandes Veggies
2026-02-09 19:33:50,Chicken Delight,1,21.99,XL,Les Originales
2026-02-09 19:33:50,Urban Kebab,1,20.49,Large,Les Originales
2026-02-09 19:33:50,Margherita,1,18.99,XL,Les Bons Plans
2026-02-09 19:33:50,Peppina Vegan,1,19.99,Large,Les Vegans
2026-02-09 19:38:23,Forestière,1,20.49,Large,Les Grands Classiques
2026-02-09 19:54:24,Hawaïenne Jambon,1,14.99,Medium,Les Grands Classiques
2026-02-09 19:54:24,Beef and Cheddar,1,17.99,Medium,Éditions Limitées
2026-02-09 19:54:24,Margherita,1,12.99,Medium,Les Bons Plans
2026-02-09 20:09:44,Hawaïenne Jambon,1,14.99,Medium,Les Grands Classiques
2026-02-09 20:09:44,Cannibale,1,17.49,Medium,Les Iconiques
2026-02-09 20:09:44,Cheesy and Veggie,1,14.99,Medium,Les Gourmandes Veggies
2026-02-09 20:38:13,Crispy Cannibale,1,20.99,Large,Les Originales
2026-02-09 21:08:21,Ultimate Meat,1,17.99,Medium,Toujours Plus
2026-02-09 21:08:21,Originale Pepperoni,1,18.99,XL,Les Bons Plans
2026-02-09 21:51:59,Rocket Veggie,1,18.99,XL,Les Gourmandes Veggies
2026-02-09 22:01:04,Divine 3 Fromages,1,21.99,XL,Éditions Limitées
2026-02-09 22:01:04,Chèvre-Miel,1,21.99,XL,Les Iconiques
2026-02-10 11:28:16,Chicken BBQ,1,21.99,XL,Les Grands Classiques
2026-02-10 11:28:16,Originale Pepperoni,1,18.99,XL,Les Bons Plans
2026-02-10 11:28:16,Beef and Cheddar,1,23.99,XL,Éditions Limitées
2026-02-10 11:28:16,Steak and Cheese,1,20.99,XL,Les Grands Classiques
2026-02-10 11:43:09,Pêcheur,1,15.99,Medium,Les Grands Classiques
2026-02-10 11:43:09,Beef and Cheddar,1,23.99,XL,Éditions Limitées
2026-02-10 11:43:09,Algérienne,1,15.99,Medium,Les Grands Classiques
2026-02-10 11:53:29,Diavola Haché au bœuf,1,18.99,Large,Les Originales
2026-02-10 12:09:03,Peppina,1,19.99,Large,Les Gourmandes Veggies
2026-02-10 12:10:19,Chicken BBQ,1,15.99,Medium,Les Grands Classiques
2026-02-10 12:10:37,Algérienne,1,15.99,Medium,Les Grands Classiques
2026-02-10 12:34:39,Urban Kebab,1,17.49,Medium,Les Originales
2026-02-10 12:34:39,Kebab and Spicy,1,21.99,XL,Les Originales
2026-02-10 12:37:42,Pepperoni Party,1,17.49,Medium,Les Iconiques
2026-02-10 12:37:42,Kebab and Spicy,1,21.99,XL,Les Originales
2026-02-10 12:38:36,Divine 3 Fromages,1,21.99,XL,Éditions Limitées
2026-02-10 12:38:36,Chèvre-Miel,1,21.99,XL,Les Iconiques
2026-02-10 12:38:36,Pêcheur,1,15.99,Medium,Les Grands Classiques
2026-02-10 12:38:36,Cannibale,1,20.49,Large,Les Iconiques
2026-02-10 12:40:03,Beef and Cheddar,1,20.99,Large,Éditions Limitées
2026-02-10 12:41:17,Urban Kebab,1,20.49,Large,Les Originales
2026-02-10 12:43:17,Margherita,1,18.99,XL,Les Bons Plans
2026-02-10 12:48:04,Hawaïenne Poulet,1,14.99,Medium,Les Grands Classiques
2026-02-10 12:58:32,Chicken Delight,1,21.99,XL,Les Originales
2026-02-10 12:58:32,Divine 3 Fromages,1,21.99,XL,Éditions Limitées
2026-02-10 12:58:32,Originale Pepperoni,1,15.99,Large,Les Bons Plans
2026-02-10 12:58:32,Kebab and Spicy,1,21.99,XL,Les Originales
2026-02-10 13:04:06,Hawaïenne Jambon,1,17.99,Large,Les Grands Classiques
2026-02-10 13:04:06,Pêcheur,1,18.99,Large,Les Grands Classiques
2026-02-10 13:04:06,Cannibale,1,17.49,Medium,Les Iconiques
2026-02-10 13:04:23,4 Fromages,1,17.49,Medium,Les Iconiques
2026-02-10 13:04:23,Pêcheur,1,18.99,Large,Les Grands Classiques
2026-02-10 13:17:12,Kebab and Spicy,1,21.99,XL,Les Originales
2026-02-10 13:37:25,Extravaganzza,1,20.99,Large,Toujours Plus
2026-02-10 13:37:25,Super Veggie,1,17.49,Medium,Les Gourmandes Veggies
2026-02-10 13:37:25,Forestière,1,23.49,XL,Les Grands Classiques
2026-02-10 13:42:50,Hawaïenne Poulet,1,20.99,XL,Les Grands Classiques
2026-02-10 13:45:23,Urban Kebab,1,23.49,XL,Les Originales
2026-02-10 13:49:59,Margherita,1,12.99,Medium,Les Bons Plans
2026-02-10 13:54:52,Royale Veggie,1,21.99,XL,Les Gourmandes Veggies
2026-02-10 13:54:52,Pêcheur,1,21.99,XL,Les Grands Classiques
2026-02-10 13:54:52,Algérienne,1,21.99,XL,Les Grands Classiques
2026-02-10 14:06:28,Chicken Delight,1,18.99,Large,Les Originales
2026-02-10 14:06:28,Chèvre-Miel,1,21.99,XL,Les Iconiques
2026-02-10 14:06:28,Pepperoni Party,1,23.49,XL,Les Iconiques
2026-02-10 14:06:28,Peppina,1,22.99,XL,Les Gourmandes Veggies
2026-02-10 14:06:28,Pêcheur,1,21.99,XL,Les Grands Classiques
2026-02-10 14:06:28,Urban Kebab,1,20.49,Large,Les Originales
2026-02-10 14:06:28,Urban Kebab,2,34.98,Medium,Les Originales
2026-02-10 14:06:28,Kebab and Spicy,1,15.99,Medium,Les Originales
2026-02-10 14:11:49,Divine 3 Fromages,1,21.99,XL,Éditions Limitées
2026-02-10 14:11:49,Forestière,1,20.49,Large,Les Grands Classiques
2026-02-10 14:11:49,Urban Kebab,1,17.49,Medium,Les Originales
2026-02-10 14:11:49,Steak and Cheese,1,20.99,XL,Les Grands Classiques
2026-02-10 14:23:45,Chicken Delight,1,21.99,XL,Les Originales
2026-02-10 14:23:45,Peppina,1,22.99,XL,Les Gourmandes Veggies
2026-02-10 14:23:45,Chicken and Cheddar,1,23.49,XL,Éditions Limitées
2026-02-10 14:25:40,Cannibale,1,17.49,Medium,Les Iconiques
2026-02-10 14:28:48,Royale Veggie,1,18.99,Large,Les Gourmandes Veggies
2026-02-10 14:58:42,Crispy Cannibale,1,23.99,XL,Les Originales
2026-02-10 14:58:42,Algérienne,1,21.99,XL,Les Grands Classiques
2026-02-10 15:01:08,Super Veggie,1,17.49,Medium,Les Gourmandes Veggies
2026-02-10 15:01:08,Urban Kebab,1,17.49,Medium,Les Originales
2026-02-10 15:31:30,Urban Kebab,1,17.49,Medium,Les Originales
2026-02-10 16:43:26,Pêcheur,1,21.99,XL,Les Grands Classiques
2026-02-10 16:43:26,Beef and Cheddar,1,23.99,XL,Éditions Limitées
2026-02-10 16:43:55,Extravaganzza,1,17.99,Medium,Toujours Plus
2026-02-10 16:43:55,Peppina,1,16.99,Medium,Les Gourmandes Veggies
2026-02-10 16:43:55,Originale Pepperoni,1,12.99,Medium,Les Bons Plans
2026-02-10 16:49:23,Kebab and Spicy,1,21.99,XL,Les Originales
2026-02-10 16:49:38,Chicken BBQ,2,43.98,XL,Les Grands Classiques
2026-02-10 16:49:38,4 Fromages,1,17.49,Medium,Les Iconiques
2026-02-10 16:49:38,Diavola Pepperoni,1,15.99,Medium,Les Originales
2026-02-10 16:54:05,Chicken Delight,1,15.99,Medium,Les Originales
2026-02-10 17:02:57,Chèvre-Miel,1,18.99,Large,Les Iconiques
2026-02-10 17:02:57,Originale Pepperoni,1,12.99,Medium,Les Bons Plans
2026-02-10 17:10:46,Ultimate Meat,1,17.99,Medium,Toujours Plus
2026-02-10 17:10:46,Divine 3 Fromages,1,21.99,XL,Éditions Limitées
2026-02-10 17:10:46,Royale Veggie,1,21.99,XL,Les Gourmandes Veggies
2026-02-10 17:19:06,Bacon Groovy,1,23.49,XL,Les Iconiques
2026-02-10 17:20:30,Chèvre-Miel,1,21.99,XL,Les Iconiques
2026-02-10 17:20:30,Cheesy and Veggie,1,20.99,XL,Les Gourmandes Veggies
2026-02-10 17:20:30,Chicken and Cheddar,1,17.49,Medium,Éditions Limitées
2026-02-10 17:20:30,Hawaïenne Poulet,1,14.99,Medium,Les Grands Classiques
2026-02-10 17:26:11,Diavola Pepperoni,1,18.99,Large,Les Originales
2026-02-10 17:51:44,Peppina Vegan,1,16.99,Medium,Les Vegans
2026-02-10 17:55:50,Forestière,1,20.49,Large,Les Grands Classiques
2026-02-10 17:55:50,Kebab and Spicy,1,15.99,Medium,Les Originales
2026-02-10 17:58:53,Originale Pepperoni,1,15.99,Large,Les Bons Plans
2026-02-10 17:58:53,Algérienne,1,21.99,XL,Les Grands Classiques
2026-02-10 18:09:01,Extravaganzza,1,17.99,Medium,Toujours Plus
2026-02-10 18:09:01,Rocket Veggie,1,12.99,Medium,Les Gourmandes Veggies
2026-02-10 18:09:01,Peppina Vegan,1,22.99,XL,Les Vegans
2026-02-10 18:51:01,Super Veggie,1,20.49,Large,Les Gourmandes Veggies
2026-02-10 19:00:37,Pepperoni Party,1,23.49,XL,Les Iconiques
2026-02-10 19:00:37,Hawaïenne Poulet,1,14.99,Medium,Les Grands Classiques
2026-02-10 19:07:28,Royale Veggie,1,21.99,XL,Les Gourmandes Veggies
2026-02-10 19:07:28,Crispy Cannibale,1,20.99,Large,Les Originales
2026-02-10 19:07:28,Margherita,1,15.99,Large,Les Bons Plans
2026-02-10 19:07:28,Steak and Cheese,1,14.99,Medium,Les Grands Classiques
2026-02-10 19:19:00,Super Veggie,1,17.49,Medium,Les Gourmandes Veggies
2026-02-10 19:19:00,Forestière,1,23.49,XL,Les Grands Classiques
2026-02-10 19:19:00,Diavola Pepperoni,1,21.99,XL,Les Originales
2026-02-10 19:19:00,Originale Pepperoni,1,15.99,Large,Les Bons Plans
2026-02-10 20:01:34,Pêcheur,1,21.99,XL,Les Grands Classiques
2026-02-10 20:09:17,Chèvre-Miel,1,21.99,XL,Les Iconiques
2026-02-10 20:09:17,Originale Pepperoni,1,18.99,XL,Les Bons Plans
2026-02-10 20:09:17,Algérienne,1,21.99,XL,Les Grands Classiques
2026-02-10 20:09:17,Peppina Vegan,1,16.99,Medium,Les Vegans
2026-02-10 20:12:30,Bacon Groovy,1,17.49,Medium,Les Iconiques
2026-02-10 20:12:30,Beef and Cheddar,1,17.99,Medium,Éditions Limitées
2026-02-10 20:13:13,Pêcheur,1,15.99,Medium,Les Grands Classiques
2026-02-10 20:14:23,Extravaganzza,1,17.99,Medium,Toujours Plus
2026-02-10 20:18:10,Chicken BBQ,1,21.99,XL,Les Grands Classiques
2026-02-10 20:18:10,Chicken BBQ,1,18.99,Large,Les Grands Classiques
2026-02-10 20:20:20,Forestière,1,20.49,Large,Les Grands Classiques
2026-02-10 20:20:20,Urban Kebab,1,23.49,XL,Les Originales
2026-02-10 20:20:24,Peppina,1,19.99,Large,Les Gourmandes Veggies
2026-02-10 20:33:37,4 Fromages,1,17.49,Medium,Les Iconiques
2026-02-10 20:33:37,Urban Kebab,1,20.49,Large,Les Originales
2026-02-10 21:11:59,Pepperoni Party,1,17.49,Medium,Les Iconiques
2026-02-10 21:35:04,Peppina Vegan,1,19.99,Large,Les Vegans
2026-02-11 11:44:12,Cheesy and Veggie,1,14.99,Medium,Les Gourmandes Veggies
2026-02-11 11:44:58,Forestière,1,23.49,XL,Les Grands Classiques
2026-02-11 11:46:05,Chèvre-Miel,1,21.99,XL,Les Iconiques
2026-02-11 11:46:05,Originale Pepperoni,1,15.99,Large,Les Bons Plans
2026-02-11 11:48:07,Ultimate Meat,1,17.99,Medium,Toujours Plus
2026-02-11 11:48:07,Chicken Delight,1,18.99,Large,Les Originales
2026-02-11 11:48:07,Chicken Delight,1,15.99,Medium,Les Originales
2026-02-11 11:48:07,Extravaganzza,1,17.99,Medium,Toujours Plus
2026-02-11 11:48:07,Chèvre-Miel,1,21.99,XL,Les Iconiques
2026-02-11 11:48:07,Chèvre-Miel,1,18.99,Large,Les Iconiques
2026-02-11 11:48:07,Hawaïenne Jambon,2,29.98,Medium,Les Grands Classiques
2026-02-11 11:48:07,Algérienne,1,18.99,Large,Les Grands Classiques
2026-02-11 11:53:20,Extravaganzza,1,23.99,XL,Toujours Plus
2026-02-11 12:00:54,Chicken and Cheddar,1,23.49,XL,Éditions Limitées
2026-02-11 12:02:54,Indienne,1,18.99,Large,Les Grands Classiques
2026-02-11 12:08:37,Crispy Cannibale,1,17.99,Medium,Les Originales
2026-02-11 12:11:27,Chèvre-Miel,1,21.99,XL,Les Iconiques
2026-02-11 12:11:27,Hawaïenne Jambon,1,14.99,Medium,Les Grands Classiques
2026-02-11 12:20:06,Indienne,1,15.99,Medium,Les Grands Classiques
2026-02-11 12:20:06,Hawaïenne Poulet,1,14.99,Medium,Les Grands Classiques
2026-02-11 12:27:39,Originale Pepperoni,1,18.99,XL,Les Bons Plans
2026-02-11 12:27:39,Algérienne,1,21.99,XL,Les Grands Classiques
2026-02-11 12:35:27,Chicken BBQ,2,37.98,Large,Les Grands Classiques
2026-02-11 12:35:27,Extravaganzza,1,23.99,XL,Toujours Plus
2026-02-11 12:35:27,Extravaganzza,1,17.99,Medium,Toujours Plus
2026-02-11 12:35:27,Steak and Cheese,1,17.99,Large,Les Grands Classiques
2026-02-11 12:35:27,Peppina Vegan,1,22.99,XL,Les Vegans
2026-02-11 12:42:27,Originale Pepperoni,1,12.99,Medium,Les Bons Plans
2026-02-11 12:54:36,Extravaganzza,1,23.99,XL,Toujours Plus
2026-02-11 12:54:36,Chicken and Cheddar,1,23.49,XL,Éditions Limitées
2026-02-11 12:55:29,Cannibale,1,17.49,Medium,Les Iconiques
2026-02-11 12:56:55,Originale Pepperoni,1,12.99,Medium,Les Bons Plans
2026-02-11 13:14:20,Royale Veggie,1,21.99,XL,Les Gourmandes Veggies
2026-02-11 13:22:08,Divine 3 Fromages,1,21.99,XL,Éditions Limitées
2026-02-11 13:22:08,Pepperoni Party,1,20.49,Large,Les Iconiques
2026-02-11 13:22:08,Royale Veggie,1,21.99,XL,Les Gourmandes Veggies
2026-02-11 13:22:08,Originale Pepperoni,1,15.99,Large,Les Bons Plans
2026-02-11 13:30:45,Chicken Delight,1,18.99,Large,Les Originales
2026-02-11 13:30:45,Indienne,1,21.99,XL,Les Grands Classiques
2026-02-11 13:30:45,Kebab and Spicy,1,21.99,XL,Les Originales
2026-02-11 13:30:45,Margherita,1,15.99,Large,Les Bons Plans
2026-02-11 13:34:18,Steak and Cheese,1,20.99,XL,Les Grands Classiques
2026-02-11 13:43:20,Chicken BBQ,1,18.99,Large,Les Grands Classiques
2026-02-11 13:43:20,Pepperoni Party,1,20.49,Large,Les Iconiques
2026-02-11 13:43:20,Crispy Cannibale,1,23.99,XL,Les Originales
2026-02-11 13:43:20,Hawaïenne Poulet,1,20.99,XL,Les Grands Classiques
2026-02-11 13:52:56,Extravaganzza,1,20.99,Large,Toujours Plus
2026-02-11 13:58:36,Bacon Groovy,1,20.49,Large,Les Iconiques
2026-02-11 14:00:00,Divine 3 Fromages,1,21.99,XL,Éditions Limitées
2026-02-11 14:00:00,Hawaïenne Jambon,1,20.99,XL,Les Grands Classiques
2026-02-11 14:00:00,Diavola Pepperoni,1,18.99,Large,Les Originales
2026-02-11 14:00:00,Beef and Cheddar,1,17.99,Medium,Éditions Limitées
2026-02-11 14:00:00,Algérienne,1,21.99,XL,Les Grands Classiques
2026-02-11 14:00:00,Hawaïenne Poulet,1,20.99,XL,Les Grands Classiques
2026-02-11 14:20:32,Chicken BBQ,1,15.99,Medium,Les Grands Classiques
2026-02-11 14:40:54,Ultimate Meat,1,17.99,Medium,Toujours Plus
2026-02-11 14:40:54,Bacon Groovy,1,23.49,XL,Les Iconiques
2026-02-11 14:41:21,Chicken Delight,1,21.99,XL,Les Originales
2026-02-11 14:50:55,Hawaïenne Jambon,1,17.99,Large,Les Grands Classiques
2026-02-11 15:02:30,Chèvre-Miel,1,21.99,XL,Les Iconiques
2026-02-11 15:02:30,Chèvre-Miel,1,18.99,Large,Les Iconiques
2026-02-11 15:02:30,Peppina,1,19.99,Large,Les Gourmandes Veggies
2026-02-11 15:12:46,Diavola Haché au bœuf,1,18.99,Large,Les Originales
2026-02-11 15:12:46,Chèvre-Miel,1,21.99,XL,Les Iconiques
2026-02-11 15:12:46,Royale Veggie,1,18.99,Large,Les Gourmandes Veggies
2026-02-11 15:12:46,Originale Pepperoni,1,18.99,XL,Les Bons Plans
2026-02-11 15:23:21,Extravaganzza,1,17.99,Medium,Toujours Plus
2026-02-11 16:34:30,Kebab and Spicy,1,21.99,XL,Les Originales
2026-02-11 17:00:13,Divine 3 Fromages,1,21.99,XL,Éditions Limitées
2026-02-11 17:00:41,Algérienne,1,21.99,XL,Les Grands Classiques
2026-02-11 17:08:01,Extravaganzza,1,20.99,Large,Toujours Plus
2026-02-11 17:08:01,Divine 3 Fromages,1,21.99,XL,Éditions Limitées
2026-02-11 17:08:01,Peppina,1,22.99,XL,Les Gourmandes Veggies
2026-02-11 17:08:24,Urban Kebab,1,17.49,Medium,Les Originales
2026-02-11 17:08:24,Peppina Vegan,1,19.99,Large,Les Vegans
2026-02-11 17:12:25,Originale Pepperoni,1,12.99,Medium,Les Bons Plans
2026-02-11 17:12:25,Cannibale,1,17.49,Medium,Les Iconiques
2026-02-11 17:22:02,Pepperoni Party,1,20.49,Large,Les Iconiques
2026-02-11 17:22:02,Rocket Veggie,1,15.99,Large,Les Gourmandes Veggies
2026-02-11 17:44:46,Bacon Groovy,1,17.49,Medium,Les Iconiques
2026-02-11 17:44:46,Extravaganzza,1,17.99,Medium,Toujours Plus
2026-02-11 17:44:46,Chèvre-Miel,1,18.99,Large,Les Iconiques
2026-02-11 17:44:46,Originale Pepperoni,1,12.99,Medium,Les Bons Plans
2026-02-11 17:47:02,Bacon Groovy,1,23.49,XL,Les Iconiques
2026-02-11 17:47:02,Super Veggie,1,17.49,Medium,Les Gourmandes Veggies
2026-02-11 17:47:02,Hawaïenne Jambon,1,20.99,XL,Les Grands Classiques
2026-02-11 17:47:02,Urban Kebab,1,17.49,Medium,Les Originales
2026-02-11 17:47:30,Super Veggie,1,17.49,Medium,Les Gourmandes Veggies
2026-02-11 17:47:30,Hawaïenne Jambon,1,14.99,Medium,Les Grands Classiques
2026-02-11 17:49:56,Pepperoni Party,1,20.49,Large,Les Iconiques
2026-02-11 17:53:00,Diavola Haché au bœuf,1,21.99,XL,Les Originales
2026-02-11 18:00:12,Hawaïenne Jambon,1,20.99,XL,Les Grands Classiques
2026-02-11 18:00:12,Royale Veggie,1,21.99,XL,Les Gourmandes Veggies
2026-02-11 18:00:12,Originale Pepperoni,1,15.99,Large,Les Bons Plans
2026-02-11 18:02:54,Ultimate Meat,1,17.99,Medium,Toujours Plus
2026-02-11 18:02:54,Hawaïenne Jambon,1,14.99,Medium,Les Grands Classiques
2026-02-11 18:02:54,Royale Veggie,1,21.99,XL,Les Gourmandes Veggies
2026-02-11 18:02:54,Urban Kebab,1,17.49,Medium,Les Originales
2026-02-11 18:21:25,Urban Kebab,1,20.49,Large,Les Originales
2026-02-11 18:25:46,Hawaïenne Jambon,1,14.99,Medium,Les Grands Classiques
2026-02-11 18:25:46,Algérienne,1,21.99,XL,Les Grands Classiques
2026-02-11 18:46:12,Indienne,1,18.99,Large,Les Grands Classiques
2026-02-11 18:46:12,Diavola Pepperoni,1,21.99,XL,Les Originales
2026-02-11 18:46:12,Urban Kebab,1,23.49,XL,Les Originales
2026-02-11 18:46:12,Peppina Vegan,1,22.99,XL,Les Vegans
2026-02-11 18:50:33,Chicken Delight,1,15.99,Medium,Les Originales
2026-02-11 18:50:33,Super Veggie,1,20.49,Large,Les Gourmandes Veggies
2026-02-11 18:56:35,Cheesy and Veggie,1,17.99,Large,Les Gourmandes Veggies
2026-02-11 19:02:19,Diavola Haché au bœuf,1,18.99,Large,Les Originales
2026-02-11 19:02:19,Crispy Cannibale,1,17.99,Medium,Les Originales
2026-02-11 19:02:19,Margherita,1,15.99,Large,Les Bons Plans
2026-02-11 19:02:19,Chicken and Cheddar,1,17.49,Medium,Éditions Limitées
2026-02-11 19:04:08,Originale Pepperoni,1,18.99,XL,Les Bons Plans
2026-02-11 19:04:08,Kebab and Spicy,1,18.99,Large,Les Originales
2026-02-11 19:06:07,Peppina,1,16.99,Medium,Les Gourmandes Veggies
2026-02-11 19:11:58,Originale Pepperoni,1,12.99,Medium,Les Bons Plans
2026-02-11 19:11:58,Urban Kebab,1,23.49,XL,Les Originales
2026-02-11 19:25:46,Chèvre-Miel,1,18.99,Large,Les Iconiques
2026-02-11 19:25:46,Pêcheur,1,21.99,XL,Les Grands Classiques
2026-02-11 19:25:46,Beef and Cheddar,1,23.99,XL,Éditions Limitées
2026-02-11 19:25:46,Hawaïenne Poulet,1,14.99,Medium,Les Grands Classiques
2026-02-11 19:30:16,Chèvre-Miel,1,21.99,XL,Les Iconiques
2026-02-11 19:30:16,Rocket Veggie,1,15.99,Large,Les Gourmandes Veggies
2026-02-11 19:30:16,Hawaïenne Poulet,1,20.99,XL,Les Grands Classiques
2026-02-11 19:30:16,Peppina Vegan,1,19.99,Large,Les Vegans
2026-02-11 19:31:47,Divine 3 Fromages,1,21.99,XL,Éditions Limitées
2026-02-11 19:31:47,Chèvre-Miel,1,21.99,XL,Les Iconiques
2026-02-11 19:31:47,Diavola Pepperoni,1,15.99,Medium,Les Originales
2026-02-11 19:31:47,Hawaïenne Poulet,1,14.99,Medium,Les Grands Classiques
2026-02-11 19:32:54,Super Veggie,1,20.49,Large,Les Gourmandes Veggies
2026-02-11 19:36:30,Ultimate Meat,1,17.99,Medium,Toujours Plus
2026-02-11 19:36:30,Chèvre-Miel,1,21.99,XL,Les Iconiques
2026-02-11 19:53:46,Chicken BBQ,1,18.99,Large,Les Grands Classiques
2026-02-11 19:53:46,Peppina,1,16.99,Medium,Les Gourmandes Veggies
2026-02-11 19:53:46,Cheesy and Veggie,1,14.99,Medium,Les Gourmandes Veggies
2026-02-11 19:54:40,Chicken Delight,1,21.99,XL,Les Originales
2026-02-11 19:54:40,Originale Pepperoni,1,12.99,Medium,Les Bons Plans
2026-02-11 20:06:11,Chèvre-Miel,1,21.99,XL,Les Iconiques
2026-02-11 20:06:11,Hawaïenne Jambon,1,14.99,Medium,Les Grands Classiques
2026-02-11 20:06:11,Originale Pepperoni,1,18.99,XL,Les Bons Plans
2026-02-11 20:06:11,Peppina Vegan,1,19.99,Large,Les Vegans
2026-02-11 20:11:26,Diavola Pepperoni,2,37.98,Large,Les Originales
2026-02-11 20:11:26,Urban Kebab,1,17.49,Medium,Les Originales
2026-02-11 20:11:26,Steak and Cheese,1,20.99,XL,Les Grands Classiques
2026-02-11 20:22:03,Diavola Pepperoni,1,15.99,Medium,Les Originales
2026-02-11 20:22:03,Urban Kebab,1,20.49,Large,Les Originales
2026-02-11 20:33:15,Hawaïenne Jambon,1,14.99,Medium,Les Grands Classiques
2026-02-11 21:34:53,Chicken BBQ,1,15.99,Medium,Les Grands Classiques
2026-02-11 21:44:25,Divine 3 Fromages,1,21.99,XL,Éditions Limitées
2026-02-11 21:45:46,Pepperoni Party,1,20.49,Large,Les Iconiques
2026-02-11 21:45:46,Cannibale,1,20.49,Large,Les Iconiques
2026-02-11 21:52:14,Chèvre-Miel,1,21.99,XL,Les Iconiques
2026-02-12 11:17:06,Chicken Delight,1,15.99,Medium,Les Originales
2026-02-12 11:37:34,Divine 3 Fromages,1,21.99,XL,Éditions Limitées
2026-02-12 11:37:34,Forestière,1,20.49,Large,Les Grands Classiques
2026-02-12 11:37:34,Cannibale,1,17.49,Medium,Les Iconiques
2026-02-12 11:38:35,Peppina,1,19.99,Large,Les Gourmandes Veggies
2026-02-12 11:38:35,Algérienne,1,18.99,Large,Les Grands Classiques
2026-02-12 11:48:50,Hawaïenne Jambon,1,17.99,Large,Les Grands Classiques
2026-02-12 11:48:50,Beef and Cheddar,1,17.99,Medium,Éditions Limitées
2026-02-12 11:54:44,Royale Veggie,1,18.99,Large,Les Gourmandes Veggies
2026-02-12 11:54:44,Cannibale,1,17.49,Medium,Les Iconiques
2026-02-12 11:57:08,Kebab and Spicy,1,18.99,Large,Les Originales
2026-02-12 12:00:00,Indienne,1,18.99,Large,Les Grands Classiques
2026-02-12 12:03:27,Chicken BBQ,1,21.99,XL,Les Grands Classiques
2026-02-12 12:03:27,Pepperoni Party,1,23.49,XL,Les Iconiques
2026-02-12 12:03:27,Originale Pepperoni,1,15.99,Large,Les Bons Plans
2026-02-12 12:12:17,Margherita,1,18.99,XL,Les Bons Plans
2026-02-12 12:41:02,Ultimate Meat,1,17.99,Medium,Toujours Plus
2026-02-12 12:45:49,Chicken BBQ,1,21.99,XL,Les Grands Classiques
2026-02-12 12:45:49,Chicken BBQ,1,18.99,Large,Les Grands Classiques
2026-02-12 12:45:49,4 Fromages,1,17.49,Medium,Les Iconiques
2026-02-12 12:45:49,Extravaganzza,1,20.99,Large,Toujours Plus
2026-02-12 12:45:49,Divine 3 Fromages,1,21.99,XL,Éditions Limitées
2026-02-12 12:45:49,Chèvre-Miel,1,18.99,Large,Les Iconiques
2026-02-12 12:45:49,Hawaïenne Jambon,1,20.99,XL,Les Grands Classiques
2026-02-12 12:45:49,Peppina,1,19.99,Large,Les Gourmandes Veggies
2026-02-12 12:45:49,Rocket Veggie,1,15.99,Large,Les Gourmandes Veggies
2026-02-12 12:45:49,Royale Veggie,1,21.99,XL,Les Gourmandes Veggies
2026-02-12 12:45:49,Originale Pepperoni,1,15.99,Large,Les Bons Plans
2026-02-12 12:45:49,Cheesy and Veggie,1,20.99,XL,Les Gourmandes Veggies
2026-02-12 12:48:03,Chicken BBQ,1,21.99,XL,Les Grands Classiques
2026-02-12 12:48:03,Chicken BBQ,1,18.99,Large,Les Grands Classiques
2026-02-12 12:48:03,4 Fromages,1,17.49,Medium,Les Iconiques
2026-02-12 12:48:03,Forestière,1,23.49,XL,Les Grands Classiques
2026-02-12 12:48:03,Peppina,1,19.99,Large,Les Gourmandes Veggies
2026-02-12 12:48:03,Diavola Pepperoni,1,18.99,Large,Les Originales
2026-02-12 13:06:59,Beef and Cheddar,1,17.99,Medium,Éditions Limitées
2026-02-12 13:18:54,Urban Kebab,1,23.49,XL,Les Originales
2026-02-12 13:28:21,Diavola Haché au bœuf,1,21.99,XL,Les Originales
2026-02-12 13:28:21,Hawaïenne Jambon,1,20.99,XL,Les Grands Classiques
2026-02-12 13:47:03,Chicken BBQ,1,18.99,Large,Les Grands Classiques
2026-02-12 13:47:07,Steak and Cheese,1,14.99,Medium,Les Grands Classiques
2026-02-12 13:53:40,Chèvre-Miel,1,21.99,XL,Les Iconiques
2026-02-12 14:00:00,Chicken BBQ,1,15.99,Medium,Les Grands Classiques
2026-02-12 14:00:00,4 Fromages,1,17.49,Medium,Les Iconiques
2026-02-12 14:00:38,Pepperoni Party,1,20.49,Large,Les Iconiques
2026-02-12 14:00:38,Hawaïenne Poulet,1,17.99,Large,Les Grands Classiques
2026-02-12 14:09:47,Divine 3 Fromages,1,21.99,XL,Éditions Limitées
2026-02-12 14:09:47,Urban Kebab,1,23.49,XL,Les Originales
2026-02-12 14:09:47,Steak and Cheese,1,17.99,Large,Les Grands Classiques
2026-02-12 14:09:47,Steak and Cheese,1,14.99,Medium,Les Grands Classiques
2026-02-12 14:20:14,Chèvre-Miel,1,21.99,XL,Les Iconiques
2026-02-12 14:20:14,Hawaïenne Jambon,1,20.99,XL,Les Grands Classiques
2026-02-12 14:22:23,Kebab and Spicy,1,21.99,XL,Les Originales
2026-02-12 14:27:16,4 Fromages,1,17.49,Medium,Les Iconiques
2026-02-12 14:28:55,Indienne,1,18.99,Large,Les Grands Classiques
2026-02-12 14:30:22,Forestière,1,17.49,Medium,Les Grands Classiques
2026-02-12 14:30:22,Royale Veggie,1,18.99,Large,Les Gourmandes Veggies
2026-02-12 14:30:22,Originale Pepperoni,1,18.99,XL,Les Bons Plans
2026-02-12 14:30:22,Algérienne,1,15.99,Medium,Les Grands Classiques
2026-02-12 14:43:38,Diavola Haché au bœuf,1,18.99,Large,Les Originales
2026-02-12 14:43:38,Pêcheur,1,21.99,XL,Les Grands Classiques
2026-02-12 14:43:38,Steak and Cheese,1,20.99,XL,Les Grands Classiques
2026-02-12 14:53:19,Hawaïenne Poulet,1,20.99,XL,Les Grands Classiques
2026-02-12 15:04:49,Indienne,1,15.99,Medium,Les Grands Classiques
2026-02-12 15:04:49,Extravaganzza,1,23.99,XL,Toujours Plus
2026-02-12 15:04:49,Hawaïenne Jambon,1,14.99,Medium,Les Grands Classiques
2026-02-12 15:25:11,Divine 3 Fromages,1,21.99,XL,Éditions Limitées
2026-02-12 15:25:11,Hawaïenne Poulet,1,14.99,Medium,Les Grands Classiques
2026-02-12 15:38:37,Chicken Delight,1,15.99,Medium,Les Originales
2026-02-12 15:53:33,Chicken BBQ,1,21.99,XL,Les Grands Classiques
2026-02-12 15:53:33,Peppina Vegan,1,22.99,XL,Les Vegans
2026-02-12 15:53:59,Chicken Delight,1,21.99,XL,Les Originales
2026-02-12 15:53:59,Peppina,1,16.99,Medium,Les Gourmandes Veggies
2026-02-12 15:53:59,Cannibale,1,20.49,Large,Les Iconiques
2026-02-12 15:53:59,Steak and Cheese,1,20.99,XL,Les Grands Classiques
2026-02-12 15:54:49,Hawaïenne Jambon,2,35.98,Large,Les Grands Classiques
2026-02-12 15:58:47,Ultimate Meat,1,17.99,Medium,Toujours Plus
2026-02-12 15:58:47,Divine 3 Fromages,1,21.99,XL,Éditions Limitées
2026-02-12 15:58:47,Peppina Vegan,1,19.99,Large,Les Vegans
2026-02-12 16:04:07,Extravaganzza,1,23.99,XL,Toujours Plus
2026-02-12 16:10:39,Extravaganzza,1,20.99,Large,Toujours Plus
2026-02-12 16:10:39,Divine 3 Fromages,1,21.99,XL,Éditions Limitées
2026-02-12 16:22:32,Cheesy and Veggie,1,20.99,XL,Les Gourmandes Veggies
2026-02-12 16:22:32,Hawaïenne Poulet,1,20.99,XL,Les Grands Classiques
2026-02-12 16:30:57,Extravaganzza,1,17.99,Medium,Toujours Plus
2026-02-12 16:58:29,Ultimate Meat,1,17.99,Medium,Toujours Plus
2026-02-12 16:58:29,Originale Pepperoni,1,15.99,Large,Les Bons Plans
2026-02-12 17:21:15,Diavola Pepperoni,1,18.99,Large,Les Originales
2026-02-12 17:21:15,Urban Kebab,1,23.49,XL,Les Originales
2026-02-12 17:36:09,4 Fromages,1,17.49,Medium,Les Iconiques
2026-02-12 17:36:09,Forestière,1,17.49,Medium,Les Grands Classiques
2026-02-12 17:36:09,Urban Kebab,1,23.49,XL,Les Originales
2026-02-12 17:36:09,Beef and Cheddar,1,20.99,Large,Éditions Limitées
2026-02-12 17:38:32,Bacon Groovy,1,20.49,Large,Les Iconiques
2026-02-12 17:38:32,Extravaganzza,1,20.99,Large,Toujours Plus
2026-02-12 17:38:32,Chèvre-Miel,1,21.99,XL,Les Iconiques
2026-02-12 17:42:00,Royale Veggie,2,37.98,Large,Les Gourmandes Veggies
2026-02-12 17:42:00,Crispy Cannibale,2,47.98,XL,Les Originales
2026-02-12 17:56:55,Ultimate Meat,1,17.99,Medium,Toujours Plus
2026-02-12 17:56:55,Hawaïenne Jambon,1,20.99,XL,Les Grands Classiques
2026-02-12 17:59:55,Kebab and Spicy,1,21.99,XL,Les Originales
2026-02-12 18:14:11,Originale Pepperoni,1,15.99,Large,Les Bons Plans
2026-02-12 18:25:21,Hawaïenne Jambon,1,17.99,Large,Les Grands Classiques
2026-02-12 18:25:21,Cannibale,1,23.49,XL,Les Iconiques
2026-02-12 18:27:56,Pêcheur,1,18.99,Large,Les Grands Classiques
2026-02-12 18:27:56,Originale Pepperoni,1,18.99,XL,Les Bons Plans
2026-02-12 19:04:06,Chicken BBQ,1,18.99,Large,Les Grands Classiques
2026-02-12 19:04:06,Margherita,1,12.99,Medium,Les Bons Plans
2026-02-12 19:09:56,Extravaganzza,1,20.99,Large,Toujours Plus
2026-02-12 19:09:56,Chèvre-Miel,1,21.99,XL,Les Iconiques
2026-02-12 19:09:56,Urban Kebab,1,17.49,Medium,Les Originales
2026-02-12 20:01:13,Chicken BBQ,1,15.99,Medium,Les Grands Classiques
2026-02-12 20:01:13,Chicken Delight,1,21.99,XL,Les Originales
2026-02-12 20:01:13,Urban Kebab,1,23.49,XL,Les Originales
2026-02-12 20:01:13,Kebab and Spicy,1,21.99,XL,Les Originales
2026-02-12 20:14:33,Rocket Veggie,1,18.99,XL,Les Gourmandes Veggies
2026-02-12 20:25:21,Super Veggie,1,20.49,Large,Les Gourmandes Veggies
2026-02-12 20:25:21,Super Veggie,1,17.49,Medium,Les Gourmandes Veggies
2026-02-12 20:39:09,Pepperoni Party,1,20.49,Large,Les Iconiques
2026-02-12 20:39:09,Cheesy and Veggie,1,14.99,Medium,Les Gourmandes Veggies
2026-02-12 21:43:21,Ultimate Meat,1,17.99,Medium,Toujours Plus
2026-02-12 22:02:05,Pepperoni Party,1,20.49,Large,Les Iconiques
2026-02-12 22:02:05,Originale Pepperoni,1,15.99,Large,Les Bons Plans
2026-02-12 22:02:05,Urban Kebab,1,17.49,Medium,Les Originales
2026-02-12 22:02:05,Peppina Vegan,1,16.99,Medium,Les Vegans
2026-02-12 22:54:43,Extravaganzza,1,17.99,Medium,Toujours Plus
2026-02-12 22:54:43,Steak and Cheese,1,17.99,Large,Les Grands Classiques
2026-02-13 11:25:30,Steak and Cheese,1,20.99,XL,Les Grands Classiques
2026-02-13 11:27:46,Indienne,1,18.99,Large,Les Grands Classiques
2026-02-13 11:27:46,Royale Veggie,1,21.99,XL,Les Gourmandes Veggies
2026-02-13 11:27:46,Cannibale,1,23.49,XL,Les Iconiques
2026-02-13 11:27:46,Kebab and Spicy,1,21.99,XL,Les Originales
2026-02-13 11:31:11,Bacon Groovy,1,23.49,XL,Les Iconiques
2026-02-13 11:37:51,Pêcheur,1,21.99,XL,Les Grands Classiques
2026-02-13 11:52:09,Beef and Cheddar,1,20.99,Large,Éditions Limitées
2026-02-13 11:52:09,Peppina Vegan,1,16.99,Medium,Les Vegans
2026-02-13 11:53:11,Bacon Groovy,1,23.49,XL,Les Iconiques
2026-02-13 12:03:27,Ultimate Meat,1,17.99,Medium,Toujours Plus
2026-02-13 12:03:27,Diavola Haché au bœuf,1,18.99,Large,Les Originales
2026-02-13 12:03:27,Cannibale,1,23.49,XL,Les Iconiques
2026-02-13 12:10:01,Chicken Delight,1,18.99,Large,Les Originales
2026-02-13 12:10:01,Indienne,1,21.99,XL,Les Grands Classiques
2026-02-13 12:10:01,Indienne,1,18.99,Large,Les Grands Classiques
2026-02-13 12:10:01,Chèvre-Miel,1,21.99,XL,Les Iconiques
2026-02-13 12:10:01,Pepperoni Party,1,20.49,Large,Les Iconiques
2026-02-13 12:10:01,Originale Pepperoni,1,18.99,XL,Les Bons Plans
2026-02-13 12:10:01,Cannibale,1,20.49,Large,Les Iconiques
2026-02-13 12:10:01,Urban Kebab,1,17.49,Medium,Les Originales
2026-02-13 12:22:43,Chicken BBQ,1,21.99,XL,Les Grands Classiques
2026-02-13 12:33:36,Chicken BBQ,2,43.98,XL,Les Grands Classiques
2026-02-13 12:33:36,Peppina,1,19.99,Large,Les Gourmandes Veggies
2026-02-13 12:33:36,Originale Pepperoni,1,15.99,Large,Les Bons Plans
2026-02-13 12:46:15,Urban Kebab,1,23.49,XL,Les Originales
2026-02-13 12:56:00,Chicken BBQ,1,21.99,XL,Les Grands Classiques
2026-02-13 12:56:00,Chicken Delight,1,18.99,Large,Les Originales
2026-02-13 13:00:12,Pêcheur,1,18.99,Large,Les Grands Classiques
2026-02-13 13:11:19,Kebab and Spicy,1,21.99,XL,Les Originales
2026-02-13 13:12:42,Chicken BBQ,1,21.99,XL,Les Grands Classiques
2026-02-13 13:12:42,Ultimate Meat,1,17.99,Medium,Toujours Plus
2026-02-13 13:12:42,Hawaïenne Jambon,1,14.99,Medium,Les Grands Classiques
2026-02-13 13:12:42,Peppina,1,22.99,XL,Les Gourmandes Veggies
2026-02-13 13:17:50,Originale Pepperoni,1,12.99,Medium,Les Bons Plans
2026-02-13 13:22:38,Divine 3 Fromages,1,21.99,XL,Éditions Limitées
2026-02-13 13:43:11,Chicken BBQ,1,21.99,XL,Les Grands Classiques
2026-02-13 13:43:11,Ultimate Meat,1,17.99,Medium,Toujours Plus
2026-02-13 13:43:11,Diavola Haché au bœuf,1,18.99,Large,Les Originales
2026-02-13 13:43:11,Chicken Delight,1,21.99,XL,Les Originales
2026-02-13 13:43:11,Super Veggie,1,17.49,Medium,Les Gourmandes Veggies
2026-02-13 13:43:11,Forestière,1,20.49,Large,Les Grands Classiques
2026-02-13 13:43:11,Pêcheur,1,21.99,XL,Les Grands Classiques
2026-02-13 13:43:11,Urban Kebab,3,61.47,Large,Les Originales
2026-02-13 13:43:11,Kebab and Spicy,1,15.99,Medium,Les Originales
2026-02-13 13:43:11,Chicken and Cheddar,1,23.49,XL,Éditions Limitées
2026-02-13 13:43:11,Chicken and Cheddar,1,20.49,Large,Éditions Limitées
2026-02-13 13:43:11,Hawaïenne Poulet,1,20.99,XL,Les Grands Classiques
2026-02-13 13:46:46,Ultimate Meat,1,17.99,Medium,Toujours Plus
2026-02-13 13:46:46,Forestière,1,17.49,Medium,Les Grands Classiques
2026-02-13 13:52:26,Steak and Cheese,1,20.99,XL,Les Grands Classiques
2026-02-13 13:54:55,Royale Veggie,1,21.99,XL,Les Gourmandes Veggies
2026-02-13 13:54:55,Cannibale,1,20.49,Large,Les Iconiques
2026-02-13 13:59:40,Extravaganzza,1,23.99,XL,Toujours Plus
2026-02-13 13:59:40,Cheesy and Veggie,1,20.99,XL,Les Gourmandes Veggies
2026-02-13 13:59:40,Peppina Vegan,1,19.99,Large,Les Vegans
2026-02-13 14:38:42,Chicken BBQ,1,21.99,XL,Les Grands Classiques
2026-02-13 14:46:51,Super Veggie,1,20.49,Large,Les Gourmandes Veggies
2026-02-13 14:46:51,Pepperoni Party,1,17.49,Medium,Les Iconiques
2026-02-13 14:53:46,Margherita,1,15.99,Large,Les Bons Plans
2026-02-13 15:00:24,Forestière,1,17.49,Medium,Les Grands Classiques
2026-02-13 15:34:03,Forestière,1,20.49,Large,Les Grands Classiques
2026-02-13 16:06:27,Bacon Groovy,1,23.49,XL,Les Iconiques
2026-02-13 16:06:27,Divine 3 Fromages,1,21.99,XL,Éditions Limitées
2026-02-13 16:06:27,Margherita,1,12.99,Medium,Les Bons Plans
2026-02-13 16:08:36,Pêcheur,1,15.99,Medium,Les Grands Classiques
2026-02-13 16:21:18,Extravaganzza,1,20.99,Large,Toujours Plus
2026-02-13 16:21:18,Beef and Cheddar,1,20.99,Large,Éditions Limitées
2026-02-13 16:23:52,Hawaïenne Jambon,1,20.99,XL,Les Grands Classiques
2026-02-13 16:23:52,Pêcheur,1,21.99,XL,Les Grands Classiques
2026-02-13 16:23:52,Kebab and Spicy,1,18.99,Large,Les Originales
2026-02-13 16:23:52,Margherita,1,12.99,Medium,Les Bons Plans
2026-02-13 16:49:57,Chicken Delight,1,21.99,XL,Les Originales
2026-02-13 16:49:57,Kebab and Spicy,1,21.99,XL,Les Originales
2026-02-13 16:49:57,Hawaïenne Poulet,1,20.99,XL,Les Grands Classiques
2026-02-13 16:49:57,Steak and Cheese,1,20.99,XL,Les Grands Classiques
2026-02-13 16:50:09,Originale Pepperoni,1,18.99,XL,Les Bons Plans
2026-02-13 16:50:09,Algérienne,1,21.99,XL,Les Grands Classiques
2026-02-13 16:57:02,Ultimate Meat,1,17.99,Medium,Toujours Plus
2026-02-13 16:57:02,Super Veggie,1,17.49,Medium,Les Gourmandes Veggies
2026-02-13 16:57:02,Originale Pepperoni,1,18.99,XL,Les Bons Plans
2026-02-13 16:57:02,Steak and Cheese,1,20.99,XL,Les Grands Classiques
2026-02-13 17:07:10,Urban Kebab,1,23.49,XL,Les Originales
2026-02-13 17:15:17,Crispy Cannibale,1,17.99,Medium,Les Originales
2026-02-13 17:15:17,Beef and Cheddar,1,17.99,Medium,Éditions Limitées
2026-02-13 17:15:17,Hawaïenne Poulet,1,20.99,XL,Les Grands Classiques
2026-02-13 17:19:26,Ultimate Meat,1,17.99,Medium,Toujours Plus
2026-02-13 17:19:26,Super Veggie,1,17.49,Medium,Les Gourmandes Veggies
2026-02-13 17:19:26,Originale Pepperoni,1,15.99,Large,Les Bons Plans
2026-02-13 17:19:26,Crispy Cannibale,1,17.99,Medium,Les Originales
2026-02-13 17:24:48,Extravaganzza,1,23.99,XL,Toujours Plus
2026-02-13 17:24:48,Pepperoni Party,1,20.49,Large,Les Iconiques
2026-02-13 17:37:46,Originale Pepperoni,1,18.99,XL,Les Bons Plans
2026-02-13 17:37:46,Originale Pepperoni,1,15.99,Large,Les Bons Plans
2026-02-13 17:37:46,Urban Kebab,1,17.49,Medium,Les Originales
2026-02-13 17:37:46,Kebab and Spicy,1,21.99,XL,Les Originales
2026-02-13 18:01:27,Chèvre-Miel,1,21.99,XL,Les Iconiques
2026-02-13 18:01:27,Originale Pepperoni,1,15.99,Large,Les Bons Plans
2026-02-13 18:09:55,Originale Pepperoni,1,18.99,XL,Les Bons Plans
2026-02-13 18:10:11,Diavola Pepperoni,1,18.99,Large,Les Originales
2026-02-13 18:17:35,Chicken BBQ,1,21.99,XL,Les Grands Classiques
2026-02-13 18:27:27,Indienne,1,21.99,XL,Les Grands Classiques
2026-02-13 18:27:27,Cannibale,1,17.49,Medium,Les Iconiques
2026-02-13 18:27:27,Hawaïenne Poulet,1,20.99,XL,Les Grands Classiques
2026-02-13 18:38:55,Algérienne,1,18.99,Large,Les Grands Classiques
2026-02-13 18:38:55,Hawaïenne Poulet,1,14.99,Medium,Les Grands Classiques
2026-02-13 19:21:23,Chicken BBQ,1,21.99,XL,Les Grands Classiques
2026-02-13 19:52:22,Ultimate Meat,1,17.99,Medium,Toujours Plus
2026-02-13 19:52:22,Chèvre-Miel,1,21.99,XL,Les Iconiques
2026-02-13 19:52:22,Forestière,1,20.49,Large,Les Grands Classiques
2026-02-13 19:52:22,Hawaïenne Poulet,1,17.99,Large,Les Grands Classiques
2026-02-13 20:02:53,Hawaïenne Jambon,1,20.99,XL,Les Grands Classiques
2026-02-13 20:08:34,Hawaïenne Jambon,1,14.99,Medium,Les Grands Classiques
2026-02-13 20:08:34,Hawaïenne Poulet,1,20.99,XL,Les Grands Classiques
2026-02-13 20:22:27,Extravaganzza,1,20.99,Large,Toujours Plus
2026-02-13 20:22:27,Hawaïenne Jambon,1,14.99,Medium,Les Grands Classiques
2026-02-13 20:22:27,Algérienne,1,21.99,XL,Les Grands Classiques
2026-02-13 20:26:18,Chicken Delight,1,21.99,XL,Les Originales
2026-02-13 20:26:18,Chicken and Cheddar,1,17.49,Medium,Éditions Limitées
2026-02-13 20:29:23,Ultimate Meat,1,17.99,Medium,Toujours Plus
2026-02-13 20:45:14,4 Fromages,1,17.49,Medium,Les Iconiques
2026-02-13 20:45:14,Forestière,1,20.49,Large,Les Grands Classiques
2026-02-13 20:45:14,Crispy Cannibale,1,20.99,Large,Les Originales
2026-02-13 20:45:14,Kebab and Spicy,1,21.99,XL,Les Originales
2026-02-13 20:48:10,Chicken BBQ,1,15.99,Medium,Les Grands Classiques
2026-02-13 20:48:10,Ultimate Meat,1,17.99,Medium,Toujours Plus
2026-02-13 20:48:10,Chicken Delight,1,15.99,Medium,Les Originales
2026-02-13 20:52:50,Hawaïenne Jambon,1,14.99,Medium,Les Grands Classiques
2026-02-13 20:52:50,Chicken and Cheddar,1,20.49,Large,Éditions Limitées
2026-02-13 20:52:50,Hawaïenne Poulet,1,17.99,Large,Les Grands Classiques
2026-02-13 20:55:07,Chicken Delight,1,15.99,Medium,Les Originales
2026-02-13 20:55:07,Bacon Groovy,1,23.49,XL,Les Iconiques
2026-02-13 20:55:07,Originale Pepperoni,1,18.99,XL,Les Bons Plans
2026-02-13 20:55:07,Kebab and Spicy,1,18.99,Large,Les Originales
2026-02-13 20:59:54,Chicken Delight,1,21.99,XL,Les Originales
2026-02-13 21:00:56,Hawaïenne Jambon,1,17.99,Large,Les Grands Classiques
2026-02-13 21:03:23,4 Fromages,1,17.49,Medium,Les Iconiques
2026-02-13 21:03:23,Chèvre-Miel,1,21.99,XL,Les Iconiques
2026-02-13 21:05:06,Peppina,1,19.99,Large,Les Gourmandes Veggies
2026-02-13 21:05:06,Diavola Pepperoni,1,21.99,XL,Les Originales
2026-02-13 21:34:36,Diavola Pepperoni,1,18.99,Large,Les Originales
2026-02-13 21:34:36,Urban Kebab,1,23.49,XL,Les Originales
2026-02-13 21:34:36,Steak and Cheese,1,20.99,XL,Les Grands Classiques
2026-02-13 21:34:36,Peppina Vegan,1,16.99,Medium,Les Vegans
2026-02-13 21:36:02,Ultimate Meat,1,17.99,Medium,Toujours Plus
2026-02-13 21:46:22,Pepperoni Party,1,20.49,Large,Les Iconiques
2026-02-13 21:46:22,Royale Veggie,1,21.99,XL,Les Gourmandes Veggies
2026-02-13 21:59:50,Diavola Pepperoni,1,15.99,Medium,Les Originales
2026-02-13 22:00:43,Chicken Delight,1,15.99,Medium,Les Originales
2026-02-13 22:00:43,Chèvre-Miel,1,21.99,XL,Les Iconiques
2026-02-13 22:02:38,Chicken Delight,1,15.99,Medium,Les Originales
2026-02-13 22:09:27,Chicken Delight,1,18.99,Large,Les Originales
2026-02-13 22:09:27,Royale Veggie,1,21.99,XL,Les Gourmandes Veggies
2026-02-13 22:22:32,Pepperoni Party,1,23.49,XL,Les Iconiques
2026-02-13 22:22:32,Beef and Cheddar,1,23.99,XL,Éditions Limitées
2026-02-13 22:24:52,Pêcheur,1,15.99,Medium,Les Grands Classiques
2026-02-13 22:24:52,Algérienne,1,21.99,XL,Les Grands Classiques
2026-02-13 22:38:02,Diavola Haché au bœuf,1,18.99,Large,Les Originales
2026-02-13 22:38:02,Cannibale,1,20.49,Large,Les Iconiques
2026-02-13 22:41:26,Chicken BBQ,1,18.99,Large,Les Grands Classiques
2026-02-14 11:48:35,Crispy Cannibale,1,20.99,Large,Les Originales
2026-02-14 11:48:35,Kebab and Spicy,1,21.99,XL,Les Originales
2026-02-14 12:10:23,Royale Veggie,1,21.99,XL,Les Gourmandes Veggies
2026-02-14 12:22:58,Pêcheur,1,15.99,Medium,Les Grands Classiques
2026-02-14 12:22:58,Steak and Cheese,1,17.99,Large,Les Grands Classiques
2026-02-14 12:42:49,Algérienne,1,21.99,XL,Les Grands Classiques
2026-02-14 13:13:51,Chèvre-Miel,1,21.99,XL,Les Iconiques
2026-02-14 13:13:51,Cannibale,1,20.49,Large,Les Iconiques
2026-02-14 13:13:51,Kebab and Spicy,1,15.99,Medium,Les Originales
2026-02-14 13:13:51,Peppina Vegan,2,39.98,Large,Les Vegans
2026-02-14 13:17:44,Royale Veggie,1,21.99,XL,Les Gourmandes Veggies
2026-02-14 14:05:30,Ultimate Meat,1,17.99,Medium,Toujours Plus
2026-02-14 14:05:30,Super Veggie,1,17.49,Medium,Les Gourmandes Veggies
2026-02-14 14:07:03,Algérienne,1,15.99,Medium,Les Grands Classiques
2026-02-14 14:15:01,Peppina Vegan,1,16.99,Medium,Les Vegans
2026-02-14 14:41:49,Chicken BBQ,1,21.99,XL,Les Grands Classiques
2026-02-14 14:41:49,Chicken Delight,1,15.99,Medium,Les Originales
2026-02-14 14:41:49,Extravaganzza,1,20.99,Large,Toujours Plus
2026-02-14 14:41:49,Divine 3 Fromages,1,21.99,XL,Éditions Limitées
2026-02-14 14:41:49,Pepperoni Party,1,23.49,XL,Les Iconiques
2026-02-14 14:41:49,Pepperoni Party,1,20.49,Large,Les Iconiques
2026-02-14 14:41:49,Royale Veggie,1,21.99,XL,Les Gourmandes Veggies
2026-02-14 14:41:49,Diavola Pepperoni,1,18.99,Large,Les Originales
2026-02-14 14:41:49,Urban Kebab,1,17.49,Medium,Les Originales
2026-02-14 14:41:49,Algérienne,1,21.99,XL,Les Grands Classiques
2026-02-14 14:41:49,Chicken and Cheddar,2,40.98,Large,Éditions Limitées
2026-02-14 14:41:49,Steak and Cheese,1,20.99,XL,Les Grands Classiques
2026-02-14 14:41:49,Peppina Vegan,1,19.99,Large,Les Vegans
2026-02-14 14:41:49,Peppina Vegan,1,16.99,Medium,Les Vegans
2026-02-14 15:17:34,Forestière,1,20.49,Large,Les Grands Classiques
2026-02-14 15:27:42,4 Fromages,1,17.49,Medium,Les Iconiques
2026-02-14 15:27:42,Chicken Delight,1,18.99,Large,Les Originales
2026-02-14 15:27:42,Pepperoni Party,1,17.49,Medium,Les Iconiques
2026-02-14 15:27:42,Hawaïenne Poulet,1,14.99,Medium,Les Grands Classiques
2026-02-14 15:47:53,Chicken BBQ,1,21.99,XL,Les Grands Classiques
2026-02-14 16:01:35,Hawaïenne Poulet,1,20.99,XL,Les Grands Classiques
2026-02-14 16:10:21,Chicken Delight,1,18.99,Large,Les Originales
2026-02-14 16:39:19,Hawaïenne Poulet,1,20.99,XL,Les Grands Classiques
2026-02-14 16:40:26,Urban Kebab,1,23.49,XL,Les Originales
2026-02-14 16:56:35,Diavola Haché au bœuf,1,18.99,Large,Les Originales
2026-02-14 16:56:35,Originale Pepperoni,1,12.99,Medium,Les Bons Plans
2026-02-14 17:02:18,Indienne,1,18.99,Large,Les Grands Classiques
2026-02-14 17:15:58,Diavola Pepperoni,1,15.99,Medium,Les Originales
2026-02-14 17:15:58,Margherita,1,12.99,Medium,Les Bons Plans
2026-02-14 17:23:06,Forestière,1,23.49,XL,Les Grands Classiques
2026-02-14 17:31:20,Diavola Pepperoni,1,15.99,Medium,Les Originales
2026-02-14 17:43:28,Chicken BBQ,1,21.99,XL,Les Grands Classiques
2026-02-14 17:48:59,Algérienne,1,21.99,XL,Les Grands Classiques
2026-02-14 17:48:59,Peppina Vegan,1,16.99,Medium,Les Vegans
2026-02-14 17:49:26,Chicken BBQ,1,15.99,Medium,Les Grands Classiques
2026-02-14 17:49:26,Diavola Pepperoni,1,15.99,Medium,Les Originales
2026-02-14 17:52:15,Chèvre-Miel,1,21.99,XL,Les Iconiques
2026-02-14 17:55:07,Ultimate Meat,1,17.99,Medium,Toujours Plus
2026-02-14 17:55:07,Super Veggie,1,17.49,Medium,Les Gourmandes Veggies
2026-02-14 17:55:07,Hawaïenne Jambon,1,14.99,Medium,Les Grands Classiques
2026-02-14 17:55:07,Forestière,1,20.49,Large,Les Grands Classiques
2026-02-14 18:01:21,Diavola Haché au bœuf,1,21.99,XL,Les Originales
2026-02-14 18:01:21,Forestière,1,17.49,Medium,Les Grands Classiques
2026-02-14 18:01:21,Royale Veggie,1,18.99,Large,Les Gourmandes Veggies
2026-02-14 18:01:21,Beef and Cheddar,1,17.99,Medium,Éditions Limitées
2026-02-14 18:10:04,Diavola Haché au bœuf,1,21.99,XL,Les Originales
2026-02-14 18:15:16,Chicken BBQ,1,21.99,XL,Les Grands Classiques
2026-02-14 18:15:16,Chicken Delight,1,15.99,Medium,Les Originales
2026-02-14 18:32:58,Hawaïenne Jambon,1,20.99,XL,Les Grands Classiques
2026-02-14 18:32:58,Urban Kebab,1,23.49,XL,Les Originales
2026-02-14 18:32:58,Steak and Cheese,1,20.99,XL,Les Grands Classiques
2026-02-14 18:43:18,Hawaïenne Jambon,1,17.99,Large,Les Grands Classiques
2026-02-14 18:43:18,Royale Veggie,1,18.99,Large,Les Gourmandes Veggies
2026-02-14 18:43:18,Beef and Cheddar,1,23.99,XL,Éditions Limitées
2026-02-14 18:43:18,Kebab and Spicy,1,15.99,Medium,Les Originales
2026-02-14 18:43:20,Bacon Groovy,1,23.49,XL,Les Iconiques
2026-02-14 18:43:20,Cheesy and Veggie,1,14.99,Medium,Les Gourmandes Veggies
2026-02-14 18:44:17,Chèvre-Miel,1,18.99,Large,Les Iconiques
2026-02-14 18:44:17,Royale Veggie,1,18.99,Large,Les Gourmandes Veggies
2026-02-14 18:44:17,Urban Kebab,1,20.49,Large,Les Originales
2026-02-14 18:44:17,Hawaïenne Poulet,1,20.99,XL,Les Grands Classiques
2026-02-14 18:47:34,Extravaganzza,1,20.99,Large,Toujours Plus
2026-02-14 18:47:34,Divine 3 Fromages,1,21.99,XL,Éditions Limitées
2026-02-14 18:47:34,Super Veggie,1,17.49,Medium,Les Gourmandes Veggies
2026-02-14 18:47:34,Rocket Veggie,1,15.99,Large,Les Gourmandes Veggies
2026-02-14 18:53:37,Pepperoni Party,1,23.49,XL,Les Iconiques
2026-02-14 18:54:29,Diavola Haché au bœuf,1,21.99,XL,Les Originales
2026-02-14 18:54:29,Extravaganzza,1,23.99,XL,Toujours Plus
2026-02-14 18:54:29,Algérienne,1,18.99,Large,Les Grands Classiques
2026-02-14 19:11:09,Kebab and Spicy,1,21.99,XL,Les Originales
2026-02-14 19:11:21,Algérienne,1,21.99,XL,Les Grands Classiques
2026-02-14 19:34:31,Ultimate Meat,1,17.99,Medium,Toujours Plus
2026-02-14 19:34:31,Divine 3 Fromages,1,21.99,XL,Éditions Limitées
2026-02-14 19:34:31,Royale Veggie,1,15.99,Medium,Les Gourmandes Veggies
2026-02-14 19:34:31,Algérienne,1,21.99,XL,Les Grands Classiques
2026-02-14 19:35:44,Peppina,1,19.99,Large,Les Gourmandes Veggies
2026-02-14 19:35:46,Extravaganzza,1,20.99,Large,Toujours Plus
2026-02-14 19:35:46,Pepperoni Party,1,23.49,XL,Les Iconiques
2026-02-14 19:35:46,Diavola Pepperoni,1,15.99,Medium,Les Originales
2026-02-14 19:35:46,Hawaïenne Poulet,1,20.99,XL,Les Grands Classiques
2026-02-14 19:40:04,Chicken Delight,1,21.99,XL,Les Originales
2026-02-14 19:40:04,Chèvre-Miel,1,21.99,XL,Les Iconiques
2026-02-14 19:40:04,Hawaïenne Jambon,1,20.99,XL,Les Grands Classiques
2026-02-14 19:40:04,Cannibale,1,17.49,Medium,Les Iconiques
2026-02-14 19:44:58,Chèvre-Miel,1,21.99,XL,Les Iconiques
2026-02-14 19:44:58,Super Veggie,1,17.49,Medium,Les Gourmandes Veggies
2026-02-14 19:44:58,Pepperoni Party,1,20.49,Large,Les Iconiques
2026-02-14 19:44:58,Royale Veggie,1,18.99,Large,Les Gourmandes Veggies
2026-02-14 20:00:00,Indienne,1,18.99,Large,Les Grands Classiques
2026-02-14 20:00:00,Super Veggie,1,23.49,XL,Les Gourmandes Veggies
2026-02-14 20:00:00,Algérienne,1,15.99,Medium,Les Grands Classiques
2026-02-14 20:00:00,Steak and Cheese,1,20.99,XL,Les Grands Classiques
2026-02-14 20:00:33,Chèvre-Miel,1,21.99,XL,Les Iconiques
2026-02-14 20:00:33,Originale Pepperoni,1,12.99,Medium,Les Bons Plans
2026-02-14 20:00:33,Crispy Cannibale,1,17.99,Medium,Les Originales
2026-02-14 20:00:33,Chicken and Cheddar,1,20.49,Large,Éditions Limitées
2026-02-14 20:52:05,Pepperoni Party,1,17.49,Medium,Les Iconiques
2026-02-14 20:52:05,Steak and Cheese,1,17.99,Large,Les Grands Classiques
2026-02-14 21:08:21,Diavola Haché au bœuf,1,18.99,Large,Les Originales
2026-02-14 21:08:21,Peppina,1,19.99,Large,Les Gourmandes Veggies
2026-02-14 21:22:31,Pepperoni Party,1,20.49,Large,Les Iconiques
2026-02-14 21:31:51,Beef and Cheddar,1,17.99,Medium,Éditions Limitées
2026-02-14 21:31:51,Kebab and Spicy,1,15.99,Medium,Les Originales
2026-02-14 21:31:51,Steak and Cheese,1,20.99,XL,Les Grands Classiques
2026-02-14 21:31:51,Peppina Vegan,1,19.99,Large,Les Vegans
2026-02-14 21:33:46,Chicken BBQ,1,18.99,Large,Les Grands Classiques
2026-02-14 21:33:46,Chicken BBQ,1,15.99,Medium,Les Grands Classiques
2026-02-14 21:33:46,Forestière,1,23.49,XL,Les Grands Classiques
2026-02-14 21:58:09,Super Veggie,1,20.49,Large,Les Gourmandes Veggies
2026-02-14 21:58:09,Royale Veggie,1,21.99,XL,Les Gourmandes Veggies
2026-02-14 21:58:09,Steak and Cheese,1,20.99,XL,Les Grands Classiques
2026-02-14 22:16:39,Chicken BBQ,1,18.99,Large,Les Grands Classiques
2026-02-14 22:16:39,Diavola Haché au bœuf,1,18.99,Large,Les Originales
2026-02-14 22:16:39,Royale Veggie,1,21.99,XL,Les Gourmandes Veggies
2026-02-14 22:16:39,Cheesy and Veggie,1,20.99,XL,Les Gourmandes Veggies
2026-02-14 22:22:46,Chicken Delight,1,21.99,XL,Les Originales
2026-02-14 22:22:46,Chicken and Cheddar,1,20.49,Large,Éditions Limitées
2026-02-14 22:29:54,Chicken BBQ,1,21.99,XL,Les Grands Classiques
2026-02-14 22:29:57,Divine 3 Fromages,1,21.99,XL,Éditions Limitées
2026-02-14 22:52:37,Chicken BBQ,1,18.99,Large,Les Grands Classiques
2026-02-14 22:52:37,Hawaïenne Jambon,1,14.99,Medium,Les Grands Classiques
2026-02-14 22:52:37,Originale Pepperoni,2,25.98,Medium,Les Bons Plans
2026-02-15 11:35:24,Originale Pepperoni,1,18.99,XL,Les Bons Plans
2026-02-15 11:48:59,Chicken Delight,1,15.99,Medium,Les Originales
2026-02-15 11:48:59,Extravaganzza,1,20.99,Large,Toujours Plus
2026-02-15 11:48:59,Peppina Vegan,1,22.99,XL,Les Vegans
2026-02-15 11:52:00,Chicken BBQ,1,21.99,XL,Les Grands Classiques
2026-02-15 11:52:00,Diavola Haché au bœuf,1,18.99,Large,Les Originales
2026-02-15 11:52:00,Indienne,1,15.99,Medium,Les Grands Classiques
2026-02-15 11:52:00,Hawaïenne Jambon,1,20.99,XL,Les Grands Classiques
2026-02-15 11:52:00,Pepperoni Party,1,23.49,XL,Les Iconiques
2026-02-15 11:52:00,Pêcheur,1,18.99,Large,Les Grands Classiques
2026-02-15 11:52:00,Crispy Cannibale,1,20.99,Large,Les Originales
2026-02-15 11:52:00,Cannibale,1,20.49,Large,Les Iconiques
2026-02-15 11:52:00,Urban Kebab,1,20.49,Large,Les Originales
2026-02-15 11:52:00,Algérienne,1,21.99,XL,Les Grands Classiques
2026-02-15 11:52:00,Kebab and Spicy,1,21.99,XL,Les Originales
2026-02-15 11:52:00,Cheesy and Veggie,1,17.99,Large,Les Gourmandes Veggies
2026-02-15 11:52:00,Steak and Cheese,1,17.99,Large,Les Grands Classiques
2026-02-15 11:54:55,Ultimate Meat,1,17.99,Medium,Toujours Plus
2026-02-15 11:56:33,Forestière,1,20.49,Large,Les Grands Classiques
2026-02-15 11:56:33,Cannibale,1,23.49,XL,Les Iconiques
2026-02-15 12:12:02,Diavola Haché au bœuf,1,18.99,Large,Les Originales
2026-02-15 12:12:02,Indienne,1,18.99,Large,Les Grands Classiques
2026-02-15 13:29:30,Hawaïenne Poulet,1,20.99,XL,Les Grands Classiques
2026-02-15 13:53:02,Hawaïenne Poulet,1,17.99,Large,Les Grands Classiques
2026-02-15 13:54:31,Urban Kebab,1,20.49,Large,Les Originales
2026-02-15 14:16:54,Ultimate Meat,1,17.99,Medium,Toujours Plus
2026-02-15 14:16:54,Chèvre-Miel,1,18.99,Large,Les Iconiques
2026-02-15 14:16:54,Pepperoni Party,1,23.49,XL,Les Iconiques
2026-02-15 14:16:54,Pepperoni Party,1,17.49,Medium,Les Iconiques
2026-02-15 14:40:34,Bacon Groovy,1,23.49,XL,Les Iconiques
2026-02-15 14:40:34,Chèvre-Miel,1,21.99,XL,Les Iconiques
2026-02-15 14:51:01,Hawaïenne Poulet,1,20.99,XL,Les Grands Classiques
2026-02-15 14:53:31,Diavola Haché au bœuf,1,18.99,Large,Les Originales
2026-02-15 14:53:31,Extravaganzza,1,20.99,Large,Toujours Plus
2026-02-15 14:53:31,Forestière,1,23.49,XL,Les Grands Classiques
2026-02-15 14:53:31,Peppina,1,16.99,Medium,Les Gourmandes Veggies
2026-02-15 15:11:36,Chicken BBQ,1,21.99,XL,Les Grands Classiques
2026-02-15 15:11:36,Rocket Veggie,1,18.99,XL,Les Gourmandes Veggies
2026-02-15 15:11:36,Algérienne,1,18.99,Large,Les Grands Classiques
2026-02-15 15:19:05,Ultimate Meat,1,17.99,Medium,Toujours Plus
2026-02-15 15:19:05,Margherita,1,15.99,Large,Les Bons Plans
2026-02-15 15:57:57,Chicken Delight,1,18.99,Large,Les Originales
2026-02-15 16:29:16,Algérienne,1,15.99,Medium,Les Grands Classiques
2026-02-15 16:32:41,Indienne,1,18.99,Large,Les Grands Classiques
2026-02-15 16:32:41,Urban Kebab,1,20.49,Large,Les Originales
2026-02-15 16:39:02,Originale Pepperoni,1,15.99,Large,Les Bons Plans
2026-02-15 16:39:02,Originale Pepperoni,1,12.99,Medium,Les Bons Plans
2026-02-15 16:51:56,Cheesy and Veggie,1,17.99,Large,Les Gourmandes Veggies
2026-02-15 16:51:56,Hawaïenne Poulet,1,14.99,Medium,Les Grands Classiques
2026-02-15 16:54:36,Extravaganzza,1,20.99,Large,Toujours Plus
2026-02-15 17:01:46,Peppina,1,19.99,Large,Les Gourmandes Veggies
2026-02-15 17:01:46,Margherita,1,12.99,Medium,Les Bons Plans
2026-02-15 17:07:31,Originale Pepperoni,1,15.99,Large,Les Bons Plans
2026-02-15 17:10:49,Chicken Delight,1,21.99,XL,Les Originales
2026-02-15 17:10:49,Cannibale,1,23.49,XL,Les Iconiques
2026-02-15 17:10:49,Cannibale,1,17.49,Medium,Les Iconiques
2026-02-15 17:16:27,Royale Veggie,1,21.99,XL,Les Gourmandes Veggies
2026-02-15 17:16:27,Algérienne,1,21.99,XL,Les Grands Classiques
2026-02-15 17:21:12,Bacon Groovy,1,17.49,Medium,Les Iconiques
2026-02-15 17:21:37,Ultimate Meat,1,17.99,Medium,Toujours Plus
2026-02-15 17:21:37,Bacon Groovy,1,23.49,XL,Les Iconiques
2026-02-15 17:26:04,Hawaïenne Jambon,1,20.99,XL,Les Grands Classiques
2026-02-15 17:26:04,Hawaïenne Jambon,1,14.99,Medium,Les Grands Classiques
2026-02-15 17:26:04,Peppina,1,16.99,Medium,Les Gourmandes Veggies
2026-02-15 17:26:04,Algérienne,1,21.99,XL,Les Grands Classiques
2026-02-15 17:28:16,Pêcheur,1,18.99,Large,Les Grands Classiques
2026-02-15 17:29:20,Divine 3 Fromages,1,21.99,XL,Éditions Limitées
2026-02-15 17:29:20,Diavola Pepperoni,1,21.99,XL,Les Originales
2026-02-15 17:29:20,Originale Pepperoni,1,18.99,XL,Les Bons Plans
2026-02-15 17:29:20,Crispy Cannibale,1,17.99,Medium,Les Originales
2026-02-15 17:34:35,Chèvre-Miel,1,21.99,XL,Les Iconiques
2026-02-15 17:34:35,Pepperoni Party,1,20.49,Large,Les Iconiques
2026-02-15 17:34:35,Peppina Vegan,1,19.99,Large,Les Vegans
2026-02-15 17:42:41,4 Fromages,1,17.49,Medium,Les Iconiques
2026-02-15 17:42:41,Extravaganzza,1,17.99,Medium,Toujours Plus
2026-02-15 17:42:41,Royale Veggie,1,18.99,Large,Les Gourmandes Veggies
2026-02-15 17:49:17,Chicken Delight,1,18.99,Large,Les Originales
2026-02-15 17:49:17,Pêcheur,1,21.99,XL,Les Grands Classiques
2026-02-15 17:49:17,Algérienne,1,21.99,XL,Les Grands Classiques
2026-02-15 17:50:18,Chicken BBQ,1,15.99,Medium,Les Grands Classiques
2026-02-15 17:50:18,Chicken Delight,1,21.99,XL,Les Originales
2026-02-15 17:51:40,Ultimate Meat,1,17.99,Medium,Toujours Plus
2026-02-15 17:58:47,Bacon Groovy,1,23.49,XL,Les Iconiques
2026-02-15 17:58:47,Hawaïenne Poulet,1,14.99,Medium,Les Grands Classiques
2026-02-15 18:04:36,Chicken Delight,1,18.99,Large,Les Originales
2026-02-15 18:04:36,Originale Pepperoni,1,15.99,Large,Les Bons Plans
2026-02-15 18:04:36,Hawaïenne Poulet,1,20.99,XL,Les Grands Classiques
2026-02-15 18:50:04,Peppina Vegan,1,22.99,XL,Les Vegans
2026-02-15 18:50:06,Divine 3 Fromages,1,21.99,XL,Éditions Limitées
2026-02-15 18:50:06,Algérienne,1,21.99,XL,Les Grands Classiques
2026-02-15 18:50:06,Margherita,1,15.99,Large,Les Bons Plans
2026-02-15 18:50:06,Hawaïenne Poulet,1,20.99,XL,Les Grands Classiques
2026-02-15 18:54:43,Margherita,1,12.99,Medium,Les Bons Plans
2026-02-15 18:58:26,Extravaganzza,1,20.99,Large,Toujours Plus
2026-02-15 18:58:26,Urban Kebab,1,23.49,XL,Les Originales
2026-02-15 19:16:07,Ultimate Meat,1,17.99,Medium,Toujours Plus
2026-02-15 19:28:59,Divine 3 Fromages,1,21.99,XL,Éditions Limitées
2026-02-15 19:28:59,Kebab and Spicy,1,21.99,XL,Les Originales
2026-02-15 19:30:07,Chèvre-Miel,1,21.99,XL,Les Iconiques
2026-02-15 19:30:07,Crispy Cannibale,1,23.99,XL,Les Originales
2026-02-15 19:30:07,Urban Kebab,1,17.49,Medium,Les Originales
2026-02-15 19:45:33,Urban Kebab,1,17.49,Medium,Les Originales
2026-02-15 19:45:33,Algérienne,1,21.99,XL,Les Grands Classiques
2026-02-15 19:45:33,Peppina Vegan,1,16.99,Medium,Les Vegans
2026-02-15 19:59:22,Diavola Pepperoni,1,18.99,Large,Les Originales
2026-02-15 20:14:22,Forestière,1,23.49,XL,Les Grands Classiques
2026-02-15 20:14:22,Rocket Veggie,1,18.99,XL,Les Gourmandes Veggies
2026-02-15 20:41:38,Urban Kebab,1,20.49,Large,Les Originales
2026-02-15 20:41:38,Urban Kebab,1,17.49,Medium,Les Originales
2026-02-15 20:41:38,Algérienne,1,21.99,XL,Les Grands Classiques
2026-02-15 20:54:46,Cannibale,1,17.49,Medium,Les Iconiques
2026-02-15 21:02:21,Chicken BBQ,1,18.99,Large,Les Grands Classiques
2026-02-15 21:02:21,Pepperoni Party,1,20.49,Large,Les Iconiques
2026-02-15 21:02:21,Pêcheur,1,21.99,XL,Les Grands Classiques
2026-02-15 21:02:21,Originale Pepperoni,1,12.99,Medium,Les Bons Plans
2026-02-15 21:02:35,Super Veggie,1,20.49,Large,Les Gourmandes Veggies
2026-02-15 21:02:35,Super Veggie,1,17.49,Medium,Les Gourmandes Veggies
2026-02-15 21:02:35,Rocket Veggie,1,18.99,XL,Les Gourmandes Veggies
2026-02-15 21:02:35,Margherita,1,18.99,XL,Les Bons Plans
2026-02-15 21:02:44,Chicken BBQ,1,21.99,XL,Les Grands Classiques
2026-02-15 21:02:44,Extravaganzza,1,23.99,XL,Toujours Plus
2026-02-15 21:02:44,Divine 3 Fromages,1,21.99,XL,Éditions Limitées
2026-02-15 21:02:44,Peppina Vegan,1,19.99,Large,Les Vegans
2026-02-15 21:44:07,Extravaganzza,1,20.99,Large,Toujours Plus
2026-02-15 21:44:18,Indienne,1,18.99,Large,Les Grands Classiques
2026-02-15 21:44:18,Steak and Cheese,1,20.99,XL,Les Grands Classiques
2026-02-15 21:44:18,Peppina Vegan,1,19.99,Large,Les Vegans
2026-02-15 21:56:36,Peppina,1,16.99,Medium,Les Gourmandes Veggies
2026-02-16 11:20:37,Super Veggie,1,17.49,Medium,Les Gourmandes Veggies
2026-02-16 11:35:56,Extravaganzza,1,20.99,Large,Toujours Plus
2026-02-16 11:35:56,Chèvre-Miel,1,21.99,XL,Les Iconiques
2026-02-16 11:40:28,Rocket Veggie,1,18.99,XL,Les Gourmandes Veggies
2026-02-16 11:47:04,Ultimate Meat,1,17.99,Medium,Toujours Plus
2026-02-16 11:47:04,Hawaïenne Jambon,1,14.99,Medium,Les Grands Classiques
2026-02-16 11:47:04,Pepperoni Party,1,23.49,XL,Les Iconiques
2026-02-16 11:47:04,Diavola Pepperoni,1,15.99,Medium,Les Originales
2026-02-16 11:47:04,Originale Pepperoni,1,18.99,XL,Les Bons Plans
2026-02-16 11:47:04,Originale Pepperoni,1,12.99,Medium,Les Bons Plans
2026-02-16 11:47:04,Hawaïenne Poulet,2,41.98,XL,Les Grands Classiques
2026-02-16 11:47:04,Hawaïenne Poulet,1,17.99,Large,Les Grands Classiques
2026-02-16 11:47:04,Hawaïenne Poulet,1,14.99,Medium,Les Grands Classiques
2026-02-16 11:47:04,Peppina Vegan,1,22.99,XL,Les Vegans
2026-02-16 11:58:57,Algérienne,1,18.99,Large,Les Grands Classiques
2026-02-16 12:02:14,Algérienne,1,21.99,XL,Les Grands Classiques
2026-02-16 12:02:14,Cheesy and Veggie,1,14.99,Medium,Les Gourmandes Veggies
2026-02-16 12:16:21,Diavola Pepperoni,1,21.99,XL,Les Originales
2026-02-16 12:16:21,Cannibale,1,23.49,XL,Les Iconiques
2026-02-16 12:16:21,Peppina Vegan,1,16.99,Medium,Les Vegans
2026-02-16 12:17:18,Cannibale,1,20.49,Large,Les Iconiques
2026-02-16 12:18:19,Indienne,1,18.99,Large,Les Grands Classiques
2026-02-16 12:18:19,Bacon Groovy,1,17.49,Medium,Les Iconiques
2026-02-16 12:18:19,Divine 3 Fromages,1,21.99,XL,Éditions Limitées
2026-02-16 12:18:19,Chèvre-Miel,1,18.99,Large,Les Iconiques
2026-02-16 12:18:19,Hawaïenne Jambon,1,17.99,Large,Les Grands Classiques
2026-02-16 12:18:19,Pepperoni Party,1,20.49,Large,Les Iconiques
2026-02-16 12:18:19,Royale Veggie,1,21.99,XL,Les Gourmandes Veggies
2026-02-16 12:18:19,Pêcheur,1,21.99,XL,Les Grands Classiques
2026-02-16 12:18:19,Chicken and Cheddar,1,23.49,XL,Éditions Limitées
2026-02-16 12:23:23,Diavola Pepperoni,1,21.99,XL,Les Originales
2026-02-16 12:23:23,Originale Pepperoni,1,12.99,Medium,Les Bons Plans
2026-02-16 12:39:37,Chicken Delight,1,15.99,Medium,Les Originales
2026-02-16 12:39:37,Extravaganzza,1,17.99,Medium,Toujours Plus
2026-02-16 12:39:37,Pepperoni Party,1,20.49,Large,Les Iconiques
2026-02-16 12:40:50,Extravaganzza,1,20.99,Large,Toujours Plus
2026-02-16 12:40:50,Forestière,1,20.49,Large,Les Grands Classiques
2026-02-16 12:40:50,Urban Kebab,1,23.49,XL,Les Originales
2026-02-16 12:46:47,Chicken Delight,1,15.99,Medium,Les Originales
2026-02-16 12:53:24,Hawaïenne Jambon,1,17.99,Large,Les Grands Classiques
2026-02-16 12:56:07,Peppina Vegan,1,22.99,XL,Les Vegans
2026-02-16 13:12:48,Indienne,1,18.99,Large,Les Grands Classiques
2026-02-16 13:12:48,Chèvre-Miel,1,21.99,XL,Les Iconiques
2026-02-16 13:12:48,Cannibale,1,23.49,XL,Les Iconiques
2026-02-16 13:13:19,Diavola Haché au bœuf,1,18.99,Large,Les Originales
2026-02-16 13:13:19,Divine 3 Fromages,1,21.99,XL,Éditions Limitées
2026-02-16 13:13:19,Forestière,1,23.49,XL,Les Grands Classiques
2026-02-16 13:13:19,Pêcheur,1,21.99,XL,Les Grands Classiques
2026-02-16 13:13:19,Steak and Cheese,1,20.99,XL,Les Grands Classiques
2026-02-16 13:44:29,Hawaïenne Jambon,1,17.99,Large,Les Grands Classiques
2026-02-16 14:17:05,Peppina,1,22.99,XL,Les Gourmandes Veggies
2026-02-16 14:19:46,Peppina Vegan,1,19.99,Large,Les Vegans
2026-02-16 14:39:07,Indienne,1,18.99,Large,Les Grands Classiques
2026-02-16 14:39:07,Forestière,1,20.49,Large,Les Grands Classiques
2026-02-16 14:39:07,Algérienne,1,21.99,XL,Les Grands Classiques
2026-02-16 14:39:07,Kebab and Spicy,1,15.99,Medium,Les Originales
2026-02-16 14:47:20,Hawaïenne Jambon,1,14.99,Medium,Les Grands Classiques
2026-02-16 15:46:10,Indienne,1,18.99,Large,Les Grands Classiques
2026-02-16 15:46:10,Beef and Cheddar,1,20.99,Large,Éditions Limitées
2026-02-16 15:58:06,Originale Pepperoni,1,12.99,Medium,Les Bons Plans
2026-02-16 15:58:06,Algérienne,1,15.99,Medium,Les Grands Classiques
2026-02-16 16:01:31,Chicken BBQ,1,18.99,Large,Les Grands Classiques
2026-02-16 16:01:31,Hawaïenne Jambon,1,17.99,Large,Les Grands Classiques
2026-02-16 16:23:34,Diavola Pepperoni,1,15.99,Medium,Les Originales
2026-02-16 16:23:34,Beef and Cheddar,1,17.99,Medium,Éditions Limitées
2026-02-16 16:43:53,Margherita,1,15.99,Large,Les Bons Plans
2026-02-16 16:43:53,Hawaïenne Poulet,1,14.99,Medium,Les Grands Classiques
2026-02-16 16:57:14,Chèvre-Miel,1,21.99,XL,Les Iconiques
2026-02-16 16:57:14,Hawaïenne Jambon,1,20.99,XL,Les Grands Classiques
2026-02-16 16:57:14,Pêcheur,1,15.99,Medium,Les Grands Classiques
2026-02-16 17:12:37,Originale Pepperoni,1,15.99,Large,Les Bons Plans
2026-02-16 17:13:02,Hawaïenne Jambon,1,14.99,Medium,Les Grands Classiques
2026-02-16 17:13:02,Hawaïenne Poulet,1,20.99,XL,Les Grands Classiques
2026-02-16 17:27:14,Rocket Veggie,1,18.99,XL,Les Gourmandes Veggies
2026-02-16 17:27:14,Pêcheur,1,15.99,Medium,Les Grands Classiques
2026-02-16 17:27:14,Urban Kebab,1,17.49,Medium,Les Originales
2026-02-16 17:47:25,Chicken Delight,1,18.99,Large,Les Originales
2026-02-16 17:54:00,Divine 3 Fromages,1,21.99,XL,Éditions Limitées
2026-02-16 17:54:00,Pêcheur,1,21.99,XL,Les Grands Classiques
2026-02-16 18:03:29,Rocket Veggie,1,12.99,Medium,Les Gourmandes Veggies
2026-02-16 18:03:29,Pêcheur,1,21.99,XL,Les Grands Classiques
2026-02-16 18:03:29,Cannibale,1,17.49,Medium,Les Iconiques
2026-02-16 18:03:29,Urban Kebab,1,17.49,Medium,Les Originales
2026-02-16 18:13:00,Cannibale,1,23.49,XL,Les Iconiques
2026-02-16 18:13:00,Algérienne,1,21.99,XL,Les Grands Classiques
2026-02-16 18:13:00,Margherita,1,15.99,Large,Les Bons Plans
2026-02-16 18:15:02,Pepperoni Party,1,17.49,Medium,Les Iconiques
2026-02-16 18:15:02,Rocket Veggie,1,18.99,XL,Les Gourmandes Veggies
2026-02-16 18:15:02,Steak and Cheese,1,20.99,XL,Les Grands Classiques
2026-02-16 18:15:02,Steak and Cheese,1,20.99,XL,Les Grands Classiques
2026-02-16 18:21:06,Hawaïenne Poulet,1,20.99,XL,Les Grands Classiques
2026-02-16 18:21:17,Ultimate Meat,1,17.99,Medium,Toujours Plus
2026-02-16 18:21:17,Extravaganzza,1,23.99,XL,Toujours Plus
2026-02-16 18:21:17,Hawaïenne Poulet,1,20.99,XL,Les Grands Classiques
2026-02-16 18:21:37,Chicken BBQ,1,21.99,XL,Les Grands Classiques
2026-02-16 18:21:37,Ultimate Meat,1,17.99,Medium,Toujours Plus
2026-02-16 18:37:05,Super Veggie,1,17.49,Medium,Les Gourmandes Veggies
2026-02-16 18:37:05,Kebab and Spicy,1,18.99,Large,Les Originales
2026-02-16 18:40:09,Ultimate Meat,1,17.99,Medium,Toujours Plus
2026-02-16 18:40:09,Crispy Cannibale,1,23.99,XL,Les Originales
2026-02-16 18:40:09,Urban Kebab,1,17.49,Medium,Les Originales
2026-02-16 19:26:51,Hawaïenne Jambon,1,20.99,XL,Les Grands Classiques
2026-02-16 19:26:51,Hawaïenne Poulet,1,17.99,Large,Les Grands Classiques
2026-02-16 19:35:17,Pêcheur,1,21.99,XL,Les Grands Classiques
2026-02-16 19:35:28,Pepperoni Party,1,23.49,XL,Les Iconiques
2026-02-16 19:37:08,Originale Pepperoni,1,12.99,Medium,Les Bons Plans
2026-02-16 19:53:49,Bacon Groovy,1,23.49,XL,Les Iconiques
2026-02-16 19:53:49,Margherita,1,15.99,Large,Les Bons Plans
2026-02-16 19:55:28,Indienne,1,18.99,Large,Les Grands Classiques
2026-02-16 19:55:28,Divine 3 Fromages,1,21.99,XL,Éditions Limitées
2026-02-16 19:55:28,Pêcheur,1,21.99,XL,Les Grands Classiques
2026-02-16 19:55:28,Beef and Cheddar,1,23.99,XL,Éditions Limitées
2026-02-16 20:46:23,Hawaïenne Jambon,1,14.99,Medium,Les Grands Classiques
2026-02-16 20:46:23,Forestière,1,17.49,Medium,Les Grands Classiques
2026-02-16 20:46:23,Rocket Veggie,1,18.99,XL,Les Gourmandes Veggies
2026-02-16 20:46:23,Hawaïenne Poulet,1,20.99,XL,Les Grands Classiques
2026-02-16 22:40:27,Hawaïenne Jambon,1,20.99,XL,Les Grands Classiques
2026-02-16 22:40:27,Hawaïenne Poulet,1,20.99,XL,Les Grands Classiques
2026-02-17 11:24:02,Originale Pepperoni,1,15.99,Large,Les Bons Plans
2026-02-17 11:24:02,Beef and Cheddar,1,20.99,Large,Éditions Limitées
2026-02-17 11:26:13,Royale Veggie,1,21.99,XL,Les Gourmandes Veggies
2026-02-17 11:41:17,Chicken Delight,1,15.99,Medium,Les Originales
2026-02-17 11:41:17,Bacon Groovy,1,17.49,Medium,Les Iconiques
2026-02-17 11:41:17,Kebab and Spicy,1,21.99,XL,Les Originales
2026-02-17 11:51:54,Chicken BBQ,1,18.99,Large,Les Grands Classiques
2026-02-17 12:01:02,Extravaganzza,1,23.99,XL,Toujours Plus
2026-02-17 12:01:02,Forestière,1,20.49,Large,Les Grands Classiques
2026-02-17 12:01:02,Algérienne,1,21.99,XL,Les Grands Classiques
2026-02-17 12:01:02,Hawaïenne Poulet,1,17.99,Large,Les Grands Classiques
2026-02-17 12:05:10,Chicken Delight,1,21.99,XL,Les Originales
2026-02-17 12:33:55,Ultimate Meat,1,17.99,Medium,Toujours Plus
2026-02-17 12:43:07,Chicken BBQ,1,21.99,XL,Les Grands Classiques
2026-02-17 12:53:50,Extravaganzza,1,17.99,Medium,Toujours Plus
2026-02-17 12:58:28,Extravaganzza,1,20.99,Large,Toujours Plus
2026-02-17 12:58:45,Urban Kebab,1,17.49,Medium,Les Originales
2026-02-17 13:00:48,Forestière,1,23.49,XL,Les Grands Classiques
2026-02-17 13:14:08,Algérienne,1,21.99,XL,Les Grands Classiques
2026-02-17 13:21:27,Hawaïenne Jambon,1,14.99,Medium,Les Grands Classiques
2026-02-17 13:25:44,Indienne,1,18.99,Large,Les Grands Classiques
2026-02-17 13:25:44,Urban Kebab,1,23.49,XL,Les Originales
2026-02-17 13:25:44,Peppina Vegan,1,16.99,Medium,Les Vegans
2026-02-17 13:31:20,Crispy Cannibale,1,20.99,Large,Les Originales
2026-02-17 13:36:33,Chicken BBQ,1,21.99,XL,Les Grands Classiques
2026-02-17 13:36:33,Cannibale,1,20.49,Large,Les Iconiques
2026-02-17 13:36:33,Kebab and Spicy,1,21.99,XL,Les Originales
2026-02-17 13:36:33,Cheesy and Veggie,1,17.99,Large,Les Gourmandes Veggies
2026-02-17 13:41:34,Extravaganzza,1,20.99,Large,Toujours Plus
2026-02-17 13:41:34,Crispy Cannibale,1,23.99,XL,Les Originales
2026-02-17 13:47:42,Pêcheur,1,18.99,Large,Les Grands Classiques
2026-02-17 13:58:44,Extravaganzza,1,20.99,Large,Toujours Plus
2026-02-17 13:58:44,Extravaganzza,1,17.99,Medium,Toujours Plus
2026-02-17 13:58:44,Pepperoni Party,1,23.49,XL,Les Iconiques
2026-02-17 14:00:42,Hawaïenne Jambon,1,20.99,XL,Les Grands Classiques
2026-02-17 14:00:42,Peppina,1,19.99,Large,Les Gourmandes Veggies
2026-02-17 14:00:42,Urban Kebab,1,20.49,Large,Les Originales
2026-02-17 14:00:42,Margherita,1,12.99,Medium,Les Bons Plans
2026-02-17 14:00:42,Peppina Vegan,1,19.99,Large,Les Vegans
2026-02-17 14:02:20,Cannibale,1,20.49,Large,Les Iconiques
2026-02-17 14:02:20,Algérienne,2,43.98,XL,Les Grands Classiques
2026-02-17 14:07:24,Cannibale,1,20.49,Large,Les Iconiques
2026-02-17 14:07:24,Algérienne,1,21.99,XL,Les Grands Classiques
2026-02-17 14:07:24,Algérienne,1,15.99,Medium,Les Grands Classiques
2026-02-17 14:07:24,Hawaïenne Poulet,1,14.99,Medium,Les Grands Classiques
2026-02-17 14:16:57,Crispy Cannibale,1,23.99,XL,Les Originales
2026-02-17 14:23:26,Ultimate Meat,1,17.99,Medium,Toujours Plus
2026-02-17 14:23:26,Indienne,1,18.99,Large,Les Grands Classiques
2026-02-17 14:23:26,Hawaïenne Jambon,1,20.99,XL,Les Grands Classiques
2026-02-17 14:23:26,Originale Pepperoni,1,12.99,Medium,Les Bons Plans
2026-02-17 14:23:26,Cannibale,1,23.49,XL,Les Iconiques
2026-02-17 14:23:26,Urban Kebab,1,20.49,Large,Les Originales
2026-02-17 14:23:26,Margherita,1,15.99,Large,Les Bons Plans
2026-02-17 14:23:26,Hawaïenne Poulet,1,20.99,XL,Les Grands Classiques
2026-02-17 14:23:26,Peppina Vegan,1,19.99,Large,Les Vegans
2026-02-17 14:30:43,Chèvre-Miel,1,21.99,XL,Les Iconiques
2026-02-17 14:30:43,Originale Pepperoni,1,15.99,Large,Les Bons Plans
2026-02-17 14:49:35,Beef and Cheddar,1,20.99,Large,Éditions Limitées
2026-02-17 15:24:37,Super Veggie,1,20.49,Large,Les Gourmandes Veggies
2026-02-17 15:24:37,Pêcheur,1,15.99,Medium,Les Grands Classiques
2026-02-17 15:24:37,Cheesy and Veggie,1,14.99,Medium,Les Gourmandes Veggies
2026-02-17 15:24:37,Peppina Vegan,1,16.99,Medium,Les Vegans
2026-02-17 15:26:05,Forestière,1,23.49,XL,Les Grands Classiques
2026-02-17 15:26:05,Forestière,1,17.49,Medium,Les Grands Classiques
2026-02-17 15:26:05,Chicken and Cheddar,1,20.49,Large,Éditions Limitées
2026-02-17 15:26:05,Hawaïenne Poulet,1,20.99,XL,Les Grands Classiques
2026-02-17 16:00:48,Bacon Groovy,1,20.49,Large,Les Iconiques
2026-02-17 16:00:48,Chicken and Cheddar,1,17.49,Medium,Éditions Limitées
2026-02-17 16:43:16,Crispy Cannibale,1,17.99,Medium,Les Originales
2026-02-17 16:52:53,Indienne,1,18.99,Large,Les Grands Classiques
2026-02-17 16:52:53,Cheesy and Veggie,1,20.99,XL,Les Gourmandes Veggies
2026-02-17 16:56:21,Diavola Haché au bœuf,1,18.99,Large,Les Originales
2026-02-17 16:56:21,Beef and Cheddar,1,17.99,Medium,Éditions Limitées
2026-02-17 16:56:21,Steak and Cheese,1,20.99,XL,Les Grands Classiques
2026-02-17 17:02:17,Bacon Groovy,1,20.49,Large,Les Iconiques
2026-02-17 17:26:55,Ultimate Meat,1,17.99,Medium,Toujours Plus
2026-02-17 17:27:13,Hawaïenne Poulet,1,14.99,Medium,Les Grands Classiques
2026-02-17 17:28:53,Royale Veggie,1,18.99,Large,Les Gourmandes Veggies
2026-02-17 17:30:42,Extravaganzza,1,20.99,Large,Toujours Plus
2026-02-17 17:30:42,Algérienne,1,15.99,Medium,Les Grands Classiques
2026-02-17 17:33:09,Super Veggie,1,20.49,Large,Les Gourmandes Veggies
2026-02-17 17:36:11,Hawaïenne Jambon,1,20.99,XL,Les Grands Classiques
2026-02-17 17:36:11,Hawaïenne Jambon,1,14.99,Medium,Les Grands Classiques
2026-02-17 17:36:38,Chicken BBQ,1,18.99,Large,Les Grands Classiques
2026-02-17 17:36:38,Chicken BBQ,1,15.99,Medium,Les Grands Classiques
2026-02-17 17:42:20,Cheesy and Veggie,1,14.99,Medium,Les Gourmandes Veggies
2026-02-17 17:55:47,Pepperoni Party,1,20.49,Large,Les Iconiques
2026-02-17 18:09:41,Hawaïenne Jambon,1,20.99,XL,Les Grands Classiques
2026-02-17 18:09:41,Forestière,1,20.49,Large,Les Grands Classiques
2026-02-17 18:39:26,Diavola Haché au bœuf,1,18.99,Large,Les Originales
2026-02-17 18:39:26,Originale Pepperoni,1,15.99,Large,Les Bons Plans
2026-02-17 18:39:26,Steak and Cheese,1,20.99,XL,Les Grands Classiques
2026-02-17 18:40:22,Algérienne,1,21.99,XL,Les Grands Classiques
2026-02-17 18:46:36,Pepperoni Party,1,23.49,XL,Les Iconiques
2026-02-17 19:03:32,Hawaïenne Jambon,1,17.99,Large,Les Grands Classiques
2026-02-17 19:03:32,Originale Pepperoni,1,12.99,Medium,Les Bons Plans
2026-02-17 19:26:46,Urban Kebab,1,20.49,Large,Les Originales
2026-02-17 19:26:46,Peppina Vegan,1,16.99,Medium,Les Vegans
2026-02-17 19:46:45,Divine 3 Fromages,1,21.99,XL,Éditions Limitées
2026-02-17 19:46:45,Pepperoni Party,1,20.49,Large,Les Iconiques
2026-02-17 19:46:45,Urban Kebab,1,23.49,XL,Les Originales
2026-02-17 19:46:45,Steak and Cheese,1,20.99,XL,Les Grands Classiques
2026-02-17 19:57:06,Super Veggie,1,17.49,Medium,Les Gourmandes Veggies
2026-02-17 19:57:06,Hawaïenne Jambon,1,14.99,Medium,Les Grands Classiques
2026-02-17 20:02:56,Chèvre-Miel,1,21.99,XL,Les Iconiques
2026-02-17 20:02:56,Originale Pepperoni,1,15.99,Large,Les Bons Plans
2026-02-17 20:02:56,Crispy Cannibale,1,20.99,Large,Les Originales
2026-02-17 20:04:09,Chicken Delight,1,21.99,XL,Les Originales
2026-02-17 20:04:09,Bacon Groovy,1,23.49,XL,Les Iconiques
2026-02-17 20:04:09,Extravaganzza,1,20.99,Large,Toujours Plus
2026-02-17 20:04:09,Hawaïenne Poulet,1,14.99,Medium,Les Grands Classiques
2026-02-17 20:41:21,Pêcheur,1,21.99,XL,Les Grands Classiques
2026-02-17 20:59:44,Bacon Groovy,1,20.49,Large,Les Iconiques
2026-02-17 20:59:44,Crispy Cannibale,1,20.99,Large,Les Originales
2026-02-17 20:59:44,Kebab and Spicy,1,21.99,XL,Les Originales
2026-02-17 21:30:31,Chicken Delight,1,15.99,Medium,Les Originales
2026-02-17 21:30:31,Royale Veggie,1,15.99,Medium,Les Gourmandes Veggies
2026-02-17 21:30:31,Diavola Pepperoni,1,18.99,Large,Les Originales
2026-02-17 21:51:06,Chicken BBQ,1,18.99,Large,Les Grands Classiques
2026-02-17 21:51:06,Extravaganzza,1,23.99,XL,Toujours Plus
2026-02-17 21:51:06,Pepperoni Party,1,20.49,Large,Les Iconiques
2026-02-17 22:06:26,Extravaganzza,1,20.99,Large,Toujours Plus
2026-02-17 22:06:26,Hawaïenne Jambon,1,20.99,XL,Les Grands Classiques
2026-02-17 22:20:14,Chicken BBQ,1,18.99,Large,Les Grands Classiques
2026-02-17 22:20:14,Forestière,1,23.49,XL,Les Grands Classiques
2026-02-17 22:20:30,Pepperoni Party,1,23.49,XL,Les Iconiques
2026-02-17 22:25:41,Chicken BBQ,1,21.99,XL,Les Grands Classiques
2026-02-17 22:25:41,Chicken Delight,1,21.99,XL,Les Originales
2026-02-18 11:18:58,Chèvre-Miel,1,21.99,XL,Les Iconiques
2026-02-18 11:22:20,Indienne,1,18.99,Large,Les Grands Classiques
2026-02-18 11:22:20,Algérienne,1,21.99,XL,Les Grands Classiques
2026-02-18 11:22:20,Algérienne,1,18.99,Large,Les Grands Classiques
2026-02-18 11:22:20,Margherita,2,31.98,Large,Les Bons Plans
2026-02-18 11:22:20,Hawaïenne Poulet,1,20.99,XL,Les Grands Classiques
2026-02-18 11:32:11,Forestière,1,17.49,Medium,Les Grands Classiques
2026-02-18 11:39:41,Peppina,1,16.99,Medium,Les Gourmandes Veggies
2026-02-18 11:41:20,Hawaïenne Jambon,1,20.99,XL,Les Grands Classiques
2026-02-18 11:41:20,Pepperoni Party,1,23.49,XL,Les Iconiques
2026-02-18 11:41:20,Royale Veggie,1,21.99,XL,Les Gourmandes Veggies
2026-02-18 11:41:20,Cannibale,1,17.49,Medium,Les Iconiques
2026-02-18 11:55:10,Chicken Delight,1,18.99,Large,Les Originales
2026-02-18 11:55:10,Royale Veggie,1,15.99,Medium,Les Gourmandes Veggies
2026-02-18 12:06:02,Extravaganzza,1,17.99,Medium,Toujours Plus
2026-02-18 12:06:59,Chicken BBQ,1,15.99,Medium,Les Grands Classiques
2026-02-18 12:06:59,Chicken Delight,1,21.99,XL,Les Originales
2026-02-18 12:06:59,Chicken Delight,1,18.99,Large,Les Originales
2026-02-18 12:06:59,Chèvre-Miel,1,21.99,XL,Les Iconiques
2026-02-18 12:06:59,Chèvre-Miel,1,18.99,Large,Les Iconiques
2026-02-18 12:06:59,Hawaïenne Jambon,1,14.99,Medium,Les Grands Classiques
2026-02-18 12:06:59,Pepperoni Party,1,23.49,XL,Les Iconiques
2026-02-18 12:06:59,Rocket Veggie,1,15.99,Large,Les Gourmandes Veggies
2026-02-18 12:06:59,Crispy Cannibale,1,17.99,Medium,Les Originales
2026-02-18 12:06:59,Hawaïenne Poulet,2,29.98,Medium,Les Grands Classiques
2026-02-18 12:06:59,Steak and Cheese,1,14.99,Medium,Les Grands Classiques
2026-02-18 12:06:59,Peppina Vegan,1,16.99,Medium,Les Vegans
2026-02-18 12:20:01,Extravaganzza,1,20.99,Large,Toujours Plus
2026-02-18 12:25:17,Super Veggie,1,17.49,Medium,Les Gourmandes Veggies
2026-02-18 12:25:17,Hawaïenne Jambon,1,14.99,Medium,Les Grands Classiques
2026-02-18 12:25:17,Beef and Cheddar,1,20.99,Large,Éditions Limitées
2026-02-18 12:26:20,Cannibale,1,17.49,Medium,Les Iconiques
2026-02-18 12:32:03,Hawaïenne Poulet,1,20.99,XL,Les Grands Classiques
2026-02-18 12:55:30,4 Fromages,1,17.49,Medium,Les Iconiques
2026-02-18 13:00:48,Cannibale,1,20.49,Large,Les Iconiques
2026-02-18 13:04:25,Pêcheur,1,18.99,Large,Les Grands Classiques
2026-02-18 13:04:25,Originale Pepperoni,1,18.99,XL,Les Bons Plans
2026-02-18 13:04:25,Kebab and Spicy,1,21.99,XL,Les Originales
2026-02-18 13:04:25,Chicken and Cheddar,1,20.49,Large,Éditions Limitées
2026-02-18 13:04:25,Hawaïenne Poulet,1,20.99,XL,Les Grands Classiques
2026-02-18 13:04:25,Peppina Vegan,1,22.99,XL,Les Vegans
2026-02-18 13:10:12,Beef and Cheddar,1,20.99,Large,Éditions Limitées
2026-02-18 13:20:44,Hawaïenne Jambon,1,20.99,XL,Les Grands Classiques
2026-02-18 13:32:59,Chicken Delight,1,15.99,Medium,Les Originales
2026-02-18 13:32:59,Originale Pepperoni,1,18.99,XL,Les Bons Plans
2026-02-18 13:32:59,Cannibale,1,17.49,Medium,Les Iconiques
2026-02-18 13:32:59,Margherita,1,18.99,XL,Les Bons Plans
2026-02-18 13:34:49,Cannibale,1,20.49,Large,Les Iconiques
2026-02-18 13:34:49,Margherita,1,12.99,Medium,Les Bons Plans
2026-02-18 13:51:14,Divine 3 Fromages,1,21.99,XL,Éditions Limitées
2026-02-18 13:51:14,Royale Veggie,1,18.99,Large,Les Gourmandes Veggies
2026-02-18 13:51:14,Diavola Pepperoni,1,21.99,XL,Les Originales
2026-02-18 13:51:14,Peppina Vegan,1,22.99,XL,Les Vegans
2026-02-18 14:17:18,Extravaganzza,1,17.99,Medium,Toujours Plus
2026-02-18 14:21:14,Chèvre-Miel,1,18.99,Large,Les Iconiques
2026-02-18 14:21:14,Hawaïenne Poulet,1,14.99,Medium,Les Grands Classiques
2026-02-18 14:32:22,Ultimate Meat,1,17.99,Medium,Toujours Plus
2026-02-18 14:32:22,Hawaïenne Jambon,1,17.99,Large,Les Grands Classiques
2026-02-18 14:32:22,Royale Veggie,1,21.99,XL,Les Gourmandes Veggies
2026-02-18 14:32:22,Originale Pepperoni,1,18.99,XL,Les Bons Plans
2026-02-18 14:54:10,4 Fromages,1,17.49,Medium,Les Iconiques
2026-02-18 15:39:02,Chicken Delight,1,21.99,XL,Les Originales
2026-02-18 15:39:02,Forestière,1,20.49,Large,Les Grands Classiques
2026-02-18 15:39:02,Pepperoni Party,1,23.49,XL,Les Iconiques
2026-02-18 15:39:02,Pêcheur,1,15.99,Medium,Les Grands Classiques
2026-02-18 15:44:31,Pepperoni Party,1,20.49,Large,Les Iconiques
2026-02-18 15:56:55,Ultimate Meat,1,17.99,Medium,Toujours Plus
2026-02-18 15:56:55,Algérienne,1,21.99,XL,Les Grands Classiques
2026-02-18 16:34:02,Ultimate Meat,1,17.99,Medium,Toujours Plus
2026-02-18 16:34:02,Diavola Pepperoni,1,15.99,Medium,Les Originales
2026-02-18 16:50:00,Hawaïenne Jambon,1,20.99,XL,Les Grands Classiques
2026-02-18 16:50:00,Originale Pepperoni,1,12.99,Medium,Les Bons Plans
2026-02-18 16:50:00,Crispy Cannibale,1,23.99,XL,Les Originales
2026-02-18 16:57:15,Super Veggie,1,23.49,XL,Les Gourmandes Veggies
2026-02-18 16:57:15,Royale Veggie,1,21.99,XL,Les Gourmandes Veggies
2026-02-18 16:59:11,Chicken Delight,1,21.99,XL,Les Originales
2026-02-18 16:59:11,Chicken Delight,1,18.99,Large,Les Originales
2026-02-18 17:07:38,Rocket Veggie,1,12.99,Medium,Les Gourmandes Veggies
2026-02-18 17:07:38,Algérienne,1,21.99,XL,Les Grands Classiques
2026-02-18 17:07:38,Margherita,1,15.99,Large,Les Bons Plans
2026-02-18 17:07:38,Hawaïenne Poulet,1,14.99,Medium,Les Grands Classiques
2026-02-18 17:08:04,Super Veggie,1,17.49,Medium,Les Gourmandes Veggies
2026-02-18 17:08:04,Hawaïenne Jambon,1,20.99,XL,Les Grands Classiques
2026-02-18 17:13:58,Chicken BBQ,1,15.99,Medium,Les Grands Classiques
2026-02-18 17:13:58,4 Fromages,1,17.49,Medium,Les Iconiques
2026-02-18 17:13:58,Divine 3 Fromages,1,21.99,XL,Éditions Limitées
2026-02-18 17:13:58,Hawaïenne Poulet,1,20.99,XL,Les Grands Classiques
2026-02-18 17:17:04,Cheesy and Veggie,2,35.98,Large,Les Gourmandes Veggies
2026-02-18 17:17:04,Hawaïenne Poulet,1,14.99,Medium,Les Grands Classiques
2026-02-18 17:49:17,Peppina Vegan,1,19.99,Large,Les Vegans
2026-02-18 18:00:30,Bacon Groovy,1,17.49,Medium,Les Iconiques
2026-02-18 18:00:30,Cannibale,1,23.49,XL,Les Iconiques
2026-02-18 18:00:30,Algérienne,1,18.99,Large,Les Grands Classiques
2026-02-18 18:00:30,Steak and Cheese,1,20.99,XL,Les Grands Classiques
2026-02-18 18:03:20,Diavola Haché au bœuf,1,18.99,Large,Les Originales
2026-02-18 18:03:20,Cannibale,1,23.49,XL,Les Iconiques
2026-02-18 18:03:20,Steak and Cheese,1,20.99,XL,Les Grands Classiques
2026-02-18 18:06:26,Algérienne,1,18.99,Large,Les Grands Classiques
2026-02-18 18:06:26,Peppina Vegan,1,19.99,Large,Les Vegans
2026-02-18 18:09:39,Chicken Delight,1,18.99,Large,Les Originales
2026-02-18 18:09:39,Hawaïenne Poulet,1,20.99,XL,Les Grands Classiques
2026-02-18 18:22:10,Bacon Groovy,1,23.49,XL,Les Iconiques
2026-02-18 18:22:28,Beef and Cheddar,1,17.99,Medium,Éditions Limitées
2026-02-18 18:39:01,Bacon Groovy,1,20.49,Large,Les Iconiques
2026-02-18 18:39:01,Extravaganzza,1,20.99,Large,Toujours Plus
2026-02-18 18:39:01,Cannibale,1,23.49,XL,Les Iconiques
2026-02-18 18:39:01,Urban Kebab,1,17.49,Medium,Les Originales
2026-02-18 18:43:05,Extravaganzza,1,20.99,Large,Toujours Plus
2026-02-18 18:43:05,Royale Veggie,1,21.99,XL,Les Gourmandes Veggies
2026-02-18 18:43:05,Cannibale,1,17.49,Medium,Les Iconiques
2026-02-18 18:50:08,Super Veggie,1,17.49,Medium,Les Gourmandes Veggies
2026-02-18 18:50:08,Beef and Cheddar,1,20.99,Large,Éditions Limitées
2026-02-18 18:50:08,Kebab and Spicy,1,18.99,Large,Les Originales
2026-02-18 18:50:08,Kebab and Spicy,1,15.99,Medium,Les Originales
2026-02-18 18:50:39,Chicken BBQ,1,18.99,Large,Les Grands Classiques
2026-02-18 18:50:39,Hawaïenne Jambon,1,20.99,XL,Les Grands Classiques
2026-02-18 18:50:39,Crispy Cannibale,1,23.99,XL,Les Originales
2026-02-18 18:50:39,Urban Kebab,1,17.49,Medium,Les Originales
2026-02-18 19:00:00,Chicken Delight,1,18.99,Large,Les Originales
2026-02-18 19:00:00,Hawaïenne Jambon,1,14.99,Medium,Les Grands Classiques
2026-02-18 19:00:00,Crispy Cannibale,1,23.99,XL,Les Originales
2026-02-18 19:03:42,Ultimate Meat,1,17.99,Medium,Toujours Plus
2026-02-18 19:03:42,Urban Kebab,1,20.49,Large,Les Originales
2026-02-18 19:15:17,Chèvre-Miel,1,18.99,Large,Les Iconiques
2026-02-18 19:15:17,Chicken and Cheddar,1,23.49,XL,Éditions Limitées
2026-02-18 19:15:17,Chicken and Cheddar,1,17.49,Medium,Éditions Limitées
2026-02-18 19:15:17,Hawaïenne Poulet,1,20.99,XL,Les Grands Classiques
2026-02-18 19:57:16,Chicken BBQ,1,21.99,XL,Les Grands Classiques
2026-02-18 20:07:26,Bacon Groovy,1,17.49,Medium,Les Iconiques
2026-02-18 20:07:26,Forestière,1,20.49,Large,Les Grands Classiques
2026-02-18 20:07:26,Pepperoni Party,1,20.49,Large,Les Iconiques
2026-02-18 20:08:11,Chicken BBQ,1,18.99,Large,Les Grands Classiques
2026-02-18 20:08:11,Kebab and Spicy,1,15.99,Medium,Les Originales
2026-02-18 20:20:30,Divine 3 Fromages,1,21.99,XL,Éditions Limitées
2026-02-18 20:27:48,Extravaganzza,1,20.99,Large,Toujours Plus
2026-02-18 20:27:48,Diavola Pepperoni,1,15.99,Medium,Les Originales
2026-02-18 20:27:48,Urban Kebab,1,23.49,XL,Les Originales
2026-02-18 20:27:48,Urban Kebab,1,17.49,Medium,Les Originales
2026-02-18 20:34:26,Extravaganzza,1,17.99,Medium,Toujours Plus
2026-02-18 20:34:26,Hawaïenne Jambon,1,14.99,Medium,Les Grands Classiques
2026-02-18 20:34:26,Originale Pepperoni,1,15.99,Large,Les Bons Plans
2026-02-18 20:34:26,Algérienne,1,21.99,XL,Les Grands Classiques
2026-02-18 20:41:00,Chicken Delight,1,18.99,Large,Les Originales
2026-02-18 20:41:00,Chèvre-Miel,1,18.99,Large,Les Iconiques
2026-02-18 20:41:00,Originale Pepperoni,1,18.99,XL,Les Bons Plans
2026-02-18 20:41:00,Steak and Cheese,1,17.99,Large,Les Grands Classiques
2026-02-18 21:17:25,Extravaganzza,1,17.99,Medium,Toujours Plus
2026-02-18 21:17:25,Rocket Veggie,1,15.99,Large,Les Gourmandes Veggies
2026-02-18 21:17:25,Diavola Pepperoni,1,15.99,Medium,Les Originales
2026-02-18 21:30:26,Hawaïenne Jambon,1,14.99,Medium,Les Grands Classiques
2026-02-18 21:30:26,Diavola Pepperoni,1,21.99,XL,Les Originales
2026-02-18 21:30:26,Cannibale,1,20.49,Large,Les Iconiques
2026-02-18 21:40:57,Kebab and Spicy,1,21.99,XL,Les Originales
2026-02-18 22:15:02,Pêcheur,1,21.99,XL,Les Grands Classiques
2026-02-18 22:15:02,Diavola Pepperoni,1,21.99,XL,Les Originales
2026-02-18 22:15:02,Margherita,1,15.99,Large,Les Bons Plans
2026-02-18 22:40:30,Diavola Pepperoni,1,21.99,XL,Les Originales
2026-02-18 22:40:30,Diavola Pepperoni,1,18.99,Large,Les Originales
2026-02-18 22:40:30,Urban Kebab,1,20.49,Large,Les Originales
2026-02-18 22:40:30,Beef and Cheddar,1,20.99,Large,Éditions Limitées
2026-02-19 11:15:43,Diavola Pepperoni,1,15.99,Medium,Les Originales
2026-02-19 11:35:51,Ultimate Meat,1,17.99,Medium,Toujours Plus
2026-02-19 11:35:51,Chèvre-Miel,1,18.99,Large,Les Iconiques
2026-02-19 11:35:51,Royale Veggie,1,18.99,Large,Les Gourmandes Veggies
2026-02-19 11:39:10,Divine 3 Fromages,1,21.99,XL,Éditions Limitées
2026-02-19 11:39:10,Pepperoni Party,1,23.49,XL,Les Iconiques
2026-02-19 11:39:10,Peppina Vegan,1,19.99,Large,Les Vegans
2026-02-19 12:03:36,Diavola Haché au bœuf,1,15.99,Medium,Les Originales
2026-02-19 12:03:36,Algérienne,1,18.99,Large,Les Grands Classiques
2026-02-19 12:20:32,Extravaganzza,1,20.99,Large,Toujours Plus
2026-02-19 12:20:32,Crispy Cannibale,1,23.99,XL,Les Originales
2026-02-19 12:21:49,Extravaganzza,1,20.99,Large,Toujours Plus
2026-02-19 12:25:18,Divine 3 Fromages,1,21.99,XL,Éditions Limitées
2026-02-19 12:33:38,Chèvre-Miel,1,21.99,XL,Les Iconiques
2026-02-19 12:33:38,Pepperoni Party,1,23.49,XL,Les Iconiques
2026-02-19 12:33:38,Crispy Cannibale,1,23.99,XL,Les Originales
2026-02-19 12:33:38,Margherita,1,18.99,XL,Les Bons Plans
2026-02-19 12:40:31,Divine 3 Fromages,1,21.99,XL,Éditions Limitées
2026-02-19 12:40:31,Pepperoni Party,1,23.49,XL,Les Iconiques
2026-02-19 12:56:06,Hawaïenne Jambon,1,17.99,Large,Les Grands Classiques
2026-02-19 12:56:06,Royale Veggie,1,21.99,XL,Les Gourmandes Veggies
2026-02-19 12:56:06,Originale Pepperoni,1,15.99,Large,Les Bons Plans
2026-02-19 12:56:06,Cannibale,1,17.49,Medium,Les Iconiques
2026-02-19 13:01:24,Hawaïenne Jambon,1,17.99,Large,Les Grands Classiques
2026-02-19 13:09:03,Urban Kebab,1,17.49,Medium,Les Originales
2026-02-19 13:09:03,Kebab and Spicy,1,18.99,Large,Les Originales
2026-02-19 13:09:03,Cheesy and Veggie,1,17.99,Large,Les Gourmandes Veggies
2026-02-19 13:13:54,Chicken BBQ,1,15.99,Medium,Les Grands Classiques
2026-02-19 13:13:54,Ultimate Meat,1,17.99,Medium,Toujours Plus
2026-02-19 13:13:54,Hawaïenne Jambon,1,20.99,XL,Les Grands Classiques
2026-02-19 13:13:54,Pepperoni Party,1,17.49,Medium,Les Iconiques
2026-02-19 13:13:54,Peppina,1,22.99,XL,Les Gourmandes Veggies
2026-02-19 13:13:54,Peppina,1,19.99,Large,Les Gourmandes Veggies
2026-02-19 13:13:54,Crispy Cannibale,1,23.99,XL,Les Originales
2026-02-19 13:13:54,Algérienne,1,21.99,XL,Les Grands Classiques
2026-02-19 13:13:54,Cheesy and Veggie,2,29.98,Medium,Les Gourmandes Veggies
2026-02-19 13:13:54,Margherita,1,15.99,Large,Les Bons Plans
2026-02-19 13:13:54,Peppina Vegan,1,22.99,XL,Les Vegans
2026-02-19 13:18:02,Cheesy and Veggie,1,20.99,XL,Les Gourmandes Veggies
2026-02-19 13:22:56,Chicken Delight,1,21.99,XL,Les Originales
2026-02-19 13:22:56,Hawaïenne Jambon,1,14.99,Medium,Les Grands Classiques
2026-02-19 13:22:56,Originale Pepperoni,1,12.99,Medium,Les Bons Plans
2026-02-19 13:22:56,Crispy Cannibale,1,20.99,Large,Les Originales
2026-02-19 13:27:47,Chicken Delight,1,21.99,XL,Les Originales
2026-02-19 13:27:47,Cheesy and Veggie,1,17.99,Large,Les Gourmandes Veggies
2026-02-19 13:35:13,Pêcheur,1,21.99,XL,Les Grands Classiques
2026-02-19 13:37:11,Chèvre-Miel,1,21.99,XL,Les Iconiques
2026-02-19 13:44:40,4 Fromages,1,17.49,Medium,Les Iconiques
2026-02-19 13:44:40,Rocket Veggie,1,15.99,Large,Les Gourmandes Veggies
2026-02-19 13:44:40,Royale Veggie,1,21.99,XL,Les Gourmandes Veggies
2026-02-19 13:44:40,Algérienne,1,18.99,Large,Les Grands Classiques
2026-02-19 13:44:40,Chicken and Cheddar,1,23.49,XL,Éditions Limitées
2026-02-19 14:06:37,Ultimate Meat,1,17.99,Medium,Toujours Plus
2026-02-19 14:06:37,Diavola Haché au bœuf,1,21.99,XL,Les Originales
2026-02-19 14:10:09,Chicken BBQ,1,18.99,Large,Les Grands Classiques
2026-02-19 14:19:12,Bacon Groovy,1,23.49,XL,Les Iconiques
2026-02-19 14:32:56,Chicken BBQ,1,18.99,Large,Les Grands Classiques
2026-02-19 14:59:53,Peppina,1,19.99,Large,Les Gourmandes Veggies
2026-02-19 15:04:17,Extravaganzza,1,20.99,Large,Toujours Plus
2026-02-19 15:07:56,Hawaïenne Poulet,1,14.99,Medium,Les Grands Classiques
2026-02-19 15:22:51,Ultimate Meat,1,17.99,Medium,Toujours Plus
2026-02-19 15:22:51,Beef and Cheddar,1,20.99,Large,Éditions Limitées
2026-02-19 15:29:10,Hawaïenne Jambon,1,14.99,Medium,Les Grands Classiques
2026-02-19 15:29:10,Originale Pepperoni,1,12.99,Medium,Les Bons Plans
2026-02-19 15:29:10,Hawaïenne Poulet,1,17.99,Large,Les Grands Classiques
2026-02-19 15:33:26,Originale Pepperoni,1,12.99,Medium,Les Bons Plans
2026-02-19 15:45:48,Crispy Cannibale,1,23.99,XL,Les Originales
2026-02-19 15:45:48,Kebab and Spicy,1,18.99,Large,Les Originales
2026-02-19 16:43:03,Pepperoni Party,1,23.49,XL,Les Iconiques
2026-02-19 16:43:03,Originale Pepperoni,1,15.99,Large,Les Bons Plans
2026-02-19 16:48:44,Extravaganzza,1,20.99,Large,Toujours Plus
2026-02-19 16:48:44,Royale Veggie,1,18.99,Large,Les Gourmandes Veggies
2026-02-19 16:48:44,Peppina Vegan,1,19.99,Large,Les Vegans
2026-02-19 17:21:47,Chicken BBQ,1,15.99,Medium,Les Grands Classiques
2026-02-19 17:24:23,Chicken Delight,1,18.99,Large,Les Originales
2026-02-19 17:26:31,Rocket Veggie,1,18.99,XL,Les Gourmandes Veggies
2026-02-19 17:36:12,Hawaïenne Jambon,1,20.99,XL,Les Grands Classiques
2026-02-19 17:36:12,Royale Veggie,1,21.99,XL,Les Gourmandes Veggies
2026-02-19 17:36:55,Kebab and Spicy,1,15.99,Medium,Les Originales
2026-02-19 17:36:55,Peppina Vegan,1,16.99,Medium,Les Vegans
2026-02-19 17:39:32,Super Veggie,1,20.49,Large,Les Gourmandes Veggies
2026-02-19 17:39:32,Pepperoni Party,1,23.49,XL,Les Iconiques
2026-02-19 17:41:19,Chicken Delight,1,15.99,Medium,Les Originales
2026-02-19 17:41:19,Super Veggie,1,17.49,Medium,Les Gourmandes Veggies
2026-02-19 17:41:19,Diavola Pepperoni,1,18.99,Large,Les Originales
2026-02-19 17:41:19,Urban Kebab,1,23.49,XL,Les Originales
2026-02-19 17:42:25,Ultimate Meat,1,17.99,Medium,Toujours Plus
2026-02-19 17:42:25,Margherita,1,12.99,Medium,Les Bons Plans
2026-02-19 18:11:40,Chicken BBQ,1,21.99,XL,Les Grands Classiques
2026-02-19 18:11:40,Super Veggie,1,17.49,Medium,Les Gourmandes Veggies
2026-02-19 18:11:40,Royale Veggie,1,21.99,XL,Les Gourmandes Veggies
2026-02-19 18:13:19,Cheesy and Veggie,1,20.99,XL,Les Gourmandes Veggies
2026-02-19 18:21:31,Bacon Groovy,1,20.49,Large,Les Iconiques
2026-02-19 18:38:54,Chicken Delight,1,21.99,XL,Les Originales
2026-02-19 18:49:06,Hawaïenne Jambon,1,20.99,XL,Les Grands Classiques
2026-02-19 18:49:06,Peppina,1,22.99,XL,Les Gourmandes Veggies
2026-02-19 18:58:08,Chicken BBQ,1,15.99,Medium,Les Grands Classiques
2026-02-19 18:58:08,Steak and Cheese,1,20.99,XL,Les Grands Classiques
2026-02-19 18:59:05,Peppina Vegan,1,16.99,Medium,Les Vegans
2026-02-19 19:05:53,Margherita,1,15.99,Large,Les Bons Plans
2026-02-19 19:38:24,Extravaganzza,1,20.99,Large,Toujours Plus
2026-02-19 19:38:24,Divine 3 Fromages,1,21.99,XL,Éditions Limitées
2026-02-19 19:52:20,Ultimate Meat,1,17.99,Medium,Toujours Plus
2026-02-19 19:52:20,Bacon Groovy,1,20.49,Large,Les Iconiques
2026-02-19 19:52:20,Beef and Cheddar,1,17.99,Medium,Éditions Limitées
2026-02-19 19:52:20,Algérienne,1,15.99,Medium,Les Grands Classiques
2026-02-19 19:57:15,Diavola Haché au bœuf,1,21.99,XL,Les Originales
2026-02-19 19:57:15,Diavola Haché au bœuf,1,18.99,Large,Les Originales
2026-02-19 19:57:15,Pêcheur,1,21.99,XL,Les Grands Classiques
2026-02-19 19:57:23,Chicken Delight,1,21.99,XL,Les Originales
2026-02-19 19:57:23,Cannibale,1,17.49,Medium,Les Iconiques
2026-02-19 20:34:39,Chicken BBQ,1,18.99,Large,Les Grands Classiques
2026-02-19 20:34:39,Kebab and Spicy,1,21.99,XL,Les Originales
2026-02-19 20:34:39,Hawaïenne Poulet,1,20.99,XL,Les Grands Classiques
2026-02-19 20:34:39,Steak and Cheese,1,14.99,Medium,Les Grands Classiques
2026-02-19 21:27:34,Chèvre-Miel,1,21.99,XL,Les Iconiques
2026-02-19 21:27:34,Pepperoni Party,1,23.49,XL,Les Iconiques
2026-02-19 21:27:34,Diavola Pepperoni,1,18.99,Large,Les Originales
2026-02-19 21:27:34,Algérienne,1,21.99,XL,Les Grands Classiques
2026-02-19 21:32:12,Bacon Groovy,1,20.49,Large,Les Iconiques
2026-02-19 21:32:12,Crispy Cannibale,1,17.99,Medium,Les Originales
2026-02-19 21:56:20,Urban Kebab,1,23.49,XL,Les Originales
2026-02-20 11:53:36,Royale Veggie,1,21.99,XL,Les Gourmandes Veggies
2026-02-20 12:01:32,Diavola Haché au bœuf,1,15.99,Medium,Les Originales
2026-02-20 12:01:32,Bacon Groovy,1,23.49,XL,Les Iconiques
2026-02-20 12:01:32,Super Veggie,1,17.49,Medium,Les Gourmandes Veggies
2026-02-20 12:01:32,Originale Pepperoni,1,18.99,XL,Les Bons Plans
2026-02-20 12:06:37,Peppina,1,19.99,Large,Les Gourmandes Veggies
2026-02-20 12:09:54,Chicken Delight,1,21.99,XL,Les Originales
2026-02-20 12:21:25,Ultimate Meat,1,17.99,Medium,Toujours Plus
2026-02-20 12:21:25,Pepperoni Party,1,23.49,XL,Les Iconiques
2026-02-20 12:21:25,Kebab and Spicy,1,21.99,XL,Les Originales
2026-02-20 12:26:16,4 Fromages,1,17.49,Medium,Les Iconiques
2026-02-20 12:26:16,Chicken Delight,1,21.99,XL,Les Originales
2026-02-20 12:26:16,Hawaïenne Jambon,1,17.99,Large,Les Grands Classiques
2026-02-20 12:29:25,Kebab and Spicy,1,18.99,Large,Les Originales
2026-02-20 12:32:03,Bacon Groovy,2,34.98,Medium,Les Iconiques
2026-02-20 12:32:03,Pêcheur,1,18.99,Large,Les Grands Classiques
2026-02-20 12:32:03,Originale Pepperoni,1,15.99,Large,Les Bons Plans
2026-02-20 12:32:03,Kebab and Spicy,1,21.99,XL,Les Originales
2026-02-20 12:45:23,Algérienne,1,21.99,XL,Les Grands Classiques
2026-02-20 12:58:29,Ultimate Meat,1,17.99,Medium,Toujours Plus
2026-02-20 12:58:29,Hawaïenne Jambon,1,20.99,XL,Les Grands Classiques
2026-02-20 12:58:29,Cannibale,2,34.98,Medium,Les Iconiques
2026-02-20 12:58:29,Algérienne,1,21.99,XL,Les Grands Classiques
2026-02-20 12:59:05,Chicken BBQ,1,18.99,Large,Les Grands Classiques
2026-02-20 13:07:02,Super Veggie,1,20.49,Large,Les Gourmandes Veggies
2026-02-20 13:07:02,Originale Pepperoni,1,15.99,Large,Les Bons Plans
2026-02-20 13:09:41,Divine 3 Fromages,1,21.99,XL,Éditions Limitées
2026-02-20 13:12:40,Diavola Haché au bœuf,1,18.99,Large,Les Originales
2026-02-20 13:12:40,Bacon Groovy,1,23.49,XL,Les Iconiques
2026-02-20 13:12:40,Chèvre-Miel,1,18.99,Large,Les Iconiques
2026-02-20 13:12:40,Rocket Veggie,1,18.99,XL,Les Gourmandes Veggies
2026-02-20 13:12:40,Pêcheur,1,21.99,XL,Les Grands Classiques
2026-02-20 13:12:40,Margherita,1,18.99,XL,Les Bons Plans
2026-02-20 13:12:40,Steak and Cheese,1,20.99,XL,Les Grands Classiques
2026-02-20 13:15:28,Chicken BBQ,1,15.99,Medium,Les Grands Classiques
2026-02-20 13:17:11,Chicken and Cheddar,1,17.49,Medium,Éditions Limitées
2026-02-20 13:23:48,Hawaïenne Poulet,1,20.99,XL,Les Grands Classiques
2026-02-20 13:24:12,Diavola Haché au bœuf,1,18.99,Large,Les Originales
2026-02-20 13:24:12,Chicken Delight,1,18.99,Large,Les Originales
2026-02-20 13:24:12,Indienne,1,15.99,Medium,Les Grands Classiques
2026-02-20 13:24:12,Peppina Vegan,1,19.99,Large,Les Vegans
2026-02-20 13:29:47,Crispy Cannibale,1,20.99,Large,Les Originales
2026-02-20 13:29:47,Urban Kebab,1,17.49,Medium,Les Originales
2026-02-20 13:35:59,Chicken BBQ,1,15.99,Medium,Les Grands Classiques
2026-02-20 13:37:52,Ultimate Meat,1,17.99,Medium,Toujours Plus
2026-02-20 13:38:14,Chicken Delight,1,15.99,Medium,Les Originales
2026-02-20 13:38:14,Pepperoni Party,1,20.49,Large,Les Iconiques
2026-02-20 13:38:14,Cheesy and Veggie,1,14.99,Medium,Les Gourmandes Veggies
2026-02-20 13:38:14,Steak and Cheese,1,20.99,XL,Les Grands Classiques
2026-02-20 13:41:20,Extravaganzza,1,23.99,XL,Toujours Plus
2026-02-20 13:41:20,Royale Veggie,1,21.99,XL,Les Gourmandes Veggies
2026-02-20 13:41:20,Chicken and Cheddar,1,17.49,Medium,Éditions Limitées
2026-02-20 13:41:20,Hawaïenne Poulet,1,20.99,XL,Les Grands Classiques
2026-02-20 13:48:58,Royale Veggie,1,21.99,XL,Les Gourmandes Veggies
2026-02-20 13:55:24,Chicken Delight,1,15.99,Medium,Les Originales
2026-02-20 13:55:24,Originale Pepperoni,1,18.99,XL,Les Bons Plans
2026-02-20 13:55:24,Cannibale,1,23.49,XL,Les Iconiques
2026-02-20 13:55:24,Cheesy and Veggie,1,14.99,Medium,Les Gourmandes Veggies
2026-02-20 13:59:16,Chicken Delight,1,21.99,XL,Les Originales
2026-02-20 13:59:16,Extravaganzza,1,20.99,Large,Toujours Plus
2026-02-20 13:59:16,Pêcheur,1,15.99,Medium,Les Grands Classiques
2026-02-20 13:59:16,Cannibale,1,23.49,XL,Les Iconiques
2026-02-20 14:06:14,Chicken BBQ,1,18.99,Large,Les Grands Classiques
2026-02-20 14:06:14,Bacon Groovy,1,17.49,Medium,Les Iconiques
2026-02-20 14:06:14,Algérienne,1,15.99,Medium,Les Grands Classiques
2026-02-20 14:08:19,Pepperoni Party,1,17.49,Medium,Les Iconiques
2026-02-20 14:08:19,Cannibale,1,20.49,Large,Les Iconiques
2026-02-20 14:08:19,Cannibale,1,17.49,Medium,Les Iconiques
2026-02-20 14:08:19,Urban Kebab,1,23.49,XL,Les Originales
2026-02-20 14:54:29,Forestière,1,17.49,Medium,Les Grands Classiques
2026-02-20 14:55:08,Divine 3 Fromages,1,21.99,XL,Éditions Limitées
2026-02-20 14:55:08,Hawaïenne Poulet,1,20.99,XL,Les Grands Classiques
2026-02-20 14:55:08,Steak and Cheese,1,17.99,Large,Les Grands Classiques
2026-02-20 15:07:45,Ultimate Meat,1,17.99,Medium,Toujours Plus
2026-02-20 15:07:45,Rocket Veggie,1,18.99,XL,Les Gourmandes Veggies
2026-02-20 15:14:47,Diavola Haché au bœuf,1,18.99,Large,Les Originales
2026-02-20 15:14:47,Bacon Groovy,1,20.49,Large,Les Iconiques
2026-02-20 15:16:15,Chicken BBQ,1,21.99,XL,Les Grands Classiques
2026-02-20 15:16:15,Hawaïenne Jambon,1,17.99,Large,Les Grands Classiques
2026-02-20 15:46:43,Bacon Groovy,1,23.49,XL,Les Iconiques
2026-02-20 15:46:43,Originale Pepperoni,1,18.99,XL,Les Bons Plans
2026-02-20 15:48:51,Extravaganzza,1,20.99,Large,Toujours Plus
2026-02-20 15:48:51,Royale Veggie,1,15.99,Medium,Les Gourmandes Veggies
2026-02-20 16:09:58,Diavola Pepperoni,1,18.99,Large,Les Originales
2026-02-20 16:09:58,Steak and Cheese,1,17.99,Large,Les Grands Classiques
2026-02-20 16:25:39,Chicken BBQ,1,21.99,XL,Les Grands Classiques
2026-02-20 16:25:39,Bacon Groovy,1,23.49,XL,Les Iconiques
2026-02-20 16:25:39,Originale Pepperoni,1,15.99,Large,Les Bons Plans
2026-02-20 16:25:39,Kebab and Spicy,1,21.99,XL,Les Originales
2026-02-20 16:30:09,Pepperoni Party,1,23.49,XL,Les Iconiques
2026-02-20 16:30:09,Royale Veggie,1,15.99,Medium,Les Gourmandes Veggies
2026-02-20 16:30:09,Pêcheur,1,18.99,Large,Les Grands Classiques
2026-02-20 16:30:09,Hawaïenne Poulet,1,20.99,XL,Les Grands Classiques
2026-02-20 16:46:25,Chicken Delight,1,21.99,XL,Les Originales
2026-02-20 16:46:25,Hawaïenne Jambon,1,20.99,XL,Les Grands Classiques
2026-02-20 17:10:25,Chicken Delight,1,18.99,Large,Les Originales
2026-02-20 17:27:46,Chicken Delight,1,15.99,Medium,Les Originales
2026-02-20 17:27:46,Originale Pepperoni,1,18.99,XL,Les Bons Plans
2026-02-20 17:35:34,Peppina Vegan,1,19.99,Large,Les Vegans
2026-02-20 17:42:09,Chicken BBQ,1,15.99,Medium,Les Grands Classiques
2026-02-20 17:42:09,Diavola Haché au bœuf,1,18.99,Large,Les Originales
2026-02-20 17:42:09,Kebab and Spicy,1,15.99,Medium,Les Originales
2026-02-20 17:42:09,Peppina Vegan,1,22.99,XL,Les Vegans
2026-02-20 17:45:15,Originale Pepperoni,1,15.99,Large,Les Bons Plans
2026-02-20 17:45:15,Beef and Cheddar,1,20.99,Large,Éditions Limitées
2026-02-20 17:45:15,Steak and Cheese,1,20.99,XL,Les Grands Classiques
2026-02-20 17:49:20,Crispy Cannibale,1,17.99,Medium,Les Originales
2026-02-20 17:54:22,Chicken Delight,2,43.98,XL,Les Originales
2026-02-20 17:54:22,Pepperoni Party,1,23.49,XL,Les Iconiques
2026-02-20 17:54:22,Cannibale,1,20.49,Large,Les Iconiques
2026-02-20 17:57:09,Originale Pepperoni,1,12.99,Medium,Les Bons Plans
2026-02-20 17:57:09,Urban Kebab,1,23.49,XL,Les Originales
2026-02-20 17:57:21,Peppina Vegan,1,16.99,Medium,Les Vegans
2026-02-20 17:58:01,4 Fromages,1,17.49,Medium,Les Iconiques
2026-02-20 17:58:01,Divine 3 Fromages,1,21.99,XL,Éditions Limitées
2026-02-20 17:58:01,Rocket Veggie,1,18.99,XL,Les Gourmandes Veggies
2026-02-20 17:58:01,Peppina Vegan,1,19.99,Large,Les Vegans
2026-02-20 18:04:47,Bacon Groovy,1,17.49,Medium,Les Iconiques
2026-02-20 18:04:47,Super Veggie,1,17.49,Medium,Les Gourmandes Veggies
2026-02-20 18:42:15,Royale Veggie,2,43.98,XL,Les Gourmandes Veggies
2026-02-20 18:42:15,Pêcheur,1,18.99,Large,Les Grands Classiques
2026-02-20 18:42:15,Margherita,1,15.99,Large,Les Bons Plans
2026-02-20 19:01:48,Chicken and Cheddar,2,34.98,Medium,Éditions Limitées
2026-02-20 19:17:04,Peppina,1,16.99,Medium,Les Gourmandes Veggies
2026-02-20 19:19:17,Chèvre-Miel,1,18.99,Large,Les Iconiques
2026-02-20 19:19:17,Hawaïenne Jambon,1,20.99,XL,Les Grands Classiques
2026-02-20 19:19:17,Beef and Cheddar,1,17.99,Medium,Éditions Limitées
2026-02-20 19:26:34,Ultimate Meat,1,17.99,Medium,Toujours Plus
2026-02-20 19:26:34,Chicken Delight,1,18.99,Large,Les Originales
2026-02-20 19:36:58,Chicken Delight,1,18.99,Large,Les Originales
2026-02-20 19:36:58,Originale Pepperoni,1,18.99,XL,Les Bons Plans
2026-02-20 19:42:12,Chicken Delight,1,15.99,Medium,Les Originales
2026-02-20 19:42:12,Margherita,1,15.99,Large,Les Bons Plans
2026-02-20 19:51:17,Cheesy and Veggie,1,14.99,Medium,Les Gourmandes Veggies
2026-02-20 20:03:43,Chèvre-Miel,1,21.99,XL,Les Iconiques
2026-02-20 20:03:43,Rocket Veggie,1,18.99,XL,Les Gourmandes Veggies
2026-02-20 20:03:43,Peppina Vegan,1,16.99,Medium,Les Vegans
2026-02-20 20:06:45,Cannibale,2,46.98,XL,Les Iconiques
2026-02-20 20:12:13,Chicken Delight,1,21.99,XL,Les Originales
2026-02-20 20:12:13,Crispy Cannibale,1,23.99,XL,Les Originales
2026-02-20 20:12:13,Chicken and Cheddar,1,17.49,Medium,Éditions Limitées
2026-02-20 20:12:43,Indienne,1,18.99,Large,Les Grands Classiques
2026-02-20 20:12:43,Diavola Pepperoni,1,15.99,Medium,Les Originales
2026-02-20 20:22:25,Chicken Delight,1,18.99,Large,Les Originales
2026-02-20 20:22:25,Rocket Veggie,1,18.99,XL,Les Gourmandes Veggies
2026-02-20 20:22:25,Algérienne,1,21.99,XL,Les Grands Classiques
2026-02-20 20:22:25,Chicken and Cheddar,1,20.49,Large,Éditions Limitées
2026-02-20 20:45:09,Extravaganzza,1,20.99,Large,Toujours Plus
2026-02-20 20:47:39,Forestière,1,23.49,XL,Les Grands Classiques
2026-02-20 20:47:39,Originale Pepperoni,1,12.99,Medium,Les Bons Plans
2026-02-20 21:02:16,Originale Pepperoni,1,15.99,Large,Les Bons Plans
2026-02-20 21:14:34,Extravaganzza,1,23.99,XL,Toujours Plus
2026-02-20 21:14:34,Hawaïenne Jambon,1,14.99,Medium,Les Grands Classiques
2026-02-20 21:14:34,Originale Pepperoni,1,18.99,XL,Les Bons Plans
2026-02-20 21:14:34,Crispy Cannibale,1,23.99,XL,Les Originales
2026-02-20 21:28:46,Extravaganzza,1,20.99,Large,Toujours Plus
2026-02-20 21:28:46,Extravaganzza,1,17.99,Medium,Toujours Plus
2026-02-20 21:28:46,Cheesy and Veggie,1,17.99,Large,Les Gourmandes Veggies
2026-02-20 21:28:46,Hawaïenne Poulet,1,20.99,XL,Les Grands Classiques
2026-02-20 21:36:46,Chèvre-Miel,1,21.99,XL,Les Iconiques
2026-02-20 21:39:19,Chicken BBQ,1,21.99,XL,Les Grands Classiques
2026-02-20 21:39:19,Chicken Delight,1,21.99,XL,Les Originales
2026-02-20 22:11:07,Diavola Haché au bœuf,1,15.99,Medium,Les Originales
2026-02-20 22:11:07,Pepperoni Party,1,20.49,Large,Les Iconiques
2026-02-20 22:11:07,Rocket Veggie,1,15.99,Large,Les Gourmandes Veggies
2026-02-20 22:12:20,Chèvre-Miel,1,21.99,XL,Les Iconiques
2026-02-20 22:12:20,Forestière,1,17.49,Medium,Les Grands Classiques
2026-02-20 22:12:20,Pepperoni Party,1,23.49,XL,Les Iconiques
2026-02-20 22:17:15,Hawaïenne Poulet,1,20.99,XL,Les Grands Classiques
2026-02-21 11:43:29,Rocket Veggie,1,12.99,Medium,Les Gourmandes Veggies
2026-02-21 12:04:27,Ultimate Meat,1,17.99,Medium,Toujours Plus
2026-02-21 12:23:18,Ultimate Meat,1,17.99,Medium,Toujours Plus
2026-02-21 12:23:18,Pêcheur,1,21.99,XL,Les Grands Classiques
2026-02-21 12:23:18,Originale Pepperoni,1,12.99,Medium,Les Bons Plans
2026-02-21 12:23:18,Algérienne,1,18.99,Large,Les Grands Classiques
2026-02-21 12:35:15,Pêcheur,1,21.99,XL,Les Grands Classiques
2026-02-21 12:37:30,Chicken BBQ,1,21.99,XL,Les Grands Classiques
2026-02-21 12:37:30,Chicken BBQ,1,15.99,Medium,Les Grands Classiques
2026-02-21 12:37:30,Diavola Haché au bœuf,1,21.99,XL,Les Originales
2026-02-21 12:37:30,Hawaïenne Jambon,1,17.99,Large,Les Grands Classiques
2026-02-21 12:37:30,Peppina,1,19.99,Large,Les Gourmandes Veggies
2026-02-21 12:37:30,Pêcheur,1,15.99,Medium,Les Grands Classiques
2026-02-21 12:37:30,Algérienne,1,15.99,Medium,Les Grands Classiques
2026-02-21 12:37:30,Kebab and Spicy,1,21.99,XL,Les Originales
2026-02-21 12:37:30,Hawaïenne Poulet,1,14.99,Medium,Les Grands Classiques
2026-02-21 12:43:43,Divine 3 Fromages,1,21.99,XL,Éditions Limitées
2026-02-21 12:43:43,Chèvre-Miel,2,43.98,XL,Les Iconiques
2026-02-21 12:43:43,Chèvre-Miel,1,18.99,Large,Les Iconiques
2026-02-21 12:44:07,Chicken Delight,1,18.99,Large,Les Originales
2026-02-21 12:44:07,Peppina,1,19.99,Large,Les Gourmandes Veggies
2026-02-21 12:49:36,Diavola Pepperoni,1,15.99,Medium,Les Originales
2026-02-21 12:57:21,Rocket Veggie,1,15.99,Large,Les Gourmandes Veggies
2026-02-21 12:59:13,Extravaganzza,1,23.99,XL,Toujours Plus
2026-02-21 12:59:13,Super Veggie,1,17.49,Medium,Les Gourmandes Veggies
2026-02-21 13:20:12,Beef and Cheddar,1,20.99,Large,Éditions Limitées
2026-02-21 13:20:12,Steak and Cheese,1,14.99,Medium,Les Grands Classiques
2026-02-21 13:42:51,Ultimate Meat,1,17.99,Medium,Toujours Plus
2026-02-21 13:42:51,Hawaïenne Poulet,1,17.99,Large,Les Grands Classiques
2026-02-21 13:42:51,Steak and Cheese,1,20.99,XL,Les Grands Classiques
2026-02-21 14:03:29,Extravaganzza,1,20.99,Large,Toujours Plus
2026-02-21 14:03:29,Divine 3 Fromages,1,21.99,XL,Éditions Limitées
2026-02-21 14:03:29,Hawaïenne Jambon,1,14.99,Medium,Les Grands Classiques
2026-02-21 14:03:29,Pêcheur,1,15.99,Medium,Les Grands Classiques
2026-02-21 14:04:59,Cheesy and Veggie,1,17.99,Large,Les Gourmandes Veggies
2026-02-21 14:04:59,Hawaïenne Poulet,1,20.99,XL,Les Grands Classiques
2026-02-21 14:41:55,Super Veggie,1,20.49,Large,Les Gourmandes Veggies
2026-02-21 14:41:55,Peppina,1,19.99,Large,Les Gourmandes Veggies
2026-02-21 14:41:55,Algérienne,1,21.99,XL,Les Grands Classiques
2026-02-21 15:07:39,Hawaïenne Jambon,1,17.99,Large,Les Grands Classiques
2026-02-21 15:10:02,Ultimate Meat,1,17.99,Medium,Toujours Plus
2026-02-21 15:11:34,Chicken BBQ,2,43.98,XL,Les Grands Classiques
2026-02-21 15:11:34,4 Fromages,1,17.49,Medium,Les Iconiques
2026-02-21 15:11:34,Bacon Groovy,1,20.49,Large,Les Iconiques
2026-02-21 15:11:34,Chèvre-Miel,1,18.99,Large,Les Iconiques
2026-02-21 15:11:34,Urban Kebab,1,17.49,Medium,Les Originales
2026-02-21 15:11:34,Hawaïenne Poulet,1,20.99,XL,Les Grands Classiques
2026-02-21 15:11:34,Hawaïenne Poulet,1,17.99,Large,Les Grands Classiques
2026-02-21 15:12:31,Chèvre-Miel,1,21.99,XL,Les Iconiques
2026-02-21 15:12:31,Rocket Veggie,1,18.99,XL,Les Gourmandes Veggies
2026-02-21 15:25:30,Chicken BBQ,1,21.99,XL,Les Grands Classiques
2026-02-21 15:25:30,4 Fromages,1,17.49,Medium,Les Iconiques
2026-02-21 15:25:30,Cannibale,1,20.49,Large,Les Iconiques
2026-02-21 15:26:00,Peppina,1,19.99,Large,Les Gourmandes Veggies
2026-02-21 15:26:00,Kebab and Spicy,1,21.99,XL,Les Originales
2026-02-21 15:37:24,Peppina,1,19.99,Large,Les Gourmandes Veggies
2026-02-21 15:41:20,Steak and Cheese,1,14.99,Medium,Les Grands Classiques
2026-02-21 16:12:23,Ultimate Meat,1,17.99,Medium,Toujours Plus
2026-02-21 16:12:23,Diavola Haché au bœuf,1,21.99,XL,Les Originales
2026-02-21 16:12:23,Chèvre-Miel,1,21.99,XL,Les Iconiques
2026-02-21 16:12:23,Kebab and Spicy,1,21.99,XL,Les Originales
2026-02-21 16:32:10,Ultimate Meat,1,17.99,Medium,Toujours Plus
2026-02-21 16:32:10,Extravaganzza,1,23.99,XL,Toujours Plus
2026-02-21 16:32:10,Cheesy and Veggie,1,14.99,Medium,Les Gourmandes Veggies
2026-02-21 16:37:19,Chicken BBQ,1,18.99,Large,Les Grands Classiques
2026-02-21 16:45:25,Hawaïenne Poulet,1,20.99,XL,Les Grands Classiques
2026-02-21 16:46:37,Ultimate Meat,2,35.98,Medium,Toujours Plus
2026-02-21 16:46:37,Chèvre-Miel,1,21.99,XL,Les Iconiques
2026-02-21 16:46:37,Peppina,1,16.99,Medium,Les Gourmandes Veggies
2026-02-21 17:16:04,Pepperoni Party,1,20.49,Large,Les Iconiques
2026-02-21 17:26:20,Urban Kebab,1,23.49,XL,Les Originales
2026-02-21 17:26:20,Algérienne,1,18.99,Large,Les Grands Classiques
2026-02-21 17:28:57,Chicken BBQ,1,18.99,Large,Les Grands Classiques
2026-02-21 17:28:57,Diavola Pepperoni,1,15.99,Medium,Les Originales
2026-02-21 17:28:57,Kebab and Spicy,1,21.99,XL,Les Originales
2026-02-21 17:28:57,Hawaïenne Poulet,1,20.99,XL,Les Grands Classiques
2026-02-21 17:30:27,Chicken Delight,1,21.99,XL,Les Originales
2026-02-21 17:30:27,Chèvre-Miel,1,21.99,XL,Les Iconiques
2026-02-21 17:30:27,Peppina Vegan,1,22.99,XL,Les Vegans
2026-02-21 17:54:51,Extravaganzza,1,17.99,Medium,Toujours Plus
2026-02-21 18:11:42,Diavola Haché au bœuf,1,18.99,Large,Les Originales
2026-02-21 18:11:42,Hawaïenne Poulet,1,20.99,XL,Les Grands Classiques
2026-02-21 18:12:32,4 Fromages,1,17.49,Medium,Les Iconiques
2026-02-21 18:12:32,Chèvre-Miel,1,21.99,XL,Les Iconiques
2026-02-21 18:12:32,Peppina,1,16.99,Medium,Les Gourmandes Veggies
2026-02-21 18:12:32,Peppina Vegan,1,16.99,Medium,Les Vegans
2026-02-21 18:13:22,Diavola Haché au bœuf,1,21.99,XL,Les Originales
2026-02-21 18:13:22,Extravaganzza,1,23.99,XL,Toujours Plus
2026-02-21 18:13:49,Chicken Delight,1,21.99,XL,Les Originales
2026-02-21 18:15:34,Peppina Vegan,1,16.99,Medium,Les Vegans
2026-02-21 18:28:28,Divine 3 Fromages,1,21.99,XL,Éditions Limitées
2026-02-21 18:28:28,Forestière,1,17.49,Medium,Les Grands Classiques
2026-02-21 18:47:53,Originale Pepperoni,1,15.99,Large,Les Bons Plans
2026-02-21 19:07:50,Diavola Haché au bœuf,1,21.99,XL,Les Originales
2026-02-21 19:07:50,Crispy Cannibale,1,20.99,Large,Les Originales
2026-02-21 19:16:59,Super Veggie,1,20.49,Large,Les Gourmandes Veggies
2026-02-21 19:21:02,Chicken BBQ,1,21.99,XL,Les Grands Classiques
2026-02-21 19:21:02,Originale Pepperoni,1,15.99,Large,Les Bons Plans
2026-02-21 19:25:20,Forestière,1,23.49,XL,Les Grands Classiques
2026-02-21 19:29:14,Extravaganzza,1,17.99,Medium,Toujours Plus
2026-02-21 19:29:14,Super Veggie,1,23.49,XL,Les Gourmandes Veggies
2026-02-21 19:46:07,Super Veggie,1,17.49,Medium,Les Gourmandes Veggies
2026-02-21 19:46:07,Algérienne,1,21.99,XL,Les Grands Classiques
2026-02-21 19:59:20,Chèvre-Miel,1,21.99,XL,Les Iconiques
2026-02-21 19:59:20,Originale Pepperoni,1,18.99,XL,Les Bons Plans
2026-02-21 19:59:20,Margherita,1,15.99,Large,Les Bons Plans
2026-02-21 20:12:37,Divine 3 Fromages,1,21.99,XL,Éditions Limitées
2026-02-21 20:12:37,Hawaïenne Jambon,1,20.99,XL,Les Grands Classiques
2026-02-21 20:12:37,Peppina Vegan,1,16.99,Medium,Les Vegans
2026-02-21 20:35:12,Chicken Delight,1,18.99,Large,Les Originales
2026-02-21 20:40:10,Indienne,1,18.99,Large,Les Grands Classiques
2026-02-21 20:40:10,Forestière,1,23.49,XL,Les Grands Classiques
2026-02-21 20:40:10,Peppina Vegan,1,22.99,XL,Les Vegans
2026-02-21 21:45:43,Hawaïenne Jambon,1,20.99,XL,Les Grands Classiques
2026-02-21 21:50:56,Pêcheur,1,15.99,Medium,Les Grands Classiques
2026-02-21 21:59:36,Pêcheur,1,18.99,Large,Les Grands Classiques
2026-02-21 21:59:36,Diavola Pepperoni,1,15.99,Medium,Les Originales
2026-02-21 22:14:02,Algérienne,1,15.99,Medium,Les Grands Classiques
2026-02-21 22:55:11,Chicken BBQ,1,18.99,Large,Les Grands Classiques
2026-02-21 22:55:11,Chicken Delight,1,15.99,Medium,Les Originales
2026-02-21 22:55:11,Chèvre-Miel,1,21.99,XL,Les Iconiques
2026-02-21 23:05:24,Rocket Veggie,1,18.99,XL,Les Gourmandes Veggies
2026-02-21 23:05:24,Pêcheur,1,21.99,XL,Les Grands Classiques
2026-02-21 23:05:24,Beef and Cheddar,1,23.99,XL,Éditions Limitées
2026-02-22 11:40:25,Ultimate Meat,1,17.99,Medium,Toujours Plus
2026-02-22 11:40:25,Extravaganzza,1,20.99,Large,Toujours Plus
2026-02-22 12:00:54,Chicken BBQ,1,21.99,XL,Les Grands Classiques
2026-02-22 12:39:19,Chicken Delight,1,21.99,XL,Les Originales
2026-02-22 12:39:19,Hawaïenne Jambon,1,14.99,Medium,Les Grands Classiques
2026-02-22 12:39:19,Originale Pepperoni,1,15.99,Large,Les Bons Plans
2026-02-22 12:39:19,Crispy Cannibale,1,23.99,XL,Les Originales
2026-02-22 12:39:19,Urban Kebab,3,61.47,Large,Les Originales
2026-02-22 12:39:19,Kebab and Spicy,1,18.99,Large,Les Originales
2026-02-22 12:39:19,Margherita,1,12.99,Medium,Les Bons Plans
2026-02-22 12:39:19,Hawaïenne Poulet,2,41.98,XL,Les Grands Classiques
2026-02-22 12:40:49,Diavola Pepperoni,1,21.99,XL,Les Originales
2026-02-22 13:02:28,Chicken BBQ,1,21.99,XL,Les Grands Classiques
2026-02-22 13:02:28,Chicken Delight,1,21.99,XL,Les Originales
2026-02-22 13:02:28,Indienne,1,21.99,XL,Les Grands Classiques
2026-02-22 13:02:28,Bacon Groovy,1,20.49,Large,Les Iconiques
2026-02-22 13:02:28,Extravaganzza,1,20.99,Large,Toujours Plus
2026-02-22 13:02:28,Diavola Pepperoni,1,15.99,Medium,Les Originales
2026-02-22 13:02:28,Originale Pepperoni,1,12.99,Medium,Les Bons Plans
2026-02-22 13:02:28,Algérienne,1,21.99,XL,Les Grands Classiques
2026-02-22 13:11:07,Forestière,1,20.49,Large,Les Grands Classiques
2026-02-22 13:40:06,Cannibale,1,17.49,Medium,Les Iconiques
2026-02-22 14:15:23,Steak and Cheese,1,20.99,XL,Les Grands Classiques
2026-02-22 14:17:17,Chicken Delight,1,15.99,Medium,Les Originales
2026-02-22 14:17:17,Forestière,1,23.49,XL,Les Grands Classiques
2026-02-22 14:17:17,Cheesy and Veggie,1,14.99,Medium,Les Gourmandes Veggies
2026-02-22 14:17:17,Margherita,1,15.99,Large,Les Bons Plans
2026-02-22 15:16:59,Ultimate Meat,1,17.99,Medium,Toujours Plus
2026-02-22 15:16:59,Cannibale,1,23.49,XL,Les Iconiques
2026-02-22 15:26:04,Divine 3 Fromages,1,21.99,XL,Éditions Limitées
2026-02-22 15:26:04,Peppina,1,16.99,Medium,Les Gourmandes Veggies
2026-02-22 15:26:04,Diavola Pepperoni,1,21.99,XL,Les Originales
2026-02-22 15:26:04,Algérienne,1,21.99,XL,Les Grands Classiques
2026-02-22 15:41:07,Chicken BBQ,1,18.99,Large,Les Grands Classiques
2026-02-22 15:41:07,Extravaganzza,1,17.99,Medium,Toujours Plus
2026-02-22 15:41:07,Hawaïenne Jambon,1,14.99,Medium,Les Grands Classiques
2026-02-22 15:41:07,Originale Pepperoni,1,15.99,Large,Les Bons Plans
2026-02-22 15:55:09,Chèvre-Miel,1,21.99,XL,Les Iconiques
2026-02-22 15:55:09,Crispy Cannibale,1,17.99,Medium,Les Originales
2026-02-22 15:55:09,Kebab and Spicy,2,37.98,Large,Les Originales
2026-02-22 15:59:59,Extravaganzza,1,17.99,Medium,Toujours Plus
2026-02-22 15:59:59,Urban Kebab,1,20.49,Large,Les Originales
2026-02-22 15:59:59,Beef and Cheddar,1,23.99,XL,Éditions Limitées
2026-02-22 15:59:59,Chicken and Cheddar,1,23.49,XL,Éditions Limitées
2026-02-22 16:03:50,Urban Kebab,1,20.49,Large,Les Originales
2026-02-22 16:23:12,Urban Kebab,1,17.49,Medium,Les Originales
2026-02-22 16:23:12,Kebab and Spicy,1,21.99,XL,Les Originales
2026-02-22 16:23:12,Chicken and Cheddar,1,17.49,Medium,Éditions Limitées
2026-02-22 16:23:23,Divine 3 Fromages,1,21.99,XL,Éditions Limitées
2026-02-22 16:34:34,Super Veggie,1,17.49,Medium,Les Gourmandes Veggies
2026-02-22 16:34:34,Margherita,1,18.99,XL,Les Bons Plans
2026-02-22 16:34:34,Peppina Vegan,1,19.99,Large,Les Vegans
2026-02-22 16:42:27,Forestière,1,23.49,XL,Les Grands Classiques
2026-02-22 16:42:27,Royale Veggie,1,15.99,Medium,Les Gourmandes Veggies
2026-02-22 16:42:27,Diavola Pepperoni,1,21.99,XL,Les Originales
2026-02-22 16:42:27,Steak and Cheese,1,20.99,XL,Les Grands Classiques
2026-02-22 17:00:52,Diavola Pepperoni,1,15.99,Medium,Les Originales
2026-02-22 17:00:52,Peppina Vegan,1,22.99,XL,Les Vegans
2026-02-22 17:44:21,Steak and Cheese,1,17.99,Large,Les Grands Classiques
2026-02-22 18:28:37,Hawaïenne Poulet,1,17.99,Large,Les Grands Classiques
2026-02-22 18:57:53,Chicken Delight,1,21.99,XL,Les Originales
2026-02-22 18:57:53,Hawaïenne Poulet,1,17.99,Large,Les Grands Classiques
2026-02-22 19:34:23,Chicken Delight,1,15.99,Medium,Les Originales
2026-02-22 19:34:23,Extravaganzza,1,20.99,Large,Toujours Plus
2026-02-22 19:35:02,Hawaïenne Jambon,1,14.99,Medium,Les Grands Classiques
2026-02-22 19:38:44,Crispy Cannibale,1,23.99,XL,Les Originales
2026-02-22 19:38:44,Peppina Vegan,1,16.99,Medium,Les Vegans
2026-02-22 19:51:29,Diavola Haché au bœuf,1,21.99,XL,Les Originales
2026-02-22 19:51:29,Chicken Delight,1,18.99,Large,Les Originales
2026-02-22 19:53:24,Divine 3 Fromages,1,21.99,XL,Éditions Limitées
2026-02-22 19:53:24,Diavola Pepperoni,1,15.99,Medium,Les Originales
2026-02-22 19:53:24,Urban Kebab,1,20.49,Large,Les Originales
2026-02-22 19:53:24,Urban Kebab,1,17.49,Medium,Les Originales
2026-02-22 20:40:55,Divine 3 Fromages,1,21.99,XL,Éditions Limitées
2026-02-22 20:40:55,Diavola Pepperoni,1,21.99,XL,Les Originales
2026-02-22 20:40:55,Algérienne,1,15.99,Medium,Les Grands Classiques
2026-02-22 20:43:58,Ultimate Meat,1,17.99,Medium,Toujours Plus
2026-02-22 20:47:46,Cheesy and Veggie,1,17.99,Large,Les Gourmandes Veggies
2026-02-22 21:02:45,Hawaïenne Poulet,1,20.99,XL,Les Grands Classiques
2026-02-22 21:02:45,Steak and Cheese,1,20.99,XL,Les Grands Classiques
2026-02-22 21:12:20,Chicken Delight,1,21.99,XL,Les Originales
2026-02-22 21:13:36,Indienne,1,15.99,Medium,Les Grands Classiques
2026-02-22 21:13:36,Urban Kebab,1,20.49,Large,Les Originales
2026-02-22 21:13:36,Kebab and Spicy,1,18.99,Large,Les Originales
2026-02-22 21:13:36,Cheesy and Veggie,1,20.99,XL,Les Gourmandes Veggies
2026-02-22 21:36:58,Ultimate Meat,1,17.99,Medium,Toujours Plus
2026-02-22 21:50:42,Chicken BBQ,1,18.99,Large,Les Grands Classiques
2026-02-22 21:50:42,Ultimate Meat,1,17.99,Medium,Toujours Plus
2026-02-22 21:50:42,Hawaïenne Jambon,1,14.99,Medium,Les Grands Classiques
2026-02-22 21:50:42,Margherita,1,12.99,Medium,Les Bons Plans
2026-02-22 22:13:50,Extravaganzza,1,23.99,XL,Toujours Plus
2026-02-22 22:13:50,Cheesy and Veggie,1,17.99,Large,Les Gourmandes Veggies
2026-02-22 22:13:50,Hawaïenne Poulet,1,14.99,Medium,Les Grands Classiques
2026-02-23 11:18:31,Beef and Cheddar,1,23.99,XL,Éditions Limitées
2026-02-23 11:52:30,Chicken BBQ,1,21.99,XL,Les Grands Classiques
2026-02-23 11:52:30,Extravaganzza,1,17.99,Medium,Toujours Plus
2026-02-23 11:54:41,Chicken Delight,1,15.99,Medium,Les Originales
2026-02-23 11:54:41,Pêcheur,1,18.99,Large,Les Grands Classiques
2026-02-23 11:54:41,Diavola Pepperoni,1,18.99,Large,Les Originales
2026-02-23 12:09:18,Bacon Groovy,1,23.49,XL,Les Iconiques
2026-02-23 12:10:43,Hawaïenne Jambon,1,14.99,Medium,Les Grands Classiques
2026-02-23 12:10:43,Pepperoni Party,1,23.49,XL,Les Iconiques
2026-02-23 12:10:43,Beef and Cheddar,1,23.99,XL,Éditions Limitées
2026-02-23 12:21:42,Chicken Delight,1,18.99,Large,Les Originales
2026-02-23 12:21:42,Rocket Veggie,1,12.99,Medium,Les Gourmandes Veggies
2026-02-23 12:23:43,Bacon Groovy,1,20.49,Large,Les Iconiques
2026-02-23 12:23:43,Originale Pepperoni,1,18.99,XL,Les Bons Plans
2026-02-23 12:30:16,Kebab and Spicy,1,15.99,Medium,Les Originales
2026-02-23 12:41:52,Chicken BBQ,1,18.99,Large,Les Grands Classiques
2026-02-23 12:41:52,Peppina,1,22.99,XL,Les Gourmandes Veggies
2026-02-23 12:41:52,Peppina,1,19.99,Large,Les Gourmandes Veggies
2026-02-23 12:41:52,Algérienne,1,21.99,XL,Les Grands Classiques
2026-02-23 12:44:52,Cannibale,1,23.49,XL,Les Iconiques
2026-02-23 12:51:43,Chicken Delight,1,21.99,XL,Les Originales
2026-02-23 12:51:43,Peppina Vegan,1,19.99,Large,Les Vegans
2026-02-23 12:57:29,Peppina,1,19.99,Large,Les Gourmandes Veggies
2026-02-23 13:04:34,Pepperoni Party,1,23.49,XL,Les Iconiques
2026-02-23 13:15:00,Super Veggie,1,23.49,XL,Les Gourmandes Veggies
2026-02-23 13:22:07,Pepperoni Party,1,20.49,Large,Les Iconiques
2026-02-23 13:22:07,Pêcheur,1,21.99,XL,Les Grands Classiques
2026-02-23 13:22:07,Peppina Vegan,1,16.99,Medium,Les Vegans
2026-02-23 13:22:54,Chicken Delight,1,21.99,XL,Les Originales
2026-02-23 13:22:54,Pêcheur,1,21.99,XL,Les Grands Classiques
2026-02-23 13:22:54,Diavola Pepperoni,1,15.99,Medium,Les Originales
2026-02-23 13:27:18,Chicken BBQ,2,43.98,XL,Les Grands Classiques
2026-02-23 13:27:18,Chicken Delight,1,18.99,Large,Les Originales
2026-02-23 13:27:18,Extravaganzza,1,20.99,Large,Toujours Plus
2026-02-23 13:27:18,Divine 3 Fromages,1,21.99,XL,Éditions Limitées
2026-02-23 13:27:18,Forestière,1,20.49,Large,Les Grands Classiques
2026-02-23 13:27:18,Originale Pepperoni,1,15.99,Large,Les Bons Plans
2026-02-23 13:27:18,Originale Pepperoni,1,12.99,Medium,Les Bons Plans
2026-02-23 13:27:18,Urban Kebab,1,23.49,XL,Les Originales
2026-02-23 13:27:18,Algérienne,1,15.99,Medium,Les Grands Classiques
2026-02-23 13:27:18,Kebab and Spicy,1,21.99,XL,Les Originales
2026-02-23 13:27:18,Kebab and Spicy,2,37.98,Large,Les Originales
2026-02-23 13:27:18,Margherita,1,18.99,XL,Les Bons Plans
2026-02-23 13:34:56,Beef and Cheddar,1,23.99,XL,Éditions Limitées
2026-02-23 13:59:04,Chicken Delight,2,43.98,XL,Les Originales
2026-02-23 13:59:04,Indienne,1,21.99,XL,Les Grands Classiques
2026-02-23 13:59:04,Hawaïenne Jambon,1,20.99,XL,Les Grands Classiques
2026-02-23 13:59:04,Forestière,1,23.49,XL,Les Grands Classiques
2026-02-23 13:59:04,Originale Pepperoni,1,15.99,Large,Les Bons Plans
2026-02-23 13:59:04,Algérienne,1,21.99,XL,Les Grands Classiques
2026-02-23 13:59:04,Hawaïenne Poulet,1,20.99,XL,Les Grands Classiques
2026-02-23 13:59:04,Steak and Cheese,1,20.99,XL,Les Grands Classiques
2026-02-23 14:24:16,Divine 3 Fromages,1,21.99,XL,Éditions Limitées
2026-02-23 14:24:16,Peppina Vegan,1,16.99,Medium,Les Vegans
2026-02-23 15:11:01,Pepperoni Party,1,23.49,XL,Les Iconiques
2026-02-23 15:11:01,Peppina Vegan,1,22.99,XL,Les Vegans
2026-02-23 15:19:27,Diavola Pepperoni,1,18.99,Large,Les Originales
2026-02-23 15:49:25,Chicken and Cheddar,1,20.49,Large,Éditions Limitées
2026-02-23 16:19:34,Chèvre-Miel,1,21.99,XL,Les Iconiques
2026-02-23 16:24:11,Indienne,1,18.99,Large,Les Grands Classiques
2026-02-23 16:24:11,Diavola Pepperoni,1,15.99,Medium,Les Originales
2026-02-23 16:24:11,Steak and Cheese,1,14.99,Medium,Les Grands Classiques
2026-02-23 16:28:00,Pêcheur,1,21.99,XL,Les Grands Classiques
2026-02-23 16:28:00,Kebab and Spicy,1,21.99,XL,Les Originales
2026-02-23 16:36:02,Extravaganzza,1,20.99,Large,Toujours Plus
2026-02-23 16:40:05,Super Veggie,1,23.49,XL,Les Gourmandes Veggies
2026-02-23 16:40:05,Peppina Vegan,1,22.99,XL,Les Vegans
2026-02-23 17:13:58,4 Fromages,1,17.49,Medium,Les Iconiques
2026-02-23 17:13:58,Hawaïenne Poulet,1,14.99,Medium,Les Grands Classiques
2026-02-23 17:16:39,Hawaïenne Jambon,1,20.99,XL,Les Grands Classiques
2026-02-23 17:16:39,Chicken and Cheddar,1,20.49,Large,Éditions Limitées
2026-02-23 17:21:33,Bacon Groovy,1,23.49,XL,Les Iconiques
2026-02-23 17:21:33,Forestière,1,23.49,XL,Les Grands Classiques
2026-02-23 17:21:33,Chicken and Cheddar,1,23.49,XL,Éditions Limitées
2026-02-23 17:21:33,Peppina Vegan,1,22.99,XL,Les Vegans
2026-02-23 17:22:50,Bacon Groovy,1,20.49,Large,Les Iconiques
2026-02-23 17:22:50,Forestière,1,20.49,Large,Les Grands Classiques
2026-02-23 17:22:50,Margherita,1,12.99,Medium,Les Bons Plans
2026-02-23 17:22:50,Steak and Cheese,1,20.99,XL,Les Grands Classiques
2026-02-23 17:23:12,Hawaïenne Poulet,1,20.99,XL,Les Grands Classiques
2026-02-23 17:23:12,Peppina Vegan,1,16.99,Medium,Les Vegans
2026-02-23 17:29:25,Pêcheur,1,15.99,Medium,Les Grands Classiques
2026-02-23 17:29:25,Cannibale,1,23.49,XL,Les Iconiques
2026-02-23 17:31:33,Chicken Delight,1,18.99,Large,Les Originales
2026-02-23 17:31:33,Pêcheur,1,21.99,XL,Les Grands Classiques
2026-02-23 17:31:33,Hawaïenne Poulet,1,20.99,XL,Les Grands Classiques
2026-02-23 17:31:54,Ultimate Meat,1,17.99,Medium,Toujours Plus
2026-02-23 17:31:54,Originale Pepperoni,1,12.99,Medium,Les Bons Plans
2026-02-23 17:31:54,Cheesy and Veggie,1,20.99,XL,Les Gourmandes Veggies
2026-02-23 17:31:54,Chicken and Cheddar,1,17.49,Medium,Éditions Limitées
2026-02-23 17:34:41,Extravaganzza,1,23.99,XL,Toujours Plus
2026-02-23 17:34:41,Hawaïenne Jambon,1,14.99,Medium,Les Grands Classiques
2026-02-23 17:41:51,Extravaganzza,1,17.99,Medium,Toujours Plus
2026-02-23 17:42:59,Ultimate Meat,1,17.99,Medium,Toujours Plus
2026-02-23 18:05:29,Extravaganzza,1,17.99,Medium,Toujours Plus
2026-02-23 18:05:29,Forestière,1,17.49,Medium,Les Grands Classiques
2026-02-23 18:05:29,Royale Veggie,1,21.99,XL,Les Gourmandes Veggies
2026-02-23 18:05:29,Margherita,1,12.99,Medium,Les Bons Plans
2026-02-23 18:22:26,Diavola Haché au bœuf,1,15.99,Medium,Les Originales
2026-02-23 18:22:26,Extravaganzza,1,20.99,Large,Toujours Plus
2026-02-23 18:33:38,Chicken BBQ,1,18.99,Large,Les Grands Classiques
2026-02-23 18:33:38,Royale Veggie,1,21.99,XL,Les Gourmandes Veggies
2026-02-23 18:37:54,Chicken Delight,1,15.99,Medium,Les Originales
2026-02-23 18:39:22,Cannibale,1,17.49,Medium,Les Iconiques
2026-02-23 18:48:26,Originale Pepperoni,1,18.99,XL,Les Bons Plans
2026-02-23 18:51:30,Chèvre-Miel,1,21.99,XL,Les Iconiques
2026-02-23 18:51:30,Pepperoni Party,1,23.49,XL,Les Iconiques
2026-02-23 18:51:30,Peppina,1,16.99,Medium,Les Gourmandes Veggies
2026-02-23 18:51:30,Royale Veggie,1,21.99,XL,Les Gourmandes Veggies
2026-02-23 19:56:16,Chicken Delight,1,18.99,Large,Les Originales
2026-02-23 19:56:16,Indienne,1,18.99,Large,Les Grands Classiques
2026-02-23 19:56:16,Chèvre-Miel,1,18.99,Large,Les Iconiques
2026-02-23 19:56:16,Cannibale,1,17.49,Medium,Les Iconiques
2026-02-23 19:57:22,Extravaganzza,1,17.99,Medium,Toujours Plus
2026-02-23 20:21:54,Diavola Haché au bœuf,1,18.99,Large,Les Originales
2026-02-23 20:21:54,Cannibale,1,23.49,XL,Les Iconiques
2026-02-23 20:33:37,Hawaïenne Jambon,1,20.99,XL,Les Grands Classiques
2026-02-23 21:09:47,Extravaganzza,1,23.99,XL,Toujours Plus
2026-02-23 21:19:27,Hawaïenne Jambon,1,17.99,Large,Les Grands Classiques
2026-02-23 21:19:27,Crispy Cannibale,1,17.99,Medium,Les Originales
2026-02-23 21:19:27,Chicken and Cheddar,1,17.49,Medium,Éditions Limitées
2026-02-23 22:05:27,Diavola Haché au bœuf,1,21.99,XL,Les Originales
2026-02-23 22:05:27,Super Veggie,1,23.49,XL,Les Gourmandes Veggies
2026-02-23 22:05:27,Peppina Vegan,1,16.99,Medium,Les Vegans
2026-02-23 22:22:21,Ultimate Meat,1,17.99,Medium,Toujours Plus
2026-02-24 11:44:17,Extravaganzza,1,23.99,XL,Toujours Plus
2026-02-24 11:56:22,Extravaganzza,1,20.99,Large,Toujours Plus
2026-02-24 11:56:22,Royale Veggie,1,21.99,XL,Les Gourmandes Veggies
2026-02-24 11:56:22,Originale Pepperoni,2,25.98,Medium,Les Bons Plans
2026-02-24 11:56:22,Crispy Cannibale,1,23.99,XL,Les Originales
2026-02-24 11:56:22,Beef and Cheddar,1,23.99,XL,Éditions Limitées
2026-02-24 11:57:44,Indienne,1,18.99,Large,Les Grands Classiques
2026-02-24 11:57:44,Kebab and Spicy,1,15.99,Medium,Les Originales
2026-02-24 12:08:42,Hawaïenne Jambon,1,14.99,Medium,Les Grands Classiques
2026-02-24 12:08:42,Pêcheur,1,21.99,XL,Les Grands Classiques
2026-02-24 12:11:31,Divine 3 Fromages,1,21.99,XL,Éditions Limitées
2026-02-24 12:11:31,Urban Kebab,1,17.49,Medium,Les Originales
2026-02-24 12:13:18,Beef and Cheddar,1,17.99,Medium,Éditions Limitées
2026-02-24 12:13:18,Hawaïenne Poulet,1,20.99,XL,Les Grands Classiques
2026-02-24 12:15:10,Chèvre-Miel,1,21.99,XL,Les Iconiques
2026-02-24 12:15:10,Cheesy and Veggie,1,17.99,Large,Les Gourmandes Veggies
2026-02-24 12:24:43,Divine 3 Fromages,1,21.99,XL,Éditions Limitées
2026-02-24 12:24:43,Chèvre-Miel,1,21.99,XL,Les Iconiques
2026-02-24 12:24:43,Super Veggie,1,20.49,Large,Les Gourmandes Veggies
2026-02-24 12:24:43,Kebab and Spicy,1,15.99,Medium,Les Originales
2026-02-24 12:29:32,Hawaïenne Poulet,1,20.99,XL,Les Grands Classiques
2026-02-24 12:34:37,Chicken BBQ,1,18.99,Large,Les Grands Classiques
2026-02-24 12:34:37,Chicken BBQ,1,15.99,Medium,Les Grands Classiques
2026-02-24 12:34:37,4 Fromages,1,17.49,Medium,Les Iconiques
2026-02-24 12:34:37,Chicken Delight,1,21.99,XL,Les Originales
2026-02-24 12:34:37,Chicken Delight,1,15.99,Medium,Les Originales
2026-02-24 12:34:37,Divine 3 Fromages,1,21.99,XL,Éditions Limitées
2026-02-24 12:34:37,Hawaïenne Jambon,1,17.99,Large,Les Grands Classiques
2026-02-24 12:34:37,Originale Pepperoni,1,12.99,Medium,Les Bons Plans
2026-02-24 12:34:37,Beef and Cheddar,1,23.99,XL,Éditions Limitées
2026-02-24 12:34:37,Algérienne,1,18.99,Large,Les Grands Classiques
2026-02-24 12:49:47,Crispy Cannibale,1,23.99,XL,Les Originales
2026-02-24 12:50:51,Chicken BBQ,1,21.99,XL,Les Grands Classiques
2026-02-24 12:50:51,4 Fromages,1,17.49,Medium,Les Iconiques
2026-02-24 12:50:51,Algérienne,1,18.99,Large,Les Grands Classiques
2026-02-24 12:50:51,Chicken and Cheddar,1,20.49,Large,Éditions Limitées
2026-02-24 12:51:26,Chicken Delight,1,18.99,Large,Les Originales
2026-02-24 12:52:55,Kebab and Spicy,1,21.99,XL,Les Originales
2026-02-24 13:11:53,Crispy Cannibale,1,23.99,XL,Les Originales
2026-02-24 13:24:10,Ultimate Meat,1,17.99,Medium,Toujours Plus
2026-02-24 13:24:10,Peppina,1,16.99,Medium,Les Gourmandes Veggies
2026-02-24 13:24:10,Kebab and Spicy,1,15.99,Medium,Les Originales
2026-02-24 13:26:36,Ultimate Meat,1,17.99,Medium,Toujours Plus
2026-02-24 13:26:39,Diavola Haché au bœuf,1,18.99,Large,Les Originales
2026-02-24 13:26:39,Urban Kebab,1,17.49,Medium,Les Originales
2026-02-24 13:26:39,Chicken and Cheddar,1,23.49,XL,Éditions Limitées
2026-02-24 13:29:11,Crispy Cannibale,1,17.99,Medium,Les Originales
2026-02-24 13:29:11,Chicken and Cheddar,1,17.49,Medium,Éditions Limitées
2026-02-24 13:40:52,Diavola Haché au bœuf,1,21.99,XL,Les Originales
2026-02-24 13:40:52,Pepperoni Party,1,20.49,Large,Les Iconiques
2026-02-24 14:08:37,Peppina Vegan,1,22.99,XL,Les Vegans
2026-02-24 14:31:36,Diavola Haché au bœuf,1,18.99,Large,Les Originales
2026-02-24 14:31:36,Divine 3 Fromages,1,21.99,XL,Éditions Limitées
2026-02-24 14:31:36,Pepperoni Party,1,17.49,Medium,Les Iconiques
2026-02-24 14:43:13,Pepperoni Party,1,20.49,Large,Les Iconiques
2026-02-24 15:00:06,Diavola Pepperoni,1,15.99,Medium,Les Originales
2026-02-24 15:18:55,Extravaganzza,1,23.99,XL,Toujours Plus
2026-02-24 15:18:55,Hawaïenne Jambon,1,17.99,Large,Les Grands Classiques
2026-02-24 15:18:55,Crispy Cannibale,1,17.99,Medium,Les Originales
2026-02-24 16:09:29,Chicken BBQ,1,21.99,XL,Les Grands Classiques
2026-02-24 16:09:29,Hawaïenne Jambon,1,17.99,Large,Les Grands Classiques
2026-02-24 16:09:29,Cannibale,1,20.49,Large,Les Iconiques
2026-02-24 16:09:29,Hawaïenne Poulet,1,14.99,Medium,Les Grands Classiques
2026-02-24 16:19:28,Pepperoni Party,1,23.49,XL,Les Iconiques
2026-02-24 16:28:32,Crispy Cannibale,1,23.99,XL,Les Originales
2026-02-24 16:33:11,Diavola Pepperoni,1,18.99,Large,Les Originales
2026-02-24 16:39:08,Hawaïenne Jambon,1,20.99,XL,Les Grands Classiques
2026-02-24 16:39:08,Royale Veggie,1,21.99,XL,Les Gourmandes Veggies
2026-02-24 16:39:08,Pêcheur,1,15.99,Medium,Les Grands Classiques
2026-02-24 16:41:21,Algérienne,1,21.99,XL,Les Grands Classiques
2026-02-24 16:41:21,Algérienne,1,18.99,Large,Les Grands Classiques
2026-02-24 16:41:21,Peppina Vegan,1,16.99,Medium,Les Vegans
2026-02-24 17:31:07,Bacon Groovy,1,20.49,Large,Les Iconiques
2026-02-24 17:31:07,Extravaganzza,1,23.99,XL,Toujours Plus
2026-02-24 17:31:07,Originale Pepperoni,1,18.99,XL,Les Bons Plans
2026-02-24 17:31:07,Originale Pepperoni,1,12.99,Medium,Les Bons Plans
2026-02-24 17:38:20,Pêcheur,1,21.99,XL,Les Grands Classiques
2026-02-24 17:38:20,Algérienne,1,21.99,XL,Les Grands Classiques
2026-02-24 17:40:49,Chèvre-Miel,1,18.99,Large,Les Iconiques
2026-02-24 17:40:49,Hawaïenne Jambon,1,14.99,Medium,Les Grands Classiques
2026-02-24 17:40:49,Cheesy and Veggie,1,14.99,Medium,Les Gourmandes Veggies
2026-02-24 17:40:57,Diavola Haché au bœuf,1,21.99,XL,Les Originales
2026-02-24 17:41:19,Algérienne,1,15.99,Medium,Les Grands Classiques
2026-02-24 17:41:19,Peppina Vegan,1,19.99,Large,Les Vegans
2026-02-24 17:50:57,Chicken BBQ,1,21.99,XL,Les Grands Classiques
2026-02-24 17:50:57,Divine 3 Fromages,1,21.99,XL,Éditions Limitées
2026-02-24 17:50:57,Originale Pepperoni,1,15.99,Large,Les Bons Plans
2026-02-24 17:50:57,Cannibale,1,20.49,Large,Les Iconiques
2026-02-24 18:05:09,Chicken Delight,1,21.99,XL,Les Originales
2026-02-24 18:05:09,Diavola Pepperoni,1,18.99,Large,Les Originales
2026-02-24 18:05:09,Cheesy and Veggie,1,14.99,Medium,Les Gourmandes Veggies
2026-02-24 18:11:03,Chicken BBQ,1,21.99,XL,Les Grands Classiques
2026-02-24 18:19:39,Extravaganzza,1,20.99,Large,Toujours Plus
2026-02-24 18:19:39,Margherita,1,15.99,Large,Les Bons Plans
2026-02-24 18:39:12,Diavola Haché au bœuf,2,37.98,Large,Les Originales
2026-02-24 18:39:12,Forestière,1,17.49,Medium,Les Grands Classiques
2026-02-24 18:39:12,Originale Pepperoni,1,12.99,Medium,Les Bons Plans
2026-02-24 18:40:58,4 Fromages,1,17.49,Medium,Les Iconiques
2026-02-24 18:40:58,Super Veggie,1,17.49,Medium,Les Gourmandes Veggies
2026-02-24 18:42:17,Super Veggie,1,17.49,Medium,Les Gourmandes Veggies
2026-02-24 18:42:17,Originale Pepperoni,1,15.99,Large,Les Bons Plans
2026-02-24 19:23:15,Crispy Cannibale,1,17.99,Medium,Les Originales
2026-02-24 19:23:15,Kebab and Spicy,1,21.99,XL,Les Originales
2026-02-24 19:26:01,Hawaïenne Jambon,1,14.99,Medium,Les Grands Classiques
2026-02-24 19:26:01,Urban Kebab,1,20.49,Large,Les Originales
2026-02-24 19:26:01,Hawaïenne Poulet,1,20.99,XL,Les Grands Classiques
2026-02-24 19:31:37,Royale Veggie,1,21.99,XL,Les Gourmandes Veggies
2026-02-24 19:40:28,Pepperoni Party,1,23.49,XL,Les Iconiques
2026-02-24 19:43:11,Chèvre-Miel,1,21.99,XL,Les Iconiques
2026-02-24 19:43:11,Forestière,1,20.49,Large,Les Grands Classiques
2026-02-24 20:20:10,Divine 3 Fromages,1,21.99,XL,Éditions Limitées
2026-02-24 20:20:10,Forestière,1,23.49,XL,Les Grands Classiques
2026-02-24 20:23:21,Originale Pepperoni,1,15.99,Large,Les Bons Plans
2026-02-24 20:23:21,Hawaïenne Poulet,1,20.99,XL,Les Grands Classiques
2026-02-24 20:40:50,Steak and Cheese,1,20.99,XL,Les Grands Classiques
2026-02-24 20:46:55,Hawaïenne Jambon,1,17.99,Large,Les Grands Classiques
2026-02-24 20:46:55,Steak and Cheese,1,17.99,Large,Les Grands Classiques
2026-02-24 20:49:40,Divine 3 Fromages,1,21.99,XL,Éditions Limitées
2026-02-24 21:03:42,Chicken Delight,1,15.99,Medium,Les Originales
2026-02-24 21:03:42,Hawaïenne Jambon,1,14.99,Medium,Les Grands Classiques
2026-02-24 21:03:42,Pêcheur,1,21.99,XL,Les Grands Classiques
2026-02-24 21:03:42,Urban Kebab,1,17.49,Medium,Les Originales
2026-02-24 21:35:05,Chicken BBQ,1,15.99,Medium,Les Grands Classiques
2026-02-24 21:35:05,Hawaïenne Poulet,1,20.99,XL,Les Grands Classiques
2026-02-24 21:48:31,Chicken Delight,1,18.99,Large,Les Originales
2026-02-24 21:48:31,Divine 3 Fromages,1,21.99,XL,Éditions Limitées
2026-02-24 21:48:31,Originale Pepperoni,1,18.99,XL,Les Bons Plans
2026-02-24 21:48:31,Cannibale,1,20.49,Large,Les Iconiques
2026-02-24 21:50:48,Divine 3 Fromages,1,21.99,XL,Éditions Limitées
2026-02-24 21:50:48,Originale Pepperoni,1,15.99,Large,Les Bons Plans
2026-02-24 21:50:48,Chicken and Cheddar,1,17.49,Medium,Éditions Limitées
2026-02-24 22:57:58,Chicken and Cheddar,1,20.49,Large,Éditions Limitées
2026-02-25 10:54:03,Chèvre-Miel,2,43.98,XL,Les Iconiques
2026-02-25 10:54:03,Pêcheur,1,15.99,Medium,Les Grands Classiques
2026-02-25 11:37:52,Hawaïenne Jambon,1,14.99,Medium,Les Grands Classiques
2026-02-25 11:47:42,Chicken BBQ,1,18.99,Large,Les Grands Classiques
2026-02-25 11:50:16,Ultimate Meat,1,17.99,Medium,Toujours Plus
2026-02-25 11:50:16,Bacon Groovy,1,17.49,Medium,Les Iconiques
2026-02-25 11:50:16,Hawaïenne Poulet,1,20.99,XL,Les Grands Classiques
2026-02-25 11:50:16,Peppina Vegan,1,16.99,Medium,Les Vegans
2026-02-25 12:00:21,Chicken BBQ,1,18.99,Large,Les Grands Classiques
2026-02-25 12:00:21,Chèvre-Miel,1,18.99,Large,Les Iconiques
2026-02-25 12:00:55,Chicken Delight,1,21.99,XL,Les Originales
2026-02-25 12:00:55,Bacon Groovy,1,23.49,XL,Les Iconiques
2026-02-25 12:00:55,Forestière,1,23.49,XL,Les Grands Classiques
2026-02-25 12:22:27,Chicken Delight,1,18.99,Large,Les Originales
2026-02-25 12:22:27,Chèvre-Miel,1,18.99,Large,Les Iconiques
2026-02-25 12:22:27,Originale Pepperoni,1,15.99,Large,Les Bons Plans
2026-02-25 12:22:27,Crispy Cannibale,1,20.99,Large,Les Originales
2026-02-25 12:22:27,Peppina Vegan,1,22.99,XL,Les Vegans
2026-02-25 12:32:36,Peppina,1,19.99,Large,Les Gourmandes Veggies
2026-02-25 12:32:36,Beef and Cheddar,1,20.99,Large,Éditions Limitées
2026-02-25 12:32:36,Hawaïenne Poulet,1,14.99,Medium,Les Grands Classiques
2026-02-25 12:34:40,Ultimate Meat,1,17.99,Medium,Toujours Plus
2026-02-25 12:39:18,Ultimate Meat,1,17.99,Medium,Toujours Plus
2026-02-25 12:39:18,Diavola Haché au bœuf,1,18.99,Large,Les Originales
2026-02-25 12:39:18,Divine 3 Fromages,1,21.99,XL,Éditions Limitées
2026-02-25 12:39:18,Chèvre-Miel,1,21.99,XL,Les Iconiques
2026-02-25 12:39:18,Diavola Pepperoni,2,37.98,Large,Les Originales
2026-02-25 12:39:18,Originale Pepperoni,1,18.99,XL,Les Bons Plans
2026-02-25 12:39:18,Originale Pepperoni,1,15.99,Large,Les Bons Plans
2026-02-25 12:39:18,Cannibale,1,20.49,Large,Les Iconiques
2026-02-25 12:39:18,Urban Kebab,1,20.49,Large,Les Originales
2026-02-25 12:39:18,Algérienne,1,21.99,XL,Les Grands Classiques
2026-02-25 12:39:18,Cheesy and Veggie,1,20.99,XL,Les Gourmandes Veggies
2026-02-25 12:39:18,Chicken and Cheddar,1,17.49,Medium,Éditions Limitées
2026-02-25 12:39:18,Steak and Cheese,1,20.99,XL,Les Grands Classiques
2026-02-25 12:41:42,Indienne,1,18.99,Large,Les Grands Classiques
2026-02-25 12:43:23,Diavola Pepperoni,1,18.99,Large,Les Originales
2026-02-25 12:43:23,Peppina Vegan,1,22.99,XL,Les Vegans
2026-02-25 12:44:09,Forestière,1,23.49,XL,Les Grands Classiques
2026-02-25 12:45:11,Chicken BBQ,1,18.99,Large,Les Grands Classiques
2026-02-25 12:45:11,Ultimate Meat,1,17.99,Medium,Toujours Plus
2026-02-25 12:45:11,Extravaganzza,1,20.99,Large,Toujours Plus
2026-02-25 12:57:10,Pepperoni Party,1,20.49,Large,Les Iconiques
2026-02-25 12:57:10,Steak and Cheese,1,20.99,XL,Les Grands Classiques
2026-02-25 13:01:51,Bacon Groovy,1,17.49,Medium,Les Iconiques
2026-02-25 13:08:59,Chèvre-Miel,1,21.99,XL,Les Iconiques
2026-02-25 13:08:59,Margherita,1,12.99,Medium,Les Bons Plans
2026-02-25 13:10:46,Hawaïenne Jambon,1,20.99,XL,Les Grands Classiques
2026-02-25 13:18:01,Margherita,1,18.99,XL,Les Bons Plans
2026-02-25 13:24:42,Bacon Groovy,1,17.49,Medium,Les Iconiques
2026-02-25 13:24:42,Extravaganzza,1,23.99,XL,Toujours Plus
2026-02-25 13:29:23,Beef and Cheddar,1,23.99,XL,Éditions Limitées
2026-02-25 13:36:09,Ultimate Meat,1,17.99,Medium,Toujours Plus
2026-02-25 13:36:09,Indienne,1,18.99,Large,Les Grands Classiques
2026-02-25 13:36:09,Extravaganzza,1,20.99,Large,Toujours Plus
2026-02-25 13:36:09,Hawaïenne Jambon,1,14.99,Medium,Les Grands Classiques
2026-02-25 13:36:09,Royale Veggie,1,21.99,XL,Les Gourmandes Veggies
2026-02-25 13:36:09,Algérienne,1,15.99,Medium,Les Grands Classiques
2026-02-25 13:36:09,Margherita,1,15.99,Large,Les Bons Plans
2026-02-25 14:24:47,Peppina,1,16.99,Medium,Les Gourmandes Veggies
2026-02-25 14:25:47,Kebab and Spicy,1,21.99,XL,Les Originales
2026-02-25 14:43:41,Diavola Pepperoni,1,15.99,Medium,Les Originales
2026-02-25 14:43:41,Beef and Cheddar,1,23.99,XL,Éditions Limitées
2026-02-25 14:43:41,Beef and Cheddar,1,17.99,Medium,Éditions Limitées
2026-02-25 15:07:18,Pepperoni Party,1,17.49,Medium,Les Iconiques
2026-02-25 15:07:18,Urban Kebab,1,20.49,Large,Les Originales
2026-02-25 15:11:35,Extravaganzza,1,17.99,Medium,Toujours Plus
2026-02-25 15:11:35,Crispy Cannibale,1,23.99,XL,Les Originales
2026-02-25 15:39:00,Chicken BBQ,1,21.99,XL,Les Grands Classiques
2026-02-25 15:39:00,Peppina,1,19.99,Large,Les Gourmandes Veggies
2026-02-25 15:39:00,Margherita,1,12.99,Medium,Les Bons Plans
2026-02-25 15:44:27,Divine 3 Fromages,1,21.99,XL,Éditions Limitées
2026-02-25 15:44:27,Urban Kebab,1,20.49,Large,Les Originales
2026-02-25 15:44:27,Hawaïenne Poulet,1,20.99,XL,Les Grands Classiques
2026-02-25 15:44:27,Peppina Vegan,1,22.99,XL,Les Vegans
2026-02-25 15:49:29,Forestière,1,23.49,XL,Les Grands Classiques
2026-02-25 15:49:29,Pêcheur,1,18.99,Large,Les Grands Classiques
2026-02-25 15:52:00,Royale Veggie,1,18.99,Large,Les Gourmandes Veggies
2026-02-25 15:54:56,Ultimate Meat,1,17.99,Medium,Toujours Plus
2026-02-25 15:54:56,Chèvre-Miel,1,21.99,XL,Les Iconiques
2026-02-25 15:54:56,Diavola Pepperoni,1,15.99,Medium,Les Originales
2026-02-25 16:28:11,Urban Kebab,1,20.49,Large,Les Originales
2026-02-25 16:28:11,Margherita,1,12.99,Medium,Les Bons Plans
2026-02-25 16:38:42,Peppina Vegan,1,19.99,Large,Les Vegans
2026-02-25 16:51:29,Divine 3 Fromages,1,21.99,XL,Éditions Limitées
2026-02-25 16:51:29,Crispy Cannibale,1,20.99,Large,Les Originales
2026-02-25 16:58:06,Super Veggie,1,17.49,Medium,Les Gourmandes Veggies
2026-02-25 16:58:06,Hawaïenne Poulet,1,20.99,XL,Les Grands Classiques
2026-02-25 17:05:27,Diavola Haché au bœuf,1,18.99,Large,Les Originales
2026-02-25 17:09:14,Super Veggie,1,17.49,Medium,Les Gourmandes Veggies
2026-02-25 17:09:14,Chicken and Cheddar,1,23.49,XL,Éditions Limitées
2026-02-25 17:22:08,Chèvre-Miel,1,21.99,XL,Les Iconiques
2026-02-25 17:22:08,Algérienne,1,18.99,Large,Les Grands Classiques
2026-02-25 17:22:08,Cheesy and Veggie,1,17.99,Large,Les Gourmandes Veggies
2026-02-25 17:22:08,Margherita,1,12.99,Medium,Les Bons Plans
2026-02-25 17:25:13,Ultimate Meat,1,17.99,Medium,Toujours Plus
2026-02-25 17:25:13,Chèvre-Miel,1,18.99,Large,Les Iconiques
2026-02-25 17:25:13,Urban Kebab,1,23.49,XL,Les Originales
2026-02-25 17:25:13,Kebab and Spicy,1,21.99,XL,Les Originales
2026-02-25 17:45:10,Extravaganzza,1,20.99,Large,Toujours Plus
2026-02-25 17:45:10,Diavola Pepperoni,1,21.99,XL,Les Originales
2026-02-25 17:59:30,Crispy Cannibale,1,17.99,Medium,Les Originales
2026-02-25 18:00:51,Super Veggie,1,17.49,Medium,Les Gourmandes Veggies
2026-02-25 18:00:51,Forestière,1,23.49,XL,Les Grands Classiques
2026-02-25 18:15:41,Divine 3 Fromages,1,21.99,XL,Éditions Limitées
2026-02-25 18:15:41,Kebab and Spicy,1,15.99,Medium,Les Originales
2026-02-25 18:19:46,Chèvre-Miel,1,21.99,XL,Les Iconiques
2026-02-25 18:44:25,Peppina,1,19.99,Large,Les Gourmandes Veggies
2026-02-25 18:44:25,Algérienne,1,18.99,Large,Les Grands Classiques
2026-02-25 18:49:43,Pêcheur,1,18.99,Large,Les Grands Classiques
2026-02-25 18:49:43,Algérienne,1,21.99,XL,Les Grands Classiques
2026-02-25 18:49:43,Peppina Vegan,1,19.99,Large,Les Vegans
2026-02-25 18:58:00,Indienne,1,15.99,Medium,Les Grands Classiques
2026-02-25 18:58:00,Chèvre-Miel,1,18.99,Large,Les Iconiques
2026-02-25 18:58:00,Originale Pepperoni,1,15.99,Large,Les Bons Plans
2026-02-25 18:58:00,Beef and Cheddar,1,23.99,XL,Éditions Limitées
2026-02-25 19:31:42,Beef and Cheddar,1,20.99,Large,Éditions Limitées
2026-02-25 19:41:18,Urban Kebab,1,23.49,XL,Les Originales
2026-02-25 19:44:04,Chicken BBQ,1,15.99,Medium,Les Grands Classiques
2026-02-25 19:54:47,Chèvre-Miel,1,21.99,XL,Les Iconiques
2026-02-25 19:54:47,Pêcheur,1,21.99,XL,Les Grands Classiques
2026-02-25 20:03:38,Chicken Delight,1,15.99,Medium,Les Originales
2026-02-25 20:03:38,Urban Kebab,1,17.49,Medium,Les Originales
2026-02-25 20:13:37,Margherita,1,15.99,Large,Les Bons Plans
2026-02-25 20:15:01,Indienne,1,15.99,Medium,Les Grands Classiques
2026-02-25 20:15:01,Extravaganzza,1,17.99,Medium,Toujours Plus
2026-02-25 20:15:01,Hawaïenne Poulet,1,17.99,Large,Les Grands Classiques
2026-02-25 20:15:01,Hawaïenne Poulet,1,14.99,Medium,Les Grands Classiques
2026-02-25 20:16:05,Ultimate Meat,1,17.99,Medium,Toujours Plus
2026-02-25 20:27:43,Bacon Groovy,1,23.49,XL,Les Iconiques
2026-02-25 20:27:43,Cannibale,1,20.49,Large,Les Iconiques
2026-02-25 20:41:17,Royale Veggie,1,21.99,XL,Les Gourmandes Veggies
2026-02-25 20:41:17,Steak and Cheese,1,14.99,Medium,Les Grands Classiques
2026-02-25 20:46:02,Ultimate Meat,2,35.98,Medium,Toujours Plus
2026-02-25 21:08:05,Pepperoni Party,1,23.49,XL,Les Iconiques
2026-02-25 21:08:05,Urban Kebab,1,23.49,XL,Les Originales
2026-02-25 21:08:05,Urban Kebab,1,20.49,Large,Les Originales
2026-02-25 21:16:08,Algérienne,1,21.99,XL,Les Grands Classiques
2026-02-25 21:26:35,Chicken Delight,1,18.99,Large,Les Originales
2026-02-25 21:26:35,Pêcheur,1,18.99,Large,Les Grands Classiques
2026-02-25 21:39:51,Pêcheur,1,15.99,Medium,Les Grands Classiques
2026-02-26 12:01:09,Ultimate Meat,1,17.99,Medium,Toujours Plus
2026-02-26 12:01:09,Chicken and Cheddar,1,17.49,Medium,Éditions Limitées
2026-02-26 12:03:11,Royale Veggie,1,15.99,Medium,Les Gourmandes Veggies
2026-02-26 12:08:52,Pêcheur,1,21.99,XL,Les Grands Classiques
2026-02-26 12:08:52,Urban Kebab,1,23.49,XL,Les Originales
2026-02-26 12:12:46,Ultimate Meat,1,17.99,Medium,Toujours Plus
2026-02-26 12:12:46,Diavola Pepperoni,1,15.99,Medium,Les Originales
2026-02-26 12:12:46,Crispy Cannibale,1,20.99,Large,Les Originales
2026-02-26 12:16:27,Diavola Pepperoni,1,15.99,Medium,Les Originales
2026-02-26 12:16:27,Originale Pepperoni,1,18.99,XL,Les Bons Plans
2026-02-26 12:16:27,Urban Kebab,2,40.98,Large,Les Originales
2026-02-26 12:18:48,Chèvre-Miel,1,21.99,XL,Les Iconiques
2026-02-26 12:18:48,Urban Kebab,1,17.49,Medium,Les Originales
2026-02-26 12:22:34,Steak and Cheese,1,20.99,XL,Les Grands Classiques
2026-02-26 12:39:02,Forestière,1,23.49,XL,Les Grands Classiques
2026-02-26 12:39:02,Margherita,1,15.99,Large,Les Bons Plans
2026-02-26 12:39:02,Hawaïenne Poulet,1,20.99,XL,Les Grands Classiques
2026-02-26 12:58:00,Hawaïenne Jambon,1,20.99,XL,Les Grands Classiques
2026-02-26 12:58:00,Royale Veggie,1,21.99,XL,Les Gourmandes Veggies
2026-02-26 13:04:26,Chicken BBQ,1,18.99,Large,Les Grands Classiques
2026-02-26 13:04:26,Hawaïenne Jambon,2,41.98,XL,Les Grands Classiques
2026-02-26 13:04:26,Pepperoni Party,1,23.49,XL,Les Iconiques
2026-02-26 13:04:26,Royale Veggie,1,21.99,XL,Les Gourmandes Veggies
2026-02-26 13:04:26,Royale Veggie,1,15.99,Medium,Les Gourmandes Veggies
2026-02-26 13:04:26,Diavola Pepperoni,1,21.99,XL,Les Originales
2026-02-26 13:04:26,Originale Pepperoni,1,15.99,Large,Les Bons Plans
2026-02-26 13:04:26,Beef and Cheddar,1,23.99,XL,Éditions Limitées
2026-02-26 13:04:26,Beef and Cheddar,1,20.99,Large,Éditions Limitées
2026-02-26 13:06:30,Hawaïenne Poulet,1,17.99,Large,Les Grands Classiques
2026-02-26 13:07:13,Extravaganzza,1,20.99,Large,Toujours Plus
2026-02-26 13:07:13,Chicken and Cheddar,1,20.49,Large,Éditions Limitées
2026-02-26 13:07:13,Hawaïenne Poulet,1,14.99,Medium,Les Grands Classiques
2026-02-26 13:13:35,Hawaïenne Poulet,1,14.99,Medium,Les Grands Classiques
2026-02-26 13:25:04,Peppina,1,22.99,XL,Les Gourmandes Veggies
2026-02-26 13:44:24,Ultimate Meat,1,17.99,Medium,Toujours Plus
2026-02-26 13:44:24,Chicken Delight,1,18.99,Large,Les Originales
2026-02-26 13:44:24,Pepperoni Party,1,17.49,Medium,Les Iconiques
2026-02-26 13:50:11,Peppina,1,16.99,Medium,Les Gourmandes Veggies
2026-02-26 13:50:11,Cheesy and Veggie,1,14.99,Medium,Les Gourmandes Veggies
2026-02-26 13:50:14,Hawaïenne Jambon,1,20.99,XL,Les Grands Classiques
2026-02-26 13:52:23,Chicken BBQ,1,18.99,Large,Les Grands Classiques
2026-02-26 13:52:23,Chicken Delight,1,21.99,XL,Les Originales
2026-02-26 13:52:23,Chicken Delight,1,18.99,Large,Les Originales
2026-02-26 13:52:23,Divine 3 Fromages,1,21.99,XL,Éditions Limitées
2026-02-26 13:52:23,Peppina,1,19.99,Large,Les Gourmandes Veggies
2026-02-26 13:52:23,Rocket Veggie,1,18.99,XL,Les Gourmandes Veggies
2026-02-26 13:52:23,Pêcheur,1,18.99,Large,Les Grands Classiques
2026-02-26 13:52:23,Diavola Pepperoni,1,15.99,Medium,Les Originales
2026-02-26 13:52:23,Originale Pepperoni,1,12.99,Medium,Les Bons Plans
2026-02-26 13:52:23,Cannibale,1,23.49,XL,Les Iconiques
2026-02-26 13:52:23,Chicken and Cheddar,1,17.49,Medium,Éditions Limitées
2026-02-26 13:52:23,Hawaïenne Poulet,1,20.99,XL,Les Grands Classiques
2026-02-26 13:56:18,Bacon Groovy,1,23.49,XL,Les Iconiques
2026-02-26 13:56:18,Bacon Groovy,1,20.49,Large,Les Iconiques
2026-02-26 13:56:18,Urban Kebab,1,23.49,XL,Les Originales
2026-02-26 13:56:18,Margherita,1,12.99,Medium,Les Bons Plans
2026-02-26 14:08:46,Chèvre-Miel,1,21.99,XL,Les Iconiques
2026-02-26 14:18:48,Pêcheur,1,15.99,Medium,Les Grands Classiques
2026-02-26 14:18:48,Algérienne,1,18.99,Large,Les Grands Classiques
2026-02-26 14:18:48,Peppina Vegan,1,16.99,Medium,Les Vegans
2026-02-26 14:28:31,Originale Pepperoni,1,15.99,Large,Les Bons Plans
2026-02-26 14:48:56,Crispy Cannibale,1,17.99,Medium,Les Originales
2026-02-26 15:22:08,Divine 3 Fromages,1,21.99,XL,Éditions Limitées
2026-02-26 15:22:08,Hawaïenne Jambon,1,14.99,Medium,Les Grands Classiques
2026-02-26 15:22:08,Crispy Cannibale,1,17.99,Medium,Les Originales
2026-02-26 15:39:19,Bacon Groovy,1,17.49,Medium,Les Iconiques
2026-02-26 15:39:19,Originale Pepperoni,1,12.99,Medium,Les Bons Plans
2026-02-26 15:39:19,Margherita,1,12.99,Medium,Les Bons Plans
2026-02-26 15:58:02,Forestière,1,20.49,Large,Les Grands Classiques
2026-02-26 15:58:02,Royale Veggie,1,21.99,XL,Les Gourmandes Veggies
2026-02-26 15:58:02,Originale Pepperoni,1,15.99,Large,Les Bons Plans
2026-02-26 15:58:02,Hawaïenne Poulet,1,20.99,XL,Les Grands Classiques
2026-02-26 15:58:38,Diavola Haché au bœuf,1,18.99,Large,Les Originales
2026-02-26 15:58:38,Hawaïenne Jambon,1,20.99,XL,Les Grands Classiques
2026-02-26 15:58:38,Forestière,1,20.49,Large,Les Grands Classiques
2026-02-26 15:58:38,Originale Pepperoni,1,18.99,XL,Les Bons Plans
2026-02-26 16:01:28,Crispy Cannibale,1,20.99,Large,Les Originales
2026-02-26 16:01:28,Kebab and Spicy,1,21.99,XL,Les Originales
2026-02-26 16:15:25,Forestière,1,23.49,XL,Les Grands Classiques
2026-02-26 16:15:25,Chicken and Cheddar,1,23.49,XL,Éditions Limitées
2026-02-26 16:20:18,Steak and Cheese,1,14.99,Medium,Les Grands Classiques
2026-02-26 16:27:20,Bacon Groovy,1,17.49,Medium,Les Iconiques
2026-02-26 16:32:16,Extravaganzza,1,20.99,Large,Toujours Plus
2026-02-26 16:53:26,Crispy Cannibale,1,17.99,Medium,Les Originales
2026-02-26 16:55:17,Peppina,1,22.99,XL,Les Gourmandes Veggies
2026-02-26 16:55:17,Crispy Cannibale,1,17.99,Medium,Les Originales
2026-02-26 17:16:51,Rocket Veggie,1,18.99,XL,Les Gourmandes Veggies
2026-02-26 17:16:51,Beef and Cheddar,1,23.99,XL,Éditions Limitées
2026-02-26 17:22:05,Extravaganzza,1,20.99,Large,Toujours Plus
2026-02-26 17:22:05,Peppina Vegan,1,22.99,XL,Les Vegans
2026-02-26 17:24:43,Indienne,1,18.99,Large,Les Grands Classiques
2026-02-26 17:24:43,Pêcheur,1,15.99,Medium,Les Grands Classiques
2026-02-26 17:24:43,Urban Kebab,1,23.49,XL,Les Originales
2026-02-26 17:31:14,Ultimate Meat,1,17.99,Medium,Toujours Plus
2026-02-26 17:37:19,Hawaïenne Jambon,1,14.99,Medium,Les Grands Classiques
2026-02-26 17:37:19,Rocket Veggie,1,15.99,Large,Les Gourmandes Veggies
2026-02-26 17:37:19,Margherita,1,15.99,Large,Les Bons Plans
2026-02-26 17:37:19,Hawaïenne Poulet,1,14.99,Medium,Les Grands Classiques
2026-02-26 17:45:02,Hawaïenne Jambon,1,14.99,Medium,Les Grands Classiques
2026-02-26 17:45:02,Cannibale,2,40.98,Large,Les Iconiques
2026-02-26 17:50:20,Chicken Delight,1,21.99,XL,Les Originales
2026-02-26 17:50:20,Margherita,1,12.99,Medium,Les Bons Plans
2026-02-26 17:51:35,Extravaganzza,1,20.99,Large,Toujours Plus
2026-02-26 17:51:35,Urban Kebab,1,17.49,Medium,Les Originales
2026-02-26 17:51:35,Beef and Cheddar,1,20.99,Large,Éditions Limitées
2026-02-26 17:53:56,Hawaïenne Jambon,1,17.99,Large,Les Grands Classiques
2026-02-26 17:53:56,Margherita,1,15.99,Large,Les Bons Plans
2026-02-26 18:19:17,Peppina,1,16.99,Medium,Les Gourmandes Veggies
2026-02-26 18:26:17,Peppina,1,19.99,Large,Les Gourmandes Veggies
2026-02-26 18:26:17,Diavola Pepperoni,1,21.99,XL,Les Originales
2026-02-26 18:26:17,Steak and Cheese,1,20.99,XL,Les Grands Classiques
2026-02-26 18:37:03,Chicken Delight,1,18.99,Large,Les Originales
2026-02-26 18:37:03,Originale Pepperoni,1,18.99,XL,Les Bons Plans
2026-02-26 18:37:03,Crispy Cannibale,1,23.99,XL,Les Originales
2026-02-26 18:37:03,Urban Kebab,1,23.49,XL,Les Originales
2026-02-26 18:49:00,Chicken BBQ,1,21.99,XL,Les Grands Classiques
2026-02-26 18:49:00,Chèvre-Miel,2,43.98,XL,Les Iconiques
2026-02-26 18:49:00,Royale Veggie,1,21.99,XL,Les Gourmandes Veggies
2026-02-26 18:53:40,Algérienne,1,18.99,Large,Les Grands Classiques
2026-02-26 19:03:13,Hawaïenne Jambon,1,20.99,XL,Les Grands Classiques
2026-02-26 19:03:13,Cannibale,1,17.49,Medium,Les Iconiques
2026-02-26 19:03:13,Peppina Vegan,1,22.99,XL,Les Vegans
2026-02-26 19:08:46,Ultimate Meat,1,17.99,Medium,Toujours Plus
2026-02-26 19:08:46,Divine 3 Fromages,1,21.99,XL,Éditions Limitées
2026-02-26 19:13:12,Forestière,1,23.49,XL,Les Grands Classiques
2026-02-26 19:25:04,Hawaïenne Jambon,1,20.99,XL,Les Grands Classiques
2026-02-26 19:25:04,Cannibale,1,20.49,Large,Les Iconiques
2026-02-26 19:49:51,Chicken Delight,1,18.99,Large,Les Originales
2026-02-26 19:49:51,Indienne,1,18.99,Large,Les Grands Classiques
2026-02-26 19:49:51,Originale Pepperoni,1,15.99,Large,Les Bons Plans
2026-02-26 19:49:51,Hawaïenne Poulet,1,20.99,XL,Les Grands Classiques
2026-02-26 20:22:43,Hawaïenne Jambon,1,14.99,Medium,Les Grands Classiques
2026-02-26 20:22:43,Rocket Veggie,1,15.99,Large,Les Gourmandes Veggies
2026-02-26 20:22:43,Originale Pepperoni,1,15.99,Large,Les Bons Plans
2026-02-26 20:22:43,Steak and Cheese,1,17.99,Large,Les Grands Classiques
2026-02-26 22:22:05,Bacon Groovy,1,23.49,XL,Les Iconiques
2026-02-27 11:48:28,Ultimate Meat,1,17.99,Medium,Toujours Plus
2026-02-27 11:48:28,Crispy Cannibale,1,17.99,Medium,Les Originales
2026-02-27 11:48:28,Algérienne,1,21.99,XL,Les Grands Classiques
2026-02-27 11:51:02,Diavola Haché au bœuf,1,18.99,Large,Les Originales
2026-02-27 11:51:02,Extravaganzza,1,20.99,Large,Toujours Plus
2026-02-27 11:51:02,Pêcheur,1,15.99,Medium,Les Grands Classiques
2026-02-27 11:57:25,Chicken BBQ,1,21.99,XL,Les Grands Classiques
2026-02-27 11:57:25,Chèvre-Miel,1,21.99,XL,Les Iconiques
2026-02-27 11:57:25,Crispy Cannibale,1,23.99,XL,Les Originales
2026-02-27 11:57:25,Crispy Cannibale,1,17.99,Medium,Les Originales
2026-02-27 12:00:32,Kebab and Spicy,1,21.99,XL,Les Originales
2026-02-27 12:00:32,Chicken and Cheddar,1,17.49,Medium,Éditions Limitées
2026-02-27 12:07:37,Crispy Cannibale,1,23.99,XL,Les Originales
2026-02-27 12:09:32,Chicken Delight,1,15.99,Medium,Les Originales
2026-02-27 12:09:32,Super Veggie,1,23.49,XL,Les Gourmandes Veggies
2026-02-27 12:09:41,Cannibale,1,23.49,XL,Les Iconiques
2026-02-27 12:28:49,Chicken Delight,1,21.99,XL,Les Originales
2026-02-27 12:29:39,Indienne,1,21.99,XL,Les Grands Classiques
2026-02-27 12:29:39,Pepperoni Party,1,20.49,Large,Les Iconiques
2026-02-27 12:33:50,Diavola Pepperoni,1,18.99,Large,Les Originales
2026-02-27 12:33:50,Steak and Cheese,1,20.99,XL,Les Grands Classiques
2026-02-27 12:38:54,Cheesy and Veggie,1,17.99,Large,Les Gourmandes Veggies
2026-02-27 12:40:41,Chicken BBQ,1,21.99,XL,Les Grands Classiques
2026-02-27 12:40:41,Divine 3 Fromages,1,21.99,XL,Éditions Limitées
2026-02-27 12:40:41,Hawaïenne Jambon,1,17.99,Large,Les Grands Classiques
2026-02-27 12:40:41,Originale Pepperoni,1,15.99,Large,Les Bons Plans
2026-02-27 12:40:41,Crispy Cannibale,1,23.99,XL,Les Originales
2026-02-27 12:54:17,Bacon Groovy,1,23.49,XL,Les Iconiques
2026-02-27 12:54:17,Extravaganzza,1,17.99,Medium,Toujours Plus
2026-02-27 12:54:17,Chèvre-Miel,1,18.99,Large,Les Iconiques
2026-02-27 12:54:17,Crispy Cannibale,1,17.99,Medium,Les Originales
2026-02-27 12:56:47,Diavola Pepperoni,1,15.99,Medium,Les Originales
2026-02-27 13:02:11,Pepperoni Party,1,20.49,Large,Les Iconiques
2026-02-27 13:02:11,Rocket Veggie,1,15.99,Large,Les Gourmandes Veggies
2026-02-27 13:02:11,Pêcheur,1,15.99,Medium,Les Grands Classiques
2026-02-27 13:02:11,Cheesy and Veggie,1,20.99,XL,Les Gourmandes Veggies
2026-02-27 13:02:43,Peppina,1,19.99,Large,Les Gourmandes Veggies
2026-02-27 13:05:16,Chicken Delight,1,18.99,Large,Les Originales
2026-02-27 13:05:16,Chèvre-Miel,1,18.99,Large,Les Iconiques
2026-02-27 13:05:16,Peppina,1,22.99,XL,Les Gourmandes Veggies
2026-02-27 13:05:16,Urban Kebab,1,17.49,Medium,Les Originales
2026-02-27 13:05:16,Algérienne,1,21.99,XL,Les Grands Classiques
2026-02-27 13:07:39,Chèvre-Miel,1,21.99,XL,Les Iconiques
2026-02-27 13:07:39,Hawaïenne Jambon,1,14.99,Medium,Les Grands Classiques
2026-02-27 13:07:39,Cannibale,1,17.49,Medium,Les Iconiques
2026-02-27 13:36:13,Chicken Delight,1,21.99,XL,Les Originales
2026-02-27 13:36:13,Indienne,1,18.99,Large,Les Grands Classiques
2026-02-27 13:36:13,Originale Pepperoni,1,18.99,XL,Les Bons Plans
2026-02-27 13:36:13,Urban Kebab,1,17.49,Medium,Les Originales
2026-02-27 13:37:23,Chèvre-Miel,1,21.99,XL,Les Iconiques
2026-02-27 13:57:48,Urban Kebab,1,20.49,Large,Les Originales
2026-02-27 13:57:48,Algérienne,1,18.99,Large,Les Grands Classiques
2026-02-27 14:03:49,Originale Pepperoni,1,12.99,Medium,Les Bons Plans
2026-02-27 14:09:03,Ultimate Meat,1,17.99,Medium,Toujours Plus
2026-02-27 14:09:03,Forestière,1,17.49,Medium,Les Grands Classiques
2026-02-27 14:09:03,Peppina,1,16.99,Medium,Les Gourmandes Veggies
2026-02-27 14:09:03,Diavola Pepperoni,1,21.99,XL,Les Originales
2026-02-27 14:09:03,Urban Kebab,1,20.49,Large,Les Originales
2026-02-27 14:09:03,Beef and Cheddar,1,17.99,Medium,Éditions Limitées
2026-02-27 14:09:03,Cheesy and Veggie,1,20.99,XL,Les Gourmandes Veggies
2026-02-27 14:09:03,Chicken and Cheddar,1,20.49,Large,Éditions Limitées
2026-02-27 14:14:57,Hawaïenne Jambon,1,20.99,XL,Les Grands Classiques
2026-02-27 14:14:57,Pepperoni Party,1,20.49,Large,Les Iconiques
2026-02-27 14:14:57,Hawaïenne Poulet,1,20.99,XL,Les Grands Classiques
2026-02-27 14:14:57,Peppina Vegan,1,19.99,Large,Les Vegans
2026-02-27 14:26:06,Forestière,1,23.49,XL,Les Grands Classiques
2026-02-27 15:27:21,Rocket Veggie,1,12.99,Medium,Les Gourmandes Veggies
2026-02-27 15:27:21,Kebab and Spicy,1,21.99,XL,Les Originales
2026-02-27 15:54:13,Chicken Delight,1,15.99,Medium,Les Originales
2026-02-27 15:54:13,Originale Pepperoni,1,15.99,Large,Les Bons Plans
2026-02-27 16:08:31,Divine 3 Fromages,1,21.99,XL,Éditions Limitées
2026-02-27 16:08:31,Hawaïenne Poulet,1,20.99,XL,Les Grands Classiques
2026-02-27 16:13:37,Cheesy and Veggie,1,14.99,Medium,Les Gourmandes Veggies
2026-02-27 16:13:37,Chicken and Cheddar,1,20.49,Large,Éditions Limitées
2026-02-27 16:25:27,Rocket Veggie,1,18.99,XL,Les Gourmandes Veggies
2026-02-27 16:25:27,Originale Pepperoni,1,12.99,Medium,Les Bons Plans
2026-02-27 16:25:27,Peppina Vegan,1,16.99,Medium,Les Vegans
2026-02-27 16:27:45,Chicken Delight,1,15.99,Medium,Les Originales
2026-02-27 16:27:45,Diavola Pepperoni,1,21.99,XL,Les Originales
2026-02-27 16:27:45,Originale Pepperoni,1,12.99,Medium,Les Bons Plans
2026-02-27 16:35:16,Super Veggie,1,17.49,Medium,Les Gourmandes Veggies
2026-02-27 16:35:16,Originale Pepperoni,1,18.99,XL,Les Bons Plans
2026-02-27 16:35:16,Kebab and Spicy,1,21.99,XL,Les Originales
2026-02-27 16:37:35,Chèvre-Miel,1,21.99,XL,Les Iconiques
2026-02-27 16:37:35,Peppina Vegan,1,19.99,Large,Les Vegans
2026-02-27 16:45:33,Extravaganzza,1,17.99,Medium,Toujours Plus
2026-02-27 16:45:33,Originale Pepperoni,1,12.99,Medium,Les Bons Plans
2026-02-27 16:55:04,Kebab and Spicy,1,18.99,Large,Les Originales
2026-02-27 17:09:56,Pêcheur,1,18.99,Large,Les Grands Classiques
2026-02-27 17:09:56,Algérienne,1,21.99,XL,Les Grands Classiques
2026-02-27 17:09:56,Margherita,1,15.99,Large,Les Bons Plans
2026-02-27 17:09:56,Margherita,1,12.99,Medium,Les Bons Plans
2026-02-27 17:15:48,Diavola Pepperoni,1,21.99,XL,Les Originales
2026-02-27 17:15:48,Algérienne,1,21.99,XL,Les Grands Classiques
2026-02-27 17:18:29,Rocket Veggie,1,12.99,Medium,Les Gourmandes Veggies
2026-02-27 17:19:07,Peppina,1,22.99,XL,Les Gourmandes Veggies
2026-02-27 17:38:36,Indienne,1,18.99,Large,Les Grands Classiques
2026-02-27 17:38:36,Pepperoni Party,1,23.49,XL,Les Iconiques
2026-02-27 17:38:36,Cannibale,1,17.49,Medium,Les Iconiques
2026-02-27 17:38:36,Urban Kebab,1,23.49,XL,Les Originales
2026-02-27 17:38:46,Extravaganzza,1,17.99,Medium,Toujours Plus
2026-02-27 17:48:37,Crispy Cannibale,1,23.99,XL,Les Originales
2026-02-27 17:48:37,Algérienne,1,21.99,XL,Les Grands Classiques
2026-02-27 17:50:49,Ultimate Meat,1,17.99,Medium,Toujours Plus
2026-02-27 17:50:49,Originale Pepperoni,1,15.99,Large,Les Bons Plans
2026-02-27 17:50:49,Urban Kebab,1,17.49,Medium,Les Originales
2026-02-27 17:57:03,Chicken BBQ,1,21.99,XL,Les Grands Classiques
2026-02-27 17:57:03,Chicken Delight,2,43.98,XL,Les Originales
2026-02-27 17:57:03,Beef and Cheddar,1,17.99,Medium,Éditions Limitées
2026-02-27 18:08:58,Ultimate Meat,1,17.99,Medium,Toujours Plus
2026-02-27 18:08:58,Rocket Veggie,1,15.99,Large,Les Gourmandes Veggies
2026-02-27 18:08:58,Steak and Cheese,1,20.99,XL,Les Grands Classiques
2026-02-27 18:09:37,Chicken and Cheddar,1,23.49,XL,Éditions Limitées
2026-02-27 18:09:37,Peppina Vegan,1,19.99,Large,Les Vegans
2026-02-27 18:14:22,Hawaïenne Jambon,1,14.99,Medium,Les Grands Classiques
2026-02-27 18:14:22,Originale Pepperoni,1,12.99,Medium,Les Bons Plans
2026-02-27 18:14:22,Kebab and Spicy,1,21.99,XL,Les Originales
2026-02-27 18:14:22,Hawaïenne Poulet,1,14.99,Medium,Les Grands Classiques
2026-02-27 18:30:33,Ultimate Meat,1,17.99,Medium,Toujours Plus
2026-02-27 18:30:33,Rocket Veggie,1,12.99,Medium,Les Gourmandes Veggies
2026-02-27 18:30:33,Cannibale,1,23.49,XL,Les Iconiques
2026-02-27 18:30:33,Hawaïenne Poulet,1,17.99,Large,Les Grands Classiques
2026-02-27 18:43:12,Pêcheur,1,21.99,XL,Les Grands Classiques
2026-02-27 18:43:12,Originale Pepperoni,2,31.98,Large,Les Bons Plans
2026-02-27 18:43:12,Crispy Cannibale,1,23.99,XL,Les Originales
2026-02-27 18:45:28,Chicken BBQ,1,18.99,Large,Les Grands Classiques
2026-02-27 18:45:28,Chicken Delight,1,21.99,XL,Les Originales
2026-02-27 18:45:28,Urban Kebab,1,17.49,Medium,Les Originales
2026-02-27 18:46:17,Extravaganzza,1,23.99,XL,Toujours Plus
2026-02-27 18:46:17,Originale Pepperoni,1,18.99,XL,Les Bons Plans
2026-02-27 18:47:21,Extravaganzza,1,20.99,Large,Toujours Plus
2026-02-27 18:47:21,Forestière,1,23.49,XL,Les Grands Classiques
2026-02-27 18:47:21,Hawaïenne Poulet,1,20.99,XL,Les Grands Classiques
2026-02-27 18:48:01,Hawaïenne Poulet,1,20.99,XL,Les Grands Classiques
2026-02-27 18:57:55,Ultimate Meat,1,17.99,Medium,Toujours Plus
2026-02-27 18:57:55,Diavola Haché au bœuf,1,21.99,XL,Les Originales
2026-02-27 18:57:55,Chèvre-Miel,1,21.99,XL,Les Iconiques
2026-02-27 18:57:55,Kebab and Spicy,1,21.99,XL,Les Originales
2026-02-27 19:06:41,Chicken BBQ,1,18.99,Large,Les Grands Classiques
2026-02-27 19:06:41,Super Veggie,1,17.49,Medium,Les Gourmandes Veggies
2026-02-27 19:06:41,Originale Pepperoni,1,15.99,Large,Les Bons Plans
2026-02-27 19:09:27,Chicken BBQ,1,18.99,Large,Les Grands Classiques
2026-02-27 19:09:27,Algérienne,1,21.99,XL,Les Grands Classiques
2026-02-27 19:09:52,Super Veggie,1,23.49,XL,Les Gourmandes Veggies
2026-02-27 19:09:52,Crispy Cannibale,1,20.99,Large,Les Originales
2026-02-27 19:11:01,Super Veggie,1,23.49,XL,Les Gourmandes Veggies
2026-02-27 19:11:01,Crispy Cannibale,1,23.99,XL,Les Originales
2026-02-27 19:11:44,Chicken Delight,1,21.99,XL,Les Originales
2026-02-27 19:11:44,Forestière,1,23.49,XL,Les Grands Classiques
2026-02-27 19:14:07,Chicken BBQ,1,21.99,XL,Les Grands Classiques
2026-02-27 19:14:07,Chicken Delight,1,21.99,XL,Les Originales
2026-02-27 19:14:07,Diavola Pepperoni,1,15.99,Medium,Les Originales
2026-02-27 19:44:21,Forestière,1,23.49,XL,Les Grands Classiques
2026-02-27 19:44:21,Pêcheur,1,21.99,XL,Les Grands Classiques
2026-02-27 19:55:23,Diavola Haché au bœuf,1,21.99,XL,Les Originales
2026-02-27 19:55:23,Steak and Cheese,1,20.99,XL,Les Grands Classiques
2026-02-27 20:11:00,Super Veggie,1,17.49,Medium,Les Gourmandes Veggies
2026-02-27 20:11:00,Kebab and Spicy,1,21.99,XL,Les Originales
2026-02-27 20:15:36,Chicken Delight,1,18.99,Large,Les Originales
2026-02-27 20:15:36,Chèvre-Miel,1,21.99,XL,Les Iconiques
2026-02-27 20:15:36,Chicken and Cheddar,1,20.49,Large,Éditions Limitées
2026-02-27 20:23:35,Hawaïenne Jambon,1,14.99,Medium,Les Grands Classiques
2026-02-27 20:35:42,Crispy Cannibale,1,23.99,XL,Les Originales
2026-02-27 21:22:02,Rocket Veggie,1,12.99,Medium,Les Gourmandes Veggies
2026-02-27 21:22:02,Chicken and Cheddar,1,17.49,Medium,Éditions Limitées
2026-02-27 21:22:02,Peppina Vegan,1,19.99,Large,Les Vegans
2026-02-27 21:38:02,Hawaïenne Poulet,1,20.99,XL,Les Grands Classiques
2026-02-27 21:39:53,Cannibale,1,20.49,Large,Les Iconiques
2026-02-27 21:53:24,Chèvre-Miel,1,18.99,Large,Les Iconiques
2026-02-27 21:53:24,Cheesy and Veggie,1,20.99,XL,Les Gourmandes Veggies
2026-02-27 22:03:03,Kebab and Spicy,1,18.99,Large,Les Originales
2026-02-28 11:34:54,Chicken and Cheddar,1,20.49,Large,Éditions Limitées
2026-02-28 11:49:43,Chicken BBQ,1,21.99,XL,Les Grands Classiques
2026-02-28 11:49:43,Diavola Haché au bœuf,1,18.99,Large,Les Originales
2026-02-28 11:49:43,Chicken Delight,1,21.99,XL,Les Originales
2026-02-28 11:49:43,Bacon Groovy,1,17.49,Medium,Les Iconiques
2026-02-28 11:49:43,Chèvre-Miel,1,18.99,Large,Les Iconiques
2026-02-28 11:49:43,Super Veggie,1,17.49,Medium,Les Gourmandes Veggies
2026-02-28 11:49:43,Hawaïenne Jambon,1,20.99,XL,Les Grands Classiques
2026-02-28 11:49:43,Pepperoni Party,1,20.49,Large,Les Iconiques
2026-02-28 11:49:43,Diavola Pepperoni,1,21.99,XL,Les Originales
2026-02-28 11:49:43,Crispy Cannibale,1,17.99,Medium,Les Originales
2026-02-28 11:49:43,Algérienne,1,21.99,XL,Les Grands Classiques
2026-02-28 11:49:43,Kebab and Spicy,1,21.99,XL,Les Originales
2026-02-28 11:49:43,Kebab and Spicy,1,15.99,Medium,Les Originales
2026-02-28 11:49:43,Peppina Vegan,1,19.99,Large,Les Vegans
2026-02-28 11:50:01,Ultimate Meat,1,17.99,Medium,Toujours Plus
2026-02-28 11:50:01,Cheesy and Veggie,1,17.99,Large,Les Gourmandes Veggies
2026-02-28 12:02:32,Algérienne,1,15.99,Medium,Les Grands Classiques
2026-02-28 12:08:55,Chèvre-Miel,1,21.99,XL,Les Iconiques
2026-02-28 12:08:55,Super Veggie,1,17.49,Medium,Les Gourmandes Veggies
2026-02-28 12:08:55,Pêcheur,1,15.99,Medium,Les Grands Classiques
2026-02-28 12:08:55,Diavola Pepperoni,1,21.99,XL,Les Originales
2026-02-28 12:08:55,Cannibale,1,20.49,Large,Les Iconiques
2026-02-28 12:08:55,Urban Kebab,1,20.49,Large,Les Originales
2026-02-28 12:08:55,Chicken and Cheddar,1,20.49,Large,Éditions Limitées
2026-02-28 12:29:20,Urban Kebab,1,23.49,XL,Les Originales
2026-02-28 12:34:26,Royale Veggie,1,21.99,XL,Les Gourmandes Veggies
2026-02-28 12:36:18,Divine 3 Fromages,2,43.98,XL,Éditions Limitées
2026-02-28 12:44:01,Steak and Cheese,1,20.99,XL,Les Grands Classiques
2026-02-28 12:48:17,Beef and Cheddar,1,17.99,Medium,Éditions Limitées
2026-02-28 13:05:32,Chicken BBQ,1,18.99,Large,Les Grands Classiques
2026-02-28 13:05:32,Ultimate Meat,1,17.99,Medium,Toujours Plus
2026-02-28 13:05:32,Algérienne,1,18.99,Large,Les Grands Classiques
2026-02-28 13:09:50,Divine 3 Fromages,1,21.99,XL,Éditions Limitées
2026-02-28 13:09:50,Algérienne,1,21.99,XL,Les Grands Classiques
2026-02-28 13:09:50,Hawaïenne Poulet,1,17.99,Large,Les Grands Classiques
2026-02-28 13:09:50,Steak and Cheese,1,20.99,XL,Les Grands Classiques
2026-02-28 13:57:51,Extravaganzza,1,20.99,Large,Toujours Plus
2026-02-28 13:57:51,Pêcheur,1,21.99,XL,Les Grands Classiques
2026-02-28 14:02:50,Kebab and Spicy,1,21.99,XL,Les Originales
2026-02-28 14:10:13,Super Veggie,1,17.49,Medium,Les Gourmandes Veggies
2026-02-28 14:20:54,4 Fromages,1,17.49,Medium,Les Iconiques
2026-02-28 14:52:00,Divine 3 Fromages,1,21.99,XL,Éditions Limitées
2026-02-28 14:52:00,Pepperoni Party,1,23.49,XL,Les Iconiques
2026-02-28 15:08:43,Chicken BBQ,1,21.99,XL,Les Grands Classiques
2026-02-28 15:26:21,Chicken BBQ,1,18.99,Large,Les Grands Classiques
2026-02-28 15:26:21,Diavola Pepperoni,1,21.99,XL,Les Originales
2026-02-28 15:26:21,Margherita,1,15.99,Large,Les Bons Plans
2026-02-28 15:44:50,Diavola Pepperoni,1,21.99,XL,Les Originales
2026-02-28 16:01:29,Rocket Veggie,1,18.99,XL,Les Gourmandes Veggies
2026-02-28 16:01:29,Algérienne,1,21.99,XL,Les Grands Classiques
2026-02-28 16:30:08,Indienne,1,21.99,XL,Les Grands Classiques
2026-02-28 16:30:08,Divine 3 Fromages,1,21.99,XL,Éditions Limitées
2026-02-28 16:30:08,Diavola Pepperoni,1,15.99,Medium,Les Originales
2026-02-28 16:30:08,Crispy Cannibale,1,20.99,Large,Les Originales
2026-02-28 16:34:35,Super Veggie,1,17.49,Medium,Les Gourmandes Veggies
2026-02-28 16:34:35,Hawaïenne Jambon,1,20.99,XL,Les Grands Classiques
2026-02-28 16:34:35,Kebab and Spicy,1,21.99,XL,Les Originales
2026-02-28 16:55:06,Chèvre-Miel,1,21.99,XL,Les Iconiques
2026-02-28 16:55:06,Margherita,1,12.99,Medium,Les Bons Plans
2026-02-28 17:01:57,Ultimate Meat,1,17.99,Medium,Toujours Plus
2026-02-28 17:01:57,Divine 3 Fromages,1,21.99,XL,Éditions Limitées
2026-02-28 17:01:57,Hawaïenne Jambon,1,17.99,Large,Les Grands Classiques
2026-02-28 17:19:30,Rocket Veggie,1,15.99,Large,Les Gourmandes Veggies
2026-02-28 17:19:30,Kebab and Spicy,1,21.99,XL,Les Originales
2026-02-28 17:19:30,Chicken and Cheddar,1,17.49,Medium,Éditions Limitées
2026-02-28 17:19:47,Peppina Vegan,1,19.99,Large,Les Vegans
2026-02-28 17:28:45,Hawaïenne Jambon,1,20.99,XL,Les Grands Classiques
2026-02-28 17:28:45,Rocket Veggie,1,12.99,Medium,Les Gourmandes Veggies
2026-02-28 17:28:45,Pêcheur,1,15.99,Medium,Les Grands Classiques
2026-02-28 17:41:37,Chicken BBQ,1,18.99,Large,Les Grands Classiques
2026-02-28 17:41:37,Forestière,1,17.49,Medium,Les Grands Classiques
2026-02-28 17:41:37,Chicken and Cheddar,1,20.49,Large,Éditions Limitées
2026-02-28 17:45:11,Chèvre-Miel,1,21.99,XL,Les Iconiques
2026-02-28 17:45:11,Cannibale,1,20.49,Large,Les Iconiques
2026-02-28 17:45:11,Kebab and Spicy,1,18.99,Large,Les Originales
2026-02-28 18:02:19,Indienne,1,18.99,Large,Les Grands Classiques
2026-02-28 18:02:19,Peppina,1,16.99,Medium,Les Gourmandes Veggies
2026-02-28 18:02:19,Algérienne,1,18.99,Large,Les Grands Classiques
2026-02-28 18:02:19,Peppina Vegan,1,22.99,XL,Les Vegans
2026-02-28 18:15:31,Chèvre-Miel,1,21.99,XL,Les Iconiques
2026-02-28 18:15:31,Hawaïenne Jambon,1,14.99,Medium,Les Grands Classiques
2026-02-28 18:15:31,Diavola Pepperoni,1,15.99,Medium,Les Originales
2026-02-28 18:16:10,Ultimate Meat,1,17.99,Medium,Toujours Plus
2026-02-28 18:16:10,Beef and Cheddar,1,23.99,XL,Éditions Limitées
2026-02-28 18:35:20,Chicken BBQ,1,21.99,XL,Les Grands Classiques
2026-02-28 18:35:20,Ultimate Meat,1,17.99,Medium,Toujours Plus
2026-02-28 18:35:20,Originale Pepperoni,1,15.99,Large,Les Bons Plans
2026-02-28 18:39:46,Urban Kebab,1,17.49,Medium,Les Originales
2026-02-28 18:39:46,Hawaïenne Poulet,1,17.99,Large,Les Grands Classiques
2026-02-28 18:47:24,Beef and Cheddar,1,20.99,Large,Éditions Limitées
2026-02-28 18:47:24,Chicken and Cheddar,1,20.49,Large,Éditions Limitées
2026-02-28 18:58:46,Chicken BBQ,1,15.99,Medium,Les Grands Classiques
2026-02-28 18:58:46,Chicken Delight,1,18.99,Large,Les Originales
2026-02-28 18:58:46,Pepperoni Party,1,23.49,XL,Les Iconiques
2026-02-28 19:05:49,Chèvre-Miel,1,21.99,XL,Les Iconiques
2026-02-28 19:05:49,Super Veggie,1,23.49,XL,Les Gourmandes Veggies
2026-02-28 19:05:49,Hawaïenne Jambon,1,20.99,XL,Les Grands Classiques
2026-02-28 19:05:49,Steak and Cheese,1,20.99,XL,Les Grands Classiques
2026-02-28 19:21:12,Chicken Delight,1,18.99,Large,Les Originales
2026-02-28 19:21:12,Chicken Delight,1,15.99,Medium,Les Originales
2026-02-28 19:21:12,Rocket Veggie,1,12.99,Medium,Les Gourmandes Veggies
2026-02-28 19:21:12,Urban Kebab,1,23.49,XL,Les Originales
2026-02-28 19:23:54,Diavola Haché au bœuf,1,18.99,Large,Les Originales
2026-02-28 19:23:54,Rocket Veggie,1,12.99,Medium,Les Gourmandes Veggies
2026-02-28 19:23:54,Originale Pepperoni,1,15.99,Large,Les Bons Plans
2026-02-28 19:23:54,Steak and Cheese,1,20.99,XL,Les Grands Classiques
2026-02-28 19:39:15,Chicken BBQ,1,15.99,Medium,Les Grands Classiques
2026-02-28 19:39:15,Chicken Delight,1,15.99,Medium,Les Originales
2026-02-28 19:39:15,Pepperoni Party,1,20.49,Large,Les Iconiques
2026-02-28 19:39:15,Kebab and Spicy,1,21.99,XL,Les Originales
2026-02-28 19:44:10,Super Veggie,1,20.49,Large,Les Gourmandes Veggies
2026-02-28 19:59:10,Bacon Groovy,1,23.49,XL,Les Iconiques
2026-02-28 19:59:10,Rocket Veggie,1,18.99,XL,Les Gourmandes Veggies
2026-02-28 20:00:18,Rocket Veggie,1,18.99,XL,Les Gourmandes Veggies
2026-02-28 20:05:17,Hawaïenne Jambon,1,20.99,XL,Les Grands Classiques
2026-02-28 20:05:17,Kebab and Spicy,1,15.99,Medium,Les Originales
2026-02-28 20:05:17,Hawaïenne Poulet,1,17.99,Large,Les Grands Classiques
2026-02-28 20:05:17,Peppina Vegan,1,22.99,XL,Les Vegans
2026-02-28 20:06:50,Forestière,1,20.49,Large,Les Grands Classiques
2026-02-28 20:06:50,Kebab and Spicy,1,15.99,Medium,Les Originales
2026-02-28 20:40:24,Ultimate Meat,1,17.99,Medium,Toujours Plus
2026-02-28 20:40:24,Chicken Delight,1,18.99,Large,Les Originales
2026-02-28 20:42:48,Divine 3 Fromages,1,21.99,XL,Éditions Limitées
2026-02-28 20:42:48,Chèvre-Miel,1,21.99,XL,Les Iconiques
2026-02-28 20:47:42,Royale Veggie,1,21.99,XL,Les Gourmandes Veggies
2026-02-28 20:47:42,Peppina Vegan,1,19.99,Large,Les Vegans
2026-02-28 20:51:13,Originale Pepperoni,1,18.99,XL,Les Bons Plans
2026-02-28 20:51:13,Chicken and Cheddar,1,20.49,Large,Éditions Limitées
2026-02-28 21:03:34,Bacon Groovy,1,17.49,Medium,Les Iconiques
2026-02-28 21:03:34,Super Veggie,1,17.49,Medium,Les Gourmandes Veggies
2026-02-28 21:03:34,Hawaïenne Jambon,1,14.99,Medium,Les Grands Classiques
2026-02-28 21:03:34,Margherita,1,15.99,Large,Les Bons Plans
2026-02-28 21:06:54,Royale Veggie,1,18.99,Large,Les Gourmandes Veggies
2026-02-28 21:14:22,Extravaganzza,1,20.99,Large,Toujours Plus
2026-02-28 21:14:22,Royale Veggie,1,15.99,Medium,Les Gourmandes Veggies
2026-02-28 21:14:22,Peppina Vegan,1,19.99,Large,Les Vegans
2026-02-28 21:21:02,Chicken Delight,1,18.99,Large,Les Originales
2026-02-28 21:21:02,Bacon Groovy,1,17.49,Medium,Les Iconiques
2026-02-28 21:21:02,Margherita,1,18.99,XL,Les Bons Plans
2026-02-28 21:28:39,Hawaïenne Jambon,1,20.99,XL,Les Grands Classiques
2026-02-28 21:30:14,Extravaganzza,1,17.99,Medium,Toujours Plus
2026-02-28 21:30:14,Diavola Pepperoni,1,18.99,Large,Les Originales
2026-02-28 21:30:14,Steak and Cheese,1,20.99,XL,Les Grands Classiques
2026-02-28 21:39:40,Ultimate Meat,1,17.99,Medium,Toujours Plus
2026-02-28 21:39:40,Pepperoni Party,1,23.49,XL,Les Iconiques
2026-02-28 21:39:40,Pêcheur,1,21.99,XL,Les Grands Classiques
2026-02-28 21:39:40,Urban Kebab,1,23.49,XL,Les Originales
2026-02-28 21:52:13,Forestière,1,23.49,XL,Les Grands Classiques
2026-02-28 21:52:13,Crispy Cannibale,1,20.99,Large,Les Originales
2026-02-28 23:05:17,Extravaganzza,1,17.99,Medium,Toujours Plus
2026-02-28 23:05:17,Super Veggie,1,17.49,Medium,Les Gourmandes Veggies
2026-02-28 23:05:17,Peppina Vegan,1,19.99,Large,Les Vegans
2026-03-01 11:34:00,Originale Pepperoni,1,15.99,Large,Les Bons Plans
2026-03-01 11:49:27,Algérienne,1,15.99,Medium,Les Grands Classiques
2026-03-01 12:08:01,Chèvre-Miel,1,21.99,XL,Les Iconiques
2026-03-01 12:08:01,Pepperoni Party,1,20.49,Large,Les Iconiques
2026-03-01 12:08:01,Peppina Vegan,1,22.99,XL,Les Vegans
2026-03-01 12:33:49,Chicken BBQ,1,21.99,XL,Les Grands Classiques
2026-03-01 12:33:49,Chicken Delight,1,21.99,XL,Les Originales
2026-03-01 12:47:14,Super Veggie,1,17.49,Medium,Les Gourmandes Veggies
2026-03-01 12:47:14,Peppina Vegan,1,16.99,Medium,Les Vegans
2026-03-01 12:51:19,Rocket Veggie,1,18.99,XL,Les Gourmandes Veggies
2026-03-01 12:52:52,Chicken Delight,1,18.99,Large,Les Originales
2026-03-01 12:52:52,Hawaïenne Jambon,1,14.99,Medium,Les Grands Classiques
2026-03-01 12:52:52,Urban Kebab,1,23.49,XL,Les Originales
2026-03-01 12:52:52,Algérienne,1,21.99,XL,Les Grands Classiques
2026-03-01 13:25:47,Hawaïenne Jambon,1,14.99,Medium,Les Grands Classiques
2026-03-01 13:25:47,Diavola Pepperoni,1,15.99,Medium,Les Originales
2026-03-01 13:25:47,Margherita,1,15.99,Large,Les Bons Plans
2026-03-01 13:25:47,Peppina Vegan,1,22.99,XL,Les Vegans
2026-03-01 14:08:51,Diavola Haché au bœuf,1,18.99,Large,Les Originales
2026-03-01 14:08:51,Chicken Delight,1,18.99,Large,Les Originales
2026-03-01 14:08:51,Extravaganzza,1,20.99,Large,Toujours Plus
2026-03-01 14:08:51,Margherita,1,15.99,Large,Les Bons Plans
2026-03-01 14:08:51,Margherita,1,12.99,Medium,Les Bons Plans
2026-03-01 14:20:57,Originale Pepperoni,1,15.99,Large,Les Bons Plans
2026-03-01 14:39:01,Peppina Vegan,1,19.99,Large,Les Vegans
2026-03-01 14:40:22,Super Veggie,1,17.49,Medium,Les Gourmandes Veggies
2026-03-01 14:41:33,Divine 3 Fromages,1,21.99,XL,Éditions Limitées
2026-03-01 14:56:46,Divine 3 Fromages,1,21.99,XL,Éditions Limitées
2026-03-01 14:56:46,Super Veggie,1,17.49,Medium,Les Gourmandes Veggies
2026-03-01 15:10:04,Cheesy and Veggie,1,14.99,Medium,Les Gourmandes Veggies
2026-03-01 15:10:04,Margherita,1,18.99,XL,Les Bons Plans
2026-03-01 15:20:14,Hawaïenne Jambon,1,14.99,Medium,Les Grands Classiques
2026-03-01 15:20:14,Algérienne,1,21.99,XL,Les Grands Classiques
2026-03-01 15:20:14,Hawaïenne Poulet,1,20.99,XL,Les Grands Classiques
2026-03-01 15:20:14,Peppina Vegan,1,16.99,Medium,Les Vegans
2026-03-01 15:47:40,Ultimate Meat,1,17.99,Medium,Toujours Plus
2026-03-01 15:47:40,Algérienne,1,18.99,Large,Les Grands Classiques
2026-03-01 15:57:50,Extravaganzza,1,23.99,XL,Toujours Plus
2026-03-01 15:57:50,Pepperoni Party,1,20.49,Large,Les Iconiques
2026-03-01 16:58:16,Chèvre-Miel,1,21.99,XL,Les Iconiques
2026-03-01 16:58:16,Cannibale,1,17.49,Medium,Les Iconiques
2026-03-01 17:04:49,Forestière,1,17.49,Medium,Les Grands Classiques
2026-03-01 17:04:49,Kebab and Spicy,1,18.99,Large,Les Originales
2026-03-01 17:04:51,Ultimate Meat,1,17.99,Medium,Toujours Plus
2026-03-01 17:06:58,Chèvre-Miel,1,18.99,Large,Les Iconiques
2026-03-01 17:06:58,Originale Pepperoni,1,15.99,Large,Les Bons Plans
2026-03-01 17:06:58,Crispy Cannibale,1,20.99,Large,Les Originales
2026-03-01 17:29:42,Divine 3 Fromages,1,21.99,XL,Éditions Limitées
2026-03-01 17:29:42,Pêcheur,1,18.99,Large,Les Grands Classiques
2026-03-01 17:42:36,Kebab and Spicy,1,15.99,Medium,Les Originales
2026-03-01 17:48:53,Bacon Groovy,1,23.49,XL,Les Iconiques
2026-03-01 17:48:53,Divine 3 Fromages,1,21.99,XL,Éditions Limitées
2026-03-01 17:48:53,Hawaïenne Jambon,1,20.99,XL,Les Grands Classiques
2026-03-01 17:48:53,Cheesy and Veggie,1,14.99,Medium,Les Gourmandes Veggies
2026-03-01 17:52:21,Chicken BBQ,1,21.99,XL,Les Grands Classiques
2026-03-01 17:52:21,Forestière,1,23.49,XL,Les Grands Classiques
2026-03-01 18:07:12,Kebab and Spicy,1,21.99,XL,Les Originales
2026-03-01 18:08:01,Algérienne,1,21.99,XL,Les Grands Classiques
2026-03-01 18:08:01,Steak and Cheese,1,17.99,Large,Les Grands Classiques
2026-03-01 18:17:40,Chèvre-Miel,1,18.99,Large,Les Iconiques
2026-03-01 18:17:40,Royale Veggie,1,18.99,Large,Les Gourmandes Veggies
2026-03-01 18:17:40,Algérienne,1,15.99,Medium,Les Grands Classiques
2026-03-01 18:17:40,Cheesy and Veggie,1,17.99,Large,Les Gourmandes Veggies
2026-03-01 18:19:41,Forestière,1,17.49,Medium,Les Grands Classiques
2026-03-01 18:19:41,Rocket Veggie,1,18.99,XL,Les Gourmandes Veggies
2026-03-01 18:36:33,Originale Pepperoni,1,18.99,XL,Les Bons Plans
2026-03-01 18:36:33,Crispy Cannibale,1,20.99,Large,Les Originales
2026-03-01 18:41:16,Peppina,1,16.99,Medium,Les Gourmandes Veggies
2026-03-01 18:41:16,Algérienne,1,18.99,Large,Les Grands Classiques
2026-03-01 18:44:52,Pepperoni Party,1,20.49,Large,Les Iconiques
2026-03-01 18:56:36,Urban Kebab,1,20.49,Large,Les Originales
2026-03-01 18:56:36,Kebab and Spicy,1,21.99,XL,Les Originales
2026-03-01 19:01:34,Margherita,1,18.99,XL,Les Bons Plans
2026-03-01 19:14:27,Chicken Delight,1,15.99,Medium,Les Originales
2026-03-01 19:14:27,Hawaïenne Jambon,1,20.99,XL,Les Grands Classiques
2026-03-01 19:20:28,Rocket Veggie,1,18.99,XL,Les Gourmandes Veggies
2026-03-01 19:27:23,Crispy Cannibale,1,23.99,XL,Les Originales
2026-03-01 19:27:23,Steak and Cheese,1,14.99,Medium,Les Grands Classiques
2026-03-01 19:39:29,Extravaganzza,1,17.99,Medium,Toujours Plus
2026-03-01 19:43:37,Originale Pepperoni,1,12.99,Medium,Les Bons Plans
2026-03-01 19:43:37,Hawaïenne Poulet,1,20.99,XL,Les Grands Classiques
2026-03-01 19:56:35,Diavola Pepperoni,1,21.99,XL,Les Originales
2026-03-01 19:56:35,Originale Pepperoni,1,12.99,Medium,Les Bons Plans
2026-03-01 19:56:35,Steak and Cheese,1,20.99,XL,Les Grands Classiques
2026-03-01 20:06:37,Pepperoni Party,1,20.49,Large,Les Iconiques
2026-03-01 20:07:52,Chicken Delight,1,18.99,Large,Les Originales
2026-03-01 20:07:52,Originale Pepperoni,1,18.99,XL,Les Bons Plans
2026-03-01 20:07:52,Algérienne,1,21.99,XL,Les Grands Classiques
2026-03-01 20:49:00,4 Fromages,1,17.49,Medium,Les Iconiques
2026-03-01 20:49:00,Hawaïenne Jambon,1,14.99,Medium,Les Grands Classiques
2026-03-01 20:49:00,Hawaïenne Poulet,1,14.99,Medium,Les Grands Classiques
2026-03-01 21:10:58,Peppina Vegan,1,22.99,XL,Les Vegans
2026-03-01 22:00:46,Divine 3 Fromages,1,21.99,XL,Éditions Limitées
2026-03-01 22:00:46,Originale Pepperoni,1,18.99,XL,Les Bons Plans
2026-03-01 22:00:46,Hawaïenne Poulet,1,14.99,Medium,Les Grands Classiques
2026-03-01 22:08:42,Algérienne,1,21.99,XL,Les Grands Classiques
2026-03-01 22:23:48,Chicken Delight,1,18.99,Large,Les Originales
2026-03-01 22:59:18,Ultimate Meat,1,17.99,Medium,Toujours Plus
2026-03-01 22:59:18,Extravaganzza,1,17.99,Medium,Toujours Plus
2026-03-02 11:49:24,Diavola Pepperoni,1,15.99,Medium,Les Originales
2026-03-02 11:52:25,Indienne,1,18.99,Large,Les Grands Classiques
2026-03-02 11:55:07,Cannibale,1,20.49,Large,Les Iconiques
2026-03-02 11:55:07,Kebab and Spicy,1,18.99,Large,Les Originales
2026-03-02 12:07:16,Chicken BBQ,1,15.99,Medium,Les Grands Classiques
2026-03-02 12:07:16,Diavola Haché au bœuf,1,18.99,Large,Les Originales
2026-03-02 12:07:16,Chicken Delight,1,18.99,Large,Les Originales
2026-03-02 12:07:16,Divine 3 Fromages,1,21.99,XL,Éditions Limitées
2026-03-02 12:07:16,Chèvre-Miel,1,21.99,XL,Les Iconiques
2026-03-02 12:07:16,Forestière,1,23.49,XL,Les Grands Classiques
2026-03-02 12:07:16,Royale Veggie,1,18.99,Large,Les Gourmandes Veggies
2026-03-02 12:07:16,Urban Kebab,1,20.49,Large,Les Originales
2026-03-02 12:07:16,Algérienne,1,21.99,XL,Les Grands Classiques
2026-03-02 12:07:16,Kebab and Spicy,1,21.99,XL,Les Originales
2026-03-02 12:07:16,Kebab and Spicy,1,18.99,Large,Les Originales
2026-03-02 12:07:16,Cheesy and Veggie,1,17.99,Large,Les Gourmandes Veggies
2026-03-02 12:07:16,Margherita,1,12.99,Medium,Les Bons Plans
2026-03-02 12:30:47,Indienne,1,21.99,XL,Les Grands Classiques
2026-03-02 12:30:47,Divine 3 Fromages,1,21.99,XL,Éditions Limitées
2026-03-02 12:30:47,Hawaïenne Poulet,1,17.99,Large,Les Grands Classiques
2026-03-02 12:33:30,Pêcheur,1,21.99,XL,Les Grands Classiques
2026-03-02 12:34:55,Chicken BBQ,1,18.99,Large,Les Grands Classiques
2026-03-02 12:39:13,Pepperoni Party,1,23.49,XL,Les Iconiques
2026-03-02 12:39:13,Diavola Pepperoni,1,18.99,Large,Les Originales
2026-03-02 12:39:13,Margherita,1,18.99,XL,Les Bons Plans
2026-03-02 12:42:52,Crispy Cannibale,1,23.99,XL,Les Originales
2026-03-02 12:46:49,Chicken BBQ,1,15.99,Medium,Les Grands Classiques
2026-03-02 12:46:49,Chicken Delight,1,21.99,XL,Les Originales
2026-03-02 12:46:49,Bacon Groovy,1,23.49,XL,Les Iconiques
2026-03-02 12:46:49,Hawaïenne Jambon,1,17.99,Large,Les Grands Classiques
2026-03-02 12:46:49,Rocket Veggie,1,15.99,Large,Les Gourmandes Veggies
2026-03-02 12:46:49,Pêcheur,1,18.99,Large,Les Grands Classiques
2026-03-02 12:46:49,Steak and Cheese,1,20.99,XL,Les Grands Classiques
2026-03-02 12:46:49,Peppina Vegan,1,19.99,Large,Les Vegans
2026-03-02 12:46:49,Peppina Vegan,1,16.99,Medium,Les Vegans
2026-03-02 12:50:05,Hawaïenne Jambon,1,14.99,Medium,Les Grands Classiques
2026-03-02 12:50:05,Peppina,1,19.99,Large,Les Gourmandes Veggies
2026-03-02 12:50:05,Kebab and Spicy,1,21.99,XL,Les Originales
2026-03-02 12:50:05,Kebab and Spicy,1,18.99,Large,Les Originales
2026-03-02 13:07:22,Pepperoni Party,1,23.49,XL,Les Iconiques
2026-03-02 13:11:50,Beef and Cheddar,1,20.99,Large,Éditions Limitées
2026-03-02 13:15:28,Chicken Delight,1,21.99,XL,Les Originales
2026-03-02 13:15:28,Super Veggie,1,17.49,Medium,Les Gourmandes Veggies
2026-03-02 13:15:28,Algérienne,1,21.99,XL,Les Grands Classiques
2026-03-02 13:15:28,Kebab and Spicy,1,21.99,XL,Les Originales
2026-03-02 13:22:54,Diavola Pepperoni,1,15.99,Medium,Les Originales
2026-03-02 13:33:21,4 Fromages,1,17.49,Medium,Les Iconiques
2026-03-02 13:33:21,Chicken Delight,1,21.99,XL,Les Originales
2026-03-02 13:37:06,Ultimate Meat,1,17.99,Medium,Toujours Plus
2026-03-02 13:43:07,Margherita,1,18.99,XL,Les Bons Plans
2026-03-02 13:46:38,Beef and Cheddar,1,23.99,XL,Éditions Limitées
2026-03-02 13:59:44,Diavola Haché au bœuf,1,18.99,Large,Les Originales
2026-03-02 14:01:10,Chicken and Cheddar,1,23.49,XL,Éditions Limitées
2026-03-02 14:01:10,Chicken and Cheddar,1,17.49,Medium,Éditions Limitées
2026-03-02 14:04:41,Hawaïenne Jambon,1,17.99,Large,Les Grands Classiques
2026-03-02 14:04:41,Diavola Pepperoni,1,15.99,Medium,Les Originales
2026-03-02 14:04:41,Algérienne,1,18.99,Large,Les Grands Classiques
2026-03-02 14:43:05,Royale Veggie,1,21.99,XL,Les Gourmandes Veggies
2026-03-02 15:01:31,Ultimate Meat,1,17.99,Medium,Toujours Plus
2026-03-02 15:27:26,Chicken Delight,1,15.99,Medium,Les Originales
2026-03-02 15:27:51,Hawaïenne Jambon,1,14.99,Medium,Les Grands Classiques
2026-03-02 15:27:51,Cannibale,1,20.49,Large,Les Iconiques
2026-03-02 15:40:12,Pepperoni Party,1,20.49,Large,Les Iconiques
2026-03-02 15:40:12,Urban Kebab,1,23.49,XL,Les Originales
2026-03-02 15:40:12,Kebab and Spicy,1,21.99,XL,Les Originales
2026-03-02 15:43:31,Margherita,1,12.99,Medium,Les Bons Plans
2026-03-02 15:43:31,Chicken and Cheddar,1,23.49,XL,Éditions Limitées
2026-03-02 15:50:46,Chicken BBQ,1,21.99,XL,Les Grands Classiques
2026-03-02 15:50:46,Super Veggie,1,17.49,Medium,Les Gourmandes Veggies
2026-03-02 15:50:46,Forestière,1,23.49,XL,Les Grands Classiques
2026-03-02 15:50:46,Royale Veggie,1,21.99,XL,Les Gourmandes Veggies
2026-03-02 15:53:54,Chicken BBQ,1,21.99,XL,Les Grands Classiques
2026-03-02 15:53:54,Hawaïenne Poulet,1,14.99,Medium,Les Grands Classiques
2026-03-02 16:19:32,Extravaganzza,2,41.98,Large,Toujours Plus
2026-03-02 16:19:32,Extravaganzza,1,17.99,Medium,Toujours Plus
2026-03-02 16:19:32,Peppina,1,22.99,XL,Les Gourmandes Veggies
2026-03-02 16:28:50,Algérienne,1,18.99,Large,Les Grands Classiques
2026-03-02 16:36:01,Cheesy and Veggie,1,17.99,Large,Les Gourmandes Veggies
2026-03-02 16:36:54,Chèvre-Miel,1,21.99,XL,Les Iconiques
2026-03-02 16:36:54,Steak and Cheese,1,20.99,XL,Les Grands Classiques
2026-03-02 16:58:21,Urban Kebab,1,23.49,XL,Les Originales
2026-03-02 16:58:21,Cheesy and Veggie,1,20.99,XL,Les Gourmandes Veggies
2026-03-02 17:13:08,Chicken BBQ,1,15.99,Medium,Les Grands Classiques
2026-03-02 17:13:08,Chicken Delight,1,18.99,Large,Les Originales
2026-03-02 17:13:08,Originale Pepperoni,1,15.99,Large,Les Bons Plans
2026-03-02 17:19:07,Chicken Delight,1,21.99,XL,Les Originales
2026-03-02 17:19:07,Peppina Vegan,1,16.99,Medium,Les Vegans
2026-03-02 17:31:32,Chicken BBQ,1,21.99,XL,Les Grands Classiques
2026-03-02 17:31:32,Algérienne,1,21.99,XL,Les Grands Classiques
2026-03-02 17:31:32,Peppina Vegan,1,22.99,XL,Les Vegans
2026-03-02 17:33:55,Ultimate Meat,1,17.99,Medium,Toujours Plus
2026-03-02 17:33:55,Extravaganzza,1,20.99,Large,Toujours Plus
2026-03-02 17:33:55,Crispy Cannibale,1,17.99,Medium,Les Originales
2026-03-02 17:33:55,Cannibale,1,23.49,XL,Les Iconiques
2026-03-02 17:47:31,Pêcheur,1,21.99,XL,Les Grands Classiques
2026-03-02 17:47:31,Hawaïenne Poulet,1,20.99,XL,Les Grands Classiques
2026-03-02 17:54:08,Diavola Haché au bœuf,1,18.99,Large,Les Originales
2026-03-02 18:02:16,Originale Pepperoni,1,12.99,Medium,Les Bons Plans
2026-03-02 18:06:22,Hawaïenne Jambon,1,17.99,Large,Les Grands Classiques
2026-03-02 18:06:22,Crispy Cannibale,1,23.99,XL,Les Originales
2026-03-02 18:06:22,Cannibale,1,20.49,Large,Les Iconiques
2026-03-02 18:06:22,Steak and Cheese,1,20.99,XL,Les Grands Classiques
2026-03-02 18:20:06,Bacon Groovy,1,17.49,Medium,Les Iconiques
2026-03-02 18:20:06,Extravaganzza,1,20.99,Large,Toujours Plus
2026-03-02 18:20:06,Hawaïenne Poulet,1,20.99,XL,Les Grands Classiques
2026-03-02 18:25:01,Algérienne,1,21.99,XL,Les Grands Classiques
2026-03-02 18:29:22,Chicken BBQ,1,15.99,Medium,Les Grands Classiques
2026-03-02 18:29:22,Rocket Veggie,1,18.99,XL,Les Gourmandes Veggies
2026-03-02 18:29:51,Royale Veggie,1,21.99,XL,Les Gourmandes Veggies
2026-03-02 18:29:51,Cannibale,1,23.49,XL,Les Iconiques
2026-03-02 18:29:51,Hawaïenne Poulet,1,20.99,XL,Les Grands Classiques
2026-03-02 18:45:21,Peppina,1,16.99,Medium,Les Gourmandes Veggies
2026-03-02 18:45:21,Kebab and Spicy,1,21.99,XL,Les Originales
2026-03-02 18:45:21,Chicken and Cheddar,1,23.49,XL,Éditions Limitées
2026-03-02 19:01:00,Chicken BBQ,1,15.99,Medium,Les Grands Classiques
2026-03-02 19:01:00,Royale Veggie,1,21.99,XL,Les Gourmandes Veggies
2026-03-02 19:09:34,Ultimate Meat,1,17.99,Medium,Toujours Plus
2026-03-02 19:09:34,Extravaganzza,1,20.99,Large,Toujours Plus
2026-03-02 19:09:34,Super Veggie,1,23.49,XL,Les Gourmandes Veggies
2026-03-02 19:09:34,Peppina Vegan,1,19.99,Large,Les Vegans
2026-03-02 19:34:40,Forestière,1,17.49,Medium,Les Grands Classiques
2026-03-02 19:34:40,Crispy Cannibale,1,23.99,XL,Les Originales
2026-03-02 19:34:40,Margherita,1,18.99,XL,Les Bons Plans
2026-03-02 20:41:25,Kebab and Spicy,1,18.99,Large,Les Originales
2026-03-02 21:00:34,Originale Pepperoni,1,18.99,XL,Les Bons Plans
2026-03-02 21:03:49,Hawaïenne Jambon,1,17.99,Large,Les Grands Classiques
2026-03-02 21:03:49,Diavola Pepperoni,1,18.99,Large,Les Originales
2026-03-02 21:03:49,Originale Pepperoni,1,15.99,Large,Les Bons Plans
2026-03-02 21:16:40,Ultimate Meat,1,17.99,Medium,Toujours Plus
2026-03-02 21:16:40,Extravaganzza,1,20.99,Large,Toujours Plus
2026-03-02 21:16:40,Algérienne,1,21.99,XL,Les Grands Classiques
2026-03-02 21:28:09,Urban Kebab,1,23.49,XL,Les Originales
2026-03-02 21:28:09,Algérienne,1,21.99,XL,Les Grands Classiques
2026-03-02 21:28:09,Algérienne,1,18.99,Large,Les Grands Classiques
2026-03-02 21:28:09,Algérienne,1,15.99,Medium,Les Grands Classiques
2026-03-02 21:34:03,Diavola Pepperoni,1,18.99,Large,Les Originales
2026-03-02 21:34:03,Algérienne,1,21.99,XL,Les Grands Classiques
2026-03-02 22:21:24,Hawaïenne Jambon,1,14.99,Medium,Les Grands Classiques
2026-03-03 11:26:02,Chicken Delight,1,21.99,XL,Les Originales
2026-03-03 11:31:41,Chicken Delight,1,21.99,XL,Les Originales
2026-03-03 11:31:41,Kebab and Spicy,1,15.99,Medium,Les Originales
2026-03-03 11:50:41,Urban Kebab,1,17.49,Medium,Les Originales
2026-03-03 12:14:07,Pêcheur,1,21.99,XL,Les Grands Classiques
2026-03-03 12:24:18,Divine 3 Fromages,1,21.99,XL,Éditions Limitées
2026-03-03 12:24:18,Hawaïenne Jambon,1,17.99,Large,Les Grands Classiques
2026-03-03 12:24:18,Algérienne,1,18.99,Large,Les Grands Classiques
2026-03-03 12:39:57,Divine 3 Fromages,1,21.99,XL,Éditions Limitées
2026-03-03 12:39:57,Forestière,1,23.49,XL,Les Grands Classiques
2026-03-03 12:39:57,Pêcheur,1,18.99,Large,Les Grands Classiques
2026-03-03 12:39:57,Cannibale,1,17.49,Medium,Les Iconiques
2026-03-03 12:48:47,Hawaïenne Jambon,1,20.99,XL,Les Grands Classiques
2026-03-03 12:57:06,Chicken Delight,1,18.99,Large,Les Originales
2026-03-03 12:57:32,Super Veggie,1,17.49,Medium,Les Gourmandes Veggies
2026-03-03 12:57:32,Margherita,1,12.99,Medium,Les Bons Plans
2026-03-03 13:01:48,Cannibale,1,23.49,XL,Les Iconiques
2026-03-03 13:05:06,Indienne,1,21.99,XL,Les Grands Classiques
2026-03-03 13:05:06,Hawaïenne Jambon,1,14.99,Medium,Les Grands Classiques
2026-03-03 13:07:20,Ultimate Meat,1,17.99,Medium,Toujours Plus
2026-03-03 13:07:20,Chèvre-Miel,1,21.99,XL,Les Iconiques
2026-03-03 13:07:20,Margherita,1,15.99,Large,Les Bons Plans
2026-03-03 13:07:20,Chicken and Cheddar,1,17.49,Medium,Éditions Limitées
2026-03-03 13:13:33,Diavola Haché au bœuf,1,18.99,Large,Les Originales
2026-03-03 13:13:33,Super Veggie,1,20.49,Large,Les Gourmandes Veggies
2026-03-03 13:13:33,Hawaïenne Jambon,1,20.99,XL,Les Grands Classiques
2026-03-03 13:16:50,Divine 3 Fromages,1,21.99,XL,Éditions Limitées
2026-03-03 13:21:01,Pepperoni Party,1,20.49,Large,Les Iconiques
2026-03-03 13:21:01,Peppina,1,19.99,Large,Les Gourmandes Veggies
2026-03-03 13:21:01,Algérienne,1,18.99,Large,Les Grands Classiques
2026-03-03 13:21:01,Chicken and Cheddar,1,17.49,Medium,Éditions Limitées
2026-03-03 13:25:29,Crispy Cannibale,1,23.99,XL,Les Originales
2026-03-03 13:38:34,Chicken BBQ,1,15.99,Medium,Les Grands Classiques
2026-03-03 13:38:34,Ultimate Meat,1,17.99,Medium,Toujours Plus
2026-03-03 13:38:34,Chicken Delight,2,43.98,XL,Les Originales
2026-03-03 13:38:34,Chicken Delight,1,18.99,Large,Les Originales
2026-03-03 13:38:34,Indienne,1,18.99,Large,Les Grands Classiques
2026-03-03 13:38:34,Extravaganzza,1,23.99,XL,Toujours Plus
2026-03-03 13:38:34,Hawaïenne Jambon,1,20.99,XL,Les Grands Classiques
2026-03-03 13:38:34,Hawaïenne Jambon,1,14.99,Medium,Les Grands Classiques
2026-03-03 13:38:34,Royale Veggie,1,21.99,XL,Les Gourmandes Veggies
2026-03-03 13:38:34,Pêcheur,1,18.99,Large,Les Grands Classiques
2026-03-03 13:38:34,Urban Kebab,1,20.49,Large,Les Originales
2026-03-03 13:38:34,Kebab and Spicy,1,18.99,Large,Les Originales
2026-03-03 13:39:24,Extravaganzza,1,17.99,Medium,Toujours Plus
2026-03-03 13:39:24,Pêcheur,1,21.99,XL,Les Grands Classiques
2026-03-03 13:39:24,Urban Kebab,1,20.49,Large,Les Originales
2026-03-03 13:39:24,Hawaïenne Poulet,1,14.99,Medium,Les Grands Classiques
2026-03-03 13:41:05,Margherita,1,12.99,Medium,Les Bons Plans
2026-03-03 13:53:01,Chèvre-Miel,1,18.99,Large,Les Iconiques
2026-03-03 13:53:01,Royale Veggie,1,18.99,Large,Les Gourmandes Veggies
2026-03-03 14:00:33,Forestière,1,23.49,XL,Les Grands Classiques
2026-03-03 14:00:33,Hawaïenne Poulet,2,41.98,XL,Les Grands Classiques
2026-03-03 14:03:25,Chicken Delight,1,15.99,Medium,Les Originales
2026-03-03 14:03:25,Hawaïenne Jambon,1,17.99,Large,Les Grands Classiques
2026-03-03 14:03:25,Originale Pepperoni,1,18.99,XL,Les Bons Plans
2026-03-03 14:03:25,Crispy Cannibale,1,23.99,XL,Les Originales
2026-03-03 14:03:25,Cannibale,1,20.49,Large,Les Iconiques
2026-03-03 14:03:25,Beef and Cheddar,1,17.99,Medium,Éditions Limitées
2026-03-03 14:03:25,Algérienne,1,21.99,XL,Les Grands Classiques
2026-03-03 14:03:25,Cheesy and Veggie,2,29.98,Medium,Les Gourmandes Veggies
2026-03-03 14:03:25,Peppina Vegan,1,19.99,Large,Les Vegans
2026-03-03 14:03:25,Peppina Vegan,1,16.99,Medium,Les Vegans
2026-03-03 14:08:53,Ultimate Meat,1,17.99,Medium,Toujours Plus
2026-03-03 14:08:53,Extravaganzza,1,20.99,Large,Toujours Plus
2026-03-03 14:08:53,Hawaïenne Jambon,1,20.99,XL,Les Grands Classiques
2026-03-03 14:08:53,Originale Pepperoni,1,15.99,Large,Les Bons Plans
2026-03-03 15:05:02,Chicken BBQ,1,18.99,Large,Les Grands Classiques
2026-03-03 15:05:02,Forestière,1,23.49,XL,Les Grands Classiques
2026-03-03 15:05:02,Royale Veggie,1,15.99,Medium,Les Gourmandes Veggies
2026-03-03 15:05:02,Hawaïenne Poulet,1,17.99,Large,Les Grands Classiques
2026-03-03 15:34:25,Chèvre-Miel,1,18.99,Large,Les Iconiques
2026-03-03 15:47:14,Indienne,1,18.99,Large,Les Grands Classiques
2026-03-03 15:47:14,Rocket Veggie,1,15.99,Large,Les Gourmandes Veggies
2026-03-03 15:47:14,Royale Veggie,1,21.99,XL,Les Gourmandes Veggies
2026-03-03 15:47:14,Urban Kebab,1,23.49,XL,Les Originales
2026-03-03 15:55:09,Extravaganzza,1,17.99,Medium,Toujours Plus
2026-03-03 16:32:20,Chicken BBQ,1,21.99,XL,Les Grands Classiques
2026-03-03 16:32:20,Forestière,1,23.49,XL,Les Grands Classiques
2026-03-03 16:32:20,Peppina,1,22.99,XL,Les Gourmandes Veggies
2026-03-03 16:43:44,Chicken BBQ,1,21.99,XL,Les Grands Classiques
2026-03-03 16:43:44,Beef and Cheddar,1,23.99,XL,Éditions Limitées
2026-03-03 16:46:19,Indienne,1,18.99,Large,Les Grands Classiques
2026-03-03 16:46:19,Crispy Cannibale,1,23.99,XL,Les Originales
2026-03-03 16:46:19,Crispy Cannibale,1,17.99,Medium,Les Originales
2026-03-03 17:06:11,Hawaïenne Jambon,1,14.99,Medium,Les Grands Classiques
2026-03-03 17:06:11,Forestière,1,23.49,XL,Les Grands Classiques
2026-03-03 17:06:11,Urban Kebab,1,23.49,XL,Les Originales
2026-03-03 17:19:38,Ultimate Meat,1,17.99,Medium,Toujours Plus
2026-03-03 17:19:38,4 Fromages,1,17.49,Medium,Les Iconiques
2026-03-03 17:19:38,Chicken and Cheddar,1,23.49,XL,Éditions Limitées
2026-03-03 17:27:05,Extravaganzza,1,20.99,Large,Toujours Plus
2026-03-03 17:27:05,Peppina Vegan,1,19.99,Large,Les Vegans
2026-03-03 17:27:27,Extravaganzza,1,23.99,XL,Toujours Plus
2026-03-03 17:27:27,Cannibale,1,23.49,XL,Les Iconiques
2026-03-03 17:27:27,Steak and Cheese,1,17.99,Large,Les Grands Classiques
2026-03-03 17:29:49,Hawaïenne Poulet,1,20.99,XL,Les Grands Classiques
2026-03-03 17:48:45,4 Fromages,1,17.49,Medium,Les Iconiques
2026-03-03 17:48:45,Margherita,1,18.99,XL,Les Bons Plans
2026-03-03 17:58:31,Cheesy and Veggie,1,14.99,Medium,Les Gourmandes Veggies
2026-03-03 18:18:27,Indienne,1,21.99,XL,Les Grands Classiques
2026-03-03 18:18:27,Hawaïenne Jambon,1,14.99,Medium,Les Grands Classiques
2026-03-03 18:18:27,Royale Veggie,1,21.99,XL,Les Gourmandes Veggies
2026-03-03 18:18:27,Margherita,1,15.99,Large,Les Bons Plans
2026-03-03 18:29:01,Urban Kebab,1,20.49,Large,Les Originales
2026-03-03 18:36:32,Ultimate Meat,1,17.99,Medium,Toujours Plus
2026-03-03 18:36:32,Peppina,1,19.99,Large,Les Gourmandes Veggies
2026-03-03 18:36:32,Originale Pepperoni,1,18.99,XL,Les Bons Plans
2026-03-03 18:36:32,Crispy Cannibale,1,20.99,Large,Les Originales
2026-03-03 18:41:49,Originale Pepperoni,1,12.99,Medium,Les Bons Plans
2026-03-03 18:41:49,Cheesy and Veggie,1,14.99,Medium,Les Gourmandes Veggies
2026-03-03 18:45:59,Peppina Vegan,1,22.99,XL,Les Vegans
2026-03-03 19:10:38,Chicken BBQ,1,15.99,Medium,Les Grands Classiques
2026-03-03 19:11:50,Hawaïenne Jambon,1,17.99,Large,Les Grands Classiques
2026-03-03 19:46:03,Chicken Delight,1,18.99,Large,Les Originales
2026-03-03 19:46:03,Royale Veggie,1,21.99,XL,Les Gourmandes Veggies
2026-03-03 19:56:12,Extravaganzza,1,20.99,Large,Toujours Plus
2026-03-03 19:56:12,Divine 3 Fromages,1,21.99,XL,Éditions Limitées
2026-03-03 19:56:12,Crispy Cannibale,1,23.99,XL,Les Originales
2026-03-03 19:56:12,Algérienne,1,21.99,XL,Les Grands Classiques
2026-03-03 19:59:11,4 Fromages,1,17.49,Medium,Les Iconiques
2026-03-03 20:05:12,Forestière,1,17.49,Medium,Les Grands Classiques
2026-03-03 20:05:12,Rocket Veggie,1,18.99,XL,Les Gourmandes Veggies
2026-03-03 20:05:12,Diavola Pepperoni,1,15.99,Medium,Les Originales
2026-03-03 20:20:00,Cannibale,1,23.49,XL,Les Iconiques
2026-03-03 20:25:37,Urban Kebab,1,23.49,XL,Les Originales
2026-03-03 20:46:18,Chicken BBQ,1,18.99,Large,Les Grands Classiques
2026-03-03 20:46:18,Diavola Pepperoni,1,15.99,Medium,Les Originales
2026-03-03 21:41:41,Indienne,1,18.99,Large,Les Grands Classiques
2026-03-03 21:41:41,Divine 3 Fromages,2,43.98,XL,Éditions Limitées
2026-03-03 21:41:41,Kebab and Spicy,1,18.99,Large,Les Originales
2026-03-03 21:58:18,Bacon Groovy,1,23.49,XL,Les Iconiques
2026-03-03 21:58:18,Beef and Cheddar,1,20.99,Large,Éditions Limitées
2026-03-04 11:23:00,Chicken BBQ,1,21.99,XL,Les Grands Classiques
2026-03-04 11:23:00,Royale Veggie,1,21.99,XL,Les Gourmandes Veggies
2026-03-04 11:23:00,Cannibale,1,17.49,Medium,Les Iconiques
2026-03-04 11:23:00,Urban Kebab,1,23.49,XL,Les Originales
2026-03-04 11:31:04,Indienne,1,21.99,XL,Les Grands Classiques
2026-03-04 11:31:04,Extravaganzza,1,17.99,Medium,Toujours Plus
2026-03-04 11:31:04,Hawaïenne Jambon,1,17.99,Large,Les Grands Classiques
2026-03-04 11:31:04,Pepperoni Party,1,20.49,Large,Les Iconiques
2026-03-04 11:31:04,Diavola Pepperoni,1,15.99,Medium,Les Originales
2026-03-04 11:31:04,Crispy Cannibale,1,23.99,XL,Les Originales
2026-03-04 11:31:04,Hawaïenne Poulet,1,17.99,Large,Les Grands Classiques
2026-03-04 11:34:38,Extravaganzza,1,23.99,XL,Toujours Plus
2026-03-04 11:38:17,Diavola Haché au bœuf,1,18.99,Large,Les Originales
2026-03-04 12:02:42,Forestière,1,23.49,XL,Les Grands Classiques
2026-03-04 12:07:09,Hawaïenne Jambon,1,14.99,Medium,Les Grands Classiques
2026-03-04 12:19:37,Super Veggie,1,20.49,Large,Les Gourmandes Veggies
2026-03-04 12:19:37,Peppina,1,19.99,Large,Les Gourmandes Veggies
2026-03-04 12:19:37,Pêcheur,1,18.99,Large,Les Grands Classiques
2026-03-04 12:28:30,Forestière,1,20.49,Large,Les Grands Classiques
2026-03-04 12:28:30,Rocket Veggie,1,18.99,XL,Les Gourmandes Veggies
2026-03-04 12:29:54,Ultimate Meat,1,17.99,Medium,Toujours Plus
2026-03-04 12:29:54,Algérienne,1,21.99,XL,Les Grands Classiques
2026-03-04 12:29:54,Algérienne,1,18.99,Large,Les Grands Classiques
2026-03-04 12:32:19,Diavola Haché au bœuf,1,18.99,Large,Les Originales
2026-03-04 12:32:19,Originale Pepperoni,1,15.99,Large,Les Bons Plans
2026-03-04 12:51:21,Chèvre-Miel,1,21.99,XL,Les Iconiques
2026-03-04 12:53:29,Chicken BBQ,1,21.99,XL,Les Grands Classiques
2026-03-04 12:53:29,Extravaganzza,1,23.99,XL,Toujours Plus
2026-03-04 12:53:29,Divine 3 Fromages,1,21.99,XL,Éditions Limitées
2026-03-04 12:53:29,Forestière,1,20.49,Large,Les Grands Classiques
2026-03-04 12:53:29,Forestière,1,17.49,Medium,Les Grands Classiques
2026-03-04 12:53:29,Crispy Cannibale,1,23.99,XL,Les Originales
2026-03-04 12:53:29,Margherita,1,12.99,Medium,Les Bons Plans
2026-03-04 12:53:29,Steak and Cheese,1,17.99,Large,Les Grands Classiques
2026-03-04 12:59:51,Chicken BBQ,1,21.99,XL,Les Grands Classiques
2026-03-04 12:59:51,4 Fromages,1,17.49,Medium,Les Iconiques
2026-03-04 12:59:51,Diavola Haché au bœuf,1,18.99,Large,Les Originales
2026-03-04 13:06:24,Hawaïenne Jambon,1,14.99,Medium,Les Grands Classiques
2026-03-04 13:15:42,Bacon Groovy,1,23.49,XL,Les Iconiques
2026-03-04 13:15:42,Extravaganzza,1,17.99,Medium,Toujours Plus
2026-03-04 13:15:42,Peppina,1,19.99,Large,Les Gourmandes Veggies
2026-03-04 13:15:42,Royale Veggie,1,18.99,Large,Les Gourmandes Veggies
2026-03-04 13:15:42,Cannibale,1,20.49,Large,Les Iconiques
2026-03-04 13:17:31,Pêcheur,1,21.99,XL,Les Grands Classiques
2026-03-04 13:20:21,Hawaïenne Jambon,1,20.99,XL,Les Grands Classiques
2026-03-04 13:23:35,Crispy Cannibale,1,17.99,Medium,Les Originales
2026-03-04 13:26:50,Urban Kebab,2,46.98,XL,Les Originales
2026-03-04 13:26:50,Algérienne,1,21.99,XL,Les Grands Classiques
2026-03-04 13:48:40,Chicken BBQ,1,21.99,XL,Les Grands Classiques
2026-03-04 13:48:40,Chicken Delight,1,21.99,XL,Les Originales
2026-03-04 13:48:40,Chicken Delight,1,18.99,Large,Les Originales
2026-03-04 13:48:40,Peppina,1,16.99,Medium,Les Gourmandes Veggies
2026-03-04 13:48:40,Diavola Pepperoni,2,37.98,Large,Les Originales
2026-03-04 13:48:40,Crispy Cannibale,1,23.99,XL,Les Originales
2026-03-04 13:48:40,Cannibale,1,17.49,Medium,Les Iconiques
2026-03-04 13:48:40,Urban Kebab,1,23.49,XL,Les Originales
2026-03-04 13:48:40,Algérienne,1,18.99,Large,Les Grands Classiques
2026-03-04 13:48:40,Hawaïenne Poulet,1,20.99,XL,Les Grands Classiques
2026-03-04 13:51:43,Algérienne,1,15.99,Medium,Les Grands Classiques
2026-03-04 14:15:54,Hawaïenne Poulet,1,14.99,Medium,Les Grands Classiques
2026-03-04 14:45:20,Chicken BBQ,1,18.99,Large,Les Grands Classiques
2026-03-04 14:45:20,Chicken Delight,1,21.99,XL,Les Originales
2026-03-04 14:45:20,Hawaïenne Jambon,1,14.99,Medium,Les Grands Classiques
2026-03-04 14:45:20,Royale Veggie,1,18.99,Large,Les Gourmandes Veggies
2026-03-04 14:47:48,Hawaïenne Jambon,1,20.99,XL,Les Grands Classiques
2026-03-04 14:51:20,Indienne,1,18.99,Large,Les Grands Classiques
2026-03-04 14:51:20,Pepperoni Party,1,23.49,XL,Les Iconiques
2026-03-04 14:51:20,Peppina Vegan,1,19.99,Large,Les Vegans
2026-03-04 14:57:58,Hawaïenne Jambon,1,14.99,Medium,Les Grands Classiques
2026-03-04 14:57:58,Pêcheur,1,15.99,Medium,Les Grands Classiques
2026-03-04 15:38:29,Chicken Delight,1,15.99,Medium,Les Originales
2026-03-04 15:38:29,Pepperoni Party,1,20.49,Large,Les Iconiques
2026-03-04 15:57:13,Margherita,1,15.99,Large,Les Bons Plans
2026-03-04 16:09:26,Forestière,1,20.49,Large,Les Grands Classiques
2026-03-04 16:10:09,Bacon Groovy,1,20.49,Large,Les Iconiques
2026-03-04 16:15:28,Extravaganzza,1,17.99,Medium,Toujours Plus
2026-03-04 16:21:46,Diavola Haché au bœuf,1,18.99,Large,Les Originales
2026-03-04 16:29:02,Rocket Veggie,1,12.99,Medium,Les Gourmandes Veggies
2026-03-04 16:29:02,Hawaïenne Poulet,1,17.99,Large,Les Grands Classiques
2026-03-04 16:38:05,Extravaganzza,1,17.99,Medium,Toujours Plus
2026-03-04 16:38:05,Super Veggie,1,20.49,Large,Les Gourmandes Veggies
2026-03-04 16:38:05,Originale Pepperoni,1,18.99,XL,Les Bons Plans
2026-03-04 16:38:05,Hawaïenne Poulet,1,14.99,Medium,Les Grands Classiques
2026-03-04 16:56:16,Chicken Delight,1,18.99,Large,Les Originales
2026-03-04 16:56:16,Pêcheur,1,18.99,Large,Les Grands Classiques
2026-03-04 16:56:16,Steak and Cheese,1,20.99,XL,Les Grands Classiques
2026-03-04 17:11:50,Ultimate Meat,1,17.99,Medium,Toujours Plus
2026-03-04 17:11:50,Cannibale,1,17.49,Medium,Les Iconiques
2026-03-04 17:16:34,Indienne,1,21.99,XL,Les Grands Classiques
2026-03-04 17:30:38,Indienne,1,21.99,XL,Les Grands Classiques
2026-03-04 17:30:38,Pêcheur,1,18.99,Large,Les Grands Classiques
2026-03-04 17:30:38,Cannibale,1,17.49,Medium,Les Iconiques
2026-03-04 17:30:38,Chicken and Cheddar,1,23.49,XL,Éditions Limitées
2026-03-04 17:52:09,Chicken BBQ,1,21.99,XL,Les Grands Classiques
2026-03-04 17:52:09,Extravaganzza,1,23.99,XL,Toujours Plus
2026-03-04 17:52:09,Extravaganzza,1,17.99,Medium,Toujours Plus
2026-03-04 17:52:09,Divine 3 Fromages,1,21.99,XL,Éditions Limitées
2026-03-04 17:52:09,Pêcheur,1,15.99,Medium,Les Grands Classiques
2026-03-04 17:52:09,Hawaïenne Poulet,1,20.99,XL,Les Grands Classiques
2026-03-04 17:55:40,Indienne,1,18.99,Large,Les Grands Classiques
2026-03-04 17:55:40,Rocket Veggie,1,12.99,Medium,Les Gourmandes Veggies
2026-03-04 18:06:40,Chèvre-Miel,1,18.99,Large,Les Iconiques
2026-03-04 18:13:25,Kebab and Spicy,1,21.99,XL,Les Originales
2026-03-04 18:13:25,Peppina Vegan,1,19.99,Large,Les Vegans
2026-03-04 18:19:59,Chicken BBQ,1,21.99,XL,Les Grands Classiques
2026-03-04 18:19:59,Chicken BBQ,1,18.99,Large,Les Grands Classiques
2026-03-04 18:19:59,Pêcheur,1,21.99,XL,Les Grands Classiques
2026-03-04 18:19:59,Peppina Vegan,1,22.99,XL,Les Vegans
2026-03-04 18:23:25,Ultimate Meat,1,17.99,Medium,Toujours Plus
2026-03-04 18:23:25,Pepperoni Party,1,20.49,Large,Les Iconiques
2026-03-04 18:23:25,Originale Pepperoni,1,12.99,Medium,Les Bons Plans
2026-03-04 18:23:25,Cannibale,1,23.49,XL,Les Iconiques
2026-03-04 18:25:22,Diavola Pepperoni,1,21.99,XL,Les Originales
2026-03-04 18:25:22,Algérienne,1,21.99,XL,Les Grands Classiques
2026-03-04 18:25:22,Hawaïenne Poulet,1,17.99,Large,Les Grands Classiques
2026-03-04 18:27:05,Ultimate Meat,1,17.99,Medium,Toujours Plus
2026-03-04 18:27:05,Chicken Delight,1,21.99,XL,Les Originales
2026-03-04 18:27:05,Royale Veggie,1,21.99,XL,Les Gourmandes Veggies
2026-03-04 18:27:05,Margherita,1,12.99,Medium,Les Bons Plans
2026-03-04 18:27:40,Chicken Delight,2,37.98,Large,Les Originales
2026-03-04 18:36:42,Forestière,1,17.49,Medium,Les Grands Classiques
2026-03-04 18:36:42,Hawaïenne Poulet,1,17.99,Large,Les Grands Classiques
2026-03-04 18:59:47,Forestière,1,20.49,Large,Les Grands Classiques
2026-03-04 18:59:47,Rocket Veggie,1,15.99,Large,Les Gourmandes Veggies
2026-03-04 19:17:24,Urban Kebab,1,17.49,Medium,Les Originales
2026-03-04 19:17:32,Chèvre-Miel,1,18.99,Large,Les Iconiques
2026-03-04 19:17:32,Crispy Cannibale,1,23.99,XL,Les Originales
2026-03-04 19:48:33,Pepperoni Party,1,20.49,Large,Les Iconiques
2026-03-04 19:52:52,Hawaïenne Poulet,1,20.99,XL,Les Grands Classiques
2026-03-04 20:14:27,Ultimate Meat,1,17.99,Medium,Toujours Plus
2026-03-04 20:14:27,Chèvre-Miel,1,21.99,XL,Les Iconiques
2026-03-04 20:30:11,Chicken BBQ,1,18.99,Large,Les Grands Classiques
2026-03-04 20:30:11,Chicken Delight,1,18.99,Large,Les Originales
2026-03-04 20:45:53,Pêcheur,1,15.99,Medium,Les Grands Classiques
2026-03-04 20:45:53,Chicken and Cheddar,1,23.49,XL,Éditions Limitées
2026-03-04 20:48:13,Chicken BBQ,1,18.99,Large,Les Grands Classiques
2026-03-04 20:48:13,Indienne,1,18.99,Large,Les Grands Classiques
2026-03-04 20:59:07,Chicken BBQ,1,21.99,XL,Les Grands Classiques
2026-03-04 20:59:07,Chicken Delight,1,21.99,XL,Les Originales
2026-03-04 20:59:07,Rocket Veggie,1,12.99,Medium,Les Gourmandes Veggies
2026-03-04 21:02:21,Extravaganzza,1,23.99,XL,Toujours Plus
2026-03-04 21:02:21,Hawaïenne Jambon,1,20.99,XL,Les Grands Classiques
2026-03-04 21:02:21,Peppina,1,19.99,Large,Les Gourmandes Veggies
2026-03-04 21:02:21,Diavola Pepperoni,1,18.99,Large,Les Originales
2026-03-05 11:46:21,Algérienne,1,18.99,Large,Les Grands Classiques
2026-03-05 11:47:34,Pepperoni Party,1,20.49,Large,Les Iconiques
2026-03-05 11:47:34,Pêcheur,1,15.99,Medium,Les Grands Classiques
2026-03-05 11:47:34,Originale Pepperoni,1,18.99,XL,Les Bons Plans
2026-03-05 11:47:34,Kebab and Spicy,1,21.99,XL,Les Originales
2026-03-05 11:49:36,Chèvre-Miel,1,21.99,XL,Les Iconiques
2026-03-05 12:01:47,Divine 3 Fromages,1,21.99,XL,Éditions Limitées
2026-03-05 12:01:47,Hawaïenne Jambon,1,20.99,XL,Les Grands Classiques
2026-03-05 12:01:47,Kebab and Spicy,1,21.99,XL,Les Originales
2026-03-05 12:05:20,Hawaïenne Jambon,1,14.99,Medium,Les Grands Classiques
2026-03-05 12:20:34,Chicken BBQ,1,21.99,XL,Les Grands Classiques
2026-03-05 12:30:24,Chicken BBQ,1,21.99,XL,Les Grands Classiques
2026-03-05 12:30:24,Diavola Haché au bœuf,1,21.99,XL,Les Originales
2026-03-05 12:30:24,Extravaganzza,1,17.99,Medium,Toujours Plus
2026-03-05 12:30:24,Diavola Pepperoni,1,15.99,Medium,Les Originales
2026-03-05 12:33:09,Chicken Delight,1,18.99,Large,Les Originales
2026-03-05 12:34:45,Forestière,1,23.49,XL,Les Grands Classiques
2026-03-05 12:44:29,Hawaïenne Poulet,1,20.99,XL,Les Grands Classiques
2026-03-05 12:49:45,Chicken BBQ,1,15.99,Medium,Les Grands Classiques
2026-03-05 12:52:34,Chicken and Cheddar,1,17.49,Medium,Éditions Limitées
2026-03-05 13:03:52,Hawaïenne Jambon,1,20.99,XL,Les Grands Classiques
2026-03-05 13:06:49,Divine 3 Fromages,1,21.99,XL,Éditions Limitées
2026-03-05 13:06:59,Extravaganzza,1,17.99,Medium,Toujours Plus
2026-03-05 13:06:59,Cannibale,1,20.49,Large,Les Iconiques
2026-03-05 13:21:27,Chicken Delight,2,43.98,XL,Les Originales
2026-03-05 13:21:27,Diavola Pepperoni,1,21.99,XL,Les Originales
2026-03-05 13:21:27,Kebab and Spicy,1,21.99,XL,Les Originales
2026-03-05 13:21:27,Steak and Cheese,1,20.99,XL,Les Grands Classiques
2026-03-05 13:21:27,Peppina Vegan,1,16.99,Medium,Les Vegans
2026-03-05 13:23:49,Chicken Delight,1,21.99,XL,Les Originales
2026-03-05 13:26:19,Extravaganzza,1,20.99,Large,Toujours Plus
2026-03-05 13:26:19,Peppina,1,22.99,XL,Les Gourmandes Veggies
2026-03-05 13:27:04,Hawaïenne Poulet,1,20.99,XL,Les Grands Classiques
2026-03-05 13:28:39,Peppina,1,22.99,XL,Les Gourmandes Veggies
2026-03-05 13:28:39,Peppina Vegan,1,19.99,Large,Les Vegans
2026-03-05 13:34:21,Rocket Veggie,1,18.99,XL,Les Gourmandes Veggies
2026-03-05 13:35:17,Divine 3 Fromages,1,21.99,XL,Éditions Limitées
2026-03-05 13:35:17,Rocket Veggie,1,15.99,Large,Les Gourmandes Veggies
2026-03-05 13:38:19,Cannibale,1,17.49,Medium,Les Iconiques
2026-03-05 13:41:31,Forestière,1,23.49,XL,Les Grands Classiques
2026-03-05 13:41:31,Pêcheur,1,15.99,Medium,Les Grands Classiques
2026-03-05 13:41:31,Kebab and Spicy,1,18.99,Large,Les Originales
2026-03-05 13:47:15,Extravaganzza,1,20.99,Large,Toujours Plus
2026-03-05 13:47:15,Divine 3 Fromages,1,21.99,XL,Éditions Limitées
2026-03-05 13:47:15,Chèvre-Miel,1,21.99,XL,Les Iconiques
2026-03-05 13:47:15,Hawaïenne Jambon,1,20.99,XL,Les Grands Classiques
2026-03-05 13:47:15,Pepperoni Party,1,17.49,Medium,Les Iconiques
2026-03-05 13:47:15,Diavola Pepperoni,1,21.99,XL,Les Originales
2026-03-05 13:47:15,Urban Kebab,1,17.49,Medium,Les Originales
2026-03-05 13:47:15,Beef and Cheddar,1,23.99,XL,Éditions Limitées
2026-03-05 13:47:15,Chicken and Cheddar,1,23.49,XL,Éditions Limitées
2026-03-05 13:47:15,Peppina Vegan,1,19.99,Large,Les Vegans
2026-03-05 13:49:24,Crispy Cannibale,1,23.99,XL,Les Originales
2026-03-05 13:59:08,Chèvre-Miel,1,21.99,XL,Les Iconiques
2026-03-05 13:59:08,Hawaïenne Jambon,1,20.99,XL,Les Grands Classiques
2026-03-05 13:59:08,Pêcheur,1,15.99,Medium,Les Grands Classiques
2026-03-05 13:59:08,Crispy Cannibale,1,23.99,XL,Les Originales
2026-03-05 13:59:08,Algérienne,1,21.99,XL,Les Grands Classiques
2026-03-05 14:05:21,Hawaïenne Jambon,1,20.99,XL,Les Grands Classiques
2026-03-05 14:21:03,Royale Veggie,1,21.99,XL,Les Gourmandes Veggies
2026-03-05 14:21:03,Originale Pepperoni,1,15.99,Large,Les Bons Plans
2026-03-05 14:24:19,Chèvre-Miel,1,21.99,XL,Les Iconiques
2026-03-05 14:24:19,Royale Veggie,1,21.99,XL,Les Gourmandes Veggies
2026-03-05 14:39:18,Hawaïenne Jambon,1,17.99,Large,Les Grands Classiques
2026-03-05 14:39:18,Pepperoni Party,1,20.49,Large,Les Iconiques
2026-03-05 14:39:18,Crispy Cannibale,1,17.99,Medium,Les Originales
2026-03-05 14:39:18,Chicken and Cheddar,1,17.49,Medium,Éditions Limitées
2026-03-05 15:25:06,Cannibale,1,20.49,Large,Les Iconiques
2026-03-05 15:29:44,Originale Pepperoni,1,15.99,Large,Les Bons Plans
2026-03-05 15:29:44,Algérienne,1,15.99,Medium,Les Grands Classiques
2026-03-05 15:29:44,Kebab and Spicy,1,21.99,XL,Les Originales
2026-03-05 15:29:44,Steak and Cheese,1,20.99,XL,Les Grands Classiques
2026-03-05 15:31:22,Super Veggie,1,17.49,Medium,Les Gourmandes Veggies
2026-03-05 15:31:22,Hawaïenne Jambon,1,20.99,XL,Les Grands Classiques
2026-03-05 15:31:22,Algérienne,1,21.99,XL,Les Grands Classiques
2026-03-05 15:31:22,Kebab and Spicy,1,15.99,Medium,Les Originales
2026-03-05 15:38:04,Urban Kebab,1,20.49,Large,Les Originales
2026-03-05 15:42:22,Chicken Delight,1,18.99,Large,Les Originales
2026-03-05 15:48:08,Hawaïenne Jambon,1,17.99,Large,Les Grands Classiques
2026-03-05 15:48:08,Crispy Cannibale,1,23.99,XL,Les Originales
2026-03-05 15:57:10,Diavola Haché au bœuf,1,21.99,XL,Les Originales
2026-03-05 15:57:10,Chèvre-Miel,1,21.99,XL,Les Iconiques
2026-03-05 15:57:10,Originale Pepperoni,1,15.99,Large,Les Bons Plans
2026-03-05 16:07:50,Diavola Pepperoni,1,15.99,Medium,Les Originales
2026-03-05 16:07:50,Cheesy and Veggie,1,17.99,Large,Les Gourmandes Veggies
2026-03-05 16:12:54,Chèvre-Miel,1,21.99,XL,Les Iconiques
2026-03-05 16:12:54,Chèvre-Miel,1,18.99,Large,Les Iconiques
2026-03-05 16:12:54,Forestière,1,20.49,Large,Les Grands Classiques
2026-03-05 16:12:54,Diavola Pepperoni,1,15.99,Medium,Les Originales
2026-03-05 16:12:59,Extravaganzza,1,17.99,Medium,Toujours Plus
2026-03-05 16:26:30,Cannibale,1,20.49,Large,Les Iconiques
2026-03-05 16:39:37,Extravaganzza,1,17.99,Medium,Toujours Plus
2026-03-05 16:39:37,Hawaïenne Poulet,1,20.99,XL,Les Grands Classiques
2026-03-05 17:04:01,Chicken BBQ,1,15.99,Medium,Les Grands Classiques
2026-03-05 17:04:01,Extravaganzza,1,20.99,Large,Toujours Plus
2026-03-05 17:04:01,Diavola Pepperoni,1,18.99,Large,Les Originales
2026-03-05 17:04:01,Peppina Vegan,1,19.99,Large,Les Vegans
2026-03-05 17:09:43,Hawaïenne Poulet,1,14.99,Medium,Les Grands Classiques
2026-03-05 17:09:43,Steak and Cheese,1,14.99,Medium,Les Grands Classiques
2026-03-05 17:11:05,Ultimate Meat,1,17.99,Medium,Toujours Plus
2026-03-05 17:11:05,Margherita,1,18.99,XL,Les Bons Plans
2026-03-05 17:19:11,Chicken Delight,1,21.99,XL,Les Originales
2026-03-05 17:19:11,Algérienne,1,18.99,Large,Les Grands Classiques
2026-03-05 17:19:11,Hawaïenne Poulet,1,14.99,Medium,Les Grands Classiques
2026-03-05 17:23:32,Algérienne,1,15.99,Medium,Les Grands Classiques
2026-03-05 17:24:03,Chicken Delight,1,21.99,XL,Les Originales
2026-03-05 17:24:03,Cannibale,1,20.49,Large,Les Iconiques
2026-03-05 17:24:03,Beef and Cheddar,1,23.99,XL,Éditions Limitées
2026-03-05 17:24:03,Cheesy and Veggie,1,14.99,Medium,Les Gourmandes Veggies
2026-03-05 17:25:14,Chicken Delight,1,18.99,Large,Les Originales
2026-03-05 17:25:14,Indienne,1,18.99,Large,Les Grands Classiques
2026-03-05 17:25:14,Peppina Vegan,1,16.99,Medium,Les Vegans
2026-03-05 17:30:54,Hawaïenne Jambon,1,20.99,XL,Les Grands Classiques
2026-03-05 17:30:54,Royale Veggie,1,15.99,Medium,Les Gourmandes Veggies
2026-03-05 17:30:54,Beef and Cheddar,1,23.99,XL,Éditions Limitées
2026-03-05 17:30:54,Hawaïenne Poulet,1,17.99,Large,Les Grands Classiques
2026-03-05 17:51:47,Ultimate Meat,2,35.98,Medium,Toujours Plus
2026-03-05 17:51:47,Forestière,1,23.49,XL,Les Grands Classiques
2026-03-05 17:51:47,Royale Veggie,1,21.99,XL,Les Gourmandes Veggies
2026-03-05 18:03:09,Pepperoni Party,1,23.49,XL,Les Iconiques
2026-03-05 18:03:09,Cannibale,1,23.49,XL,Les Iconiques
2026-03-05 18:05:39,Hawaïenne Jambon,1,20.99,XL,Les Grands Classiques
2026-03-05 18:13:03,Chèvre-Miel,1,21.99,XL,Les Iconiques
2026-03-05 18:21:32,Cannibale,1,17.49,Medium,Les Iconiques
2026-03-05 18:30:10,Chicken Delight,1,18.99,Large,Les Originales
2026-03-05 18:30:10,Pepperoni Party,1,20.49,Large,Les Iconiques
2026-03-05 18:35:58,Divine 3 Fromages,1,21.99,XL,Éditions Limitées
2026-03-05 18:35:58,Forestière,1,23.49,XL,Les Grands Classiques
2026-03-05 18:35:58,Hawaïenne Poulet,1,20.99,XL,Les Grands Classiques
2026-03-05 18:39:12,Chicken BBQ,1,18.99,Large,Les Grands Classiques
2026-03-05 18:52:11,Originale Pepperoni,1,18.99,XL,Les Bons Plans
2026-03-05 18:52:11,Urban Kebab,1,17.49,Medium,Les Originales
2026-03-05 18:52:11,Steak and Cheese,1,14.99,Medium,Les Grands Classiques
2026-03-05 18:52:11,Peppina Vegan,1,16.99,Medium,Les Vegans
2026-03-05 18:53:34,Kebab and Spicy,1,18.99,Large,Les Originales
2026-03-05 19:33:05,Beef and Cheddar,1,17.99,Medium,Éditions Limitées
2026-03-05 20:58:09,Diavola Pepperoni,1,15.99,Medium,Les Originales
2026-03-05 20:58:09,Algérienne,1,21.99,XL,Les Grands Classiques
2026-03-05 20:58:09,Hawaïenne Poulet,1,20.99,XL,Les Grands Classiques
2026-03-05 21:01:23,Peppina Vegan,1,16.99,Medium,Les Vegans
2026-03-06 11:31:55,Peppina Vegan,1,22.99,XL,Les Vegans
2026-03-06 11:31:57,Beef and Cheddar,1,20.99,Large,Éditions Limitées
2026-03-06 12:05:44,Chicken Delight,1,21.99,XL,Les Originales
2026-03-06 12:05:44,Cannibale,1,23.49,XL,Les Iconiques
2026-03-06 12:13:16,Extravaganzza,1,17.99,Medium,Toujours Plus
2026-03-06 12:19:00,Divine 3 Fromages,1,21.99,XL,Éditions Limitées
2026-03-06 12:19:00,Rocket Veggie,1,15.99,Large,Les Gourmandes Veggies
2026-03-06 12:19:00,Kebab and Spicy,1,15.99,Medium,Les Originales
2026-03-06 12:19:00,Margherita,1,12.99,Medium,Les Bons Plans
2026-03-06 12:24:41,Extravaganzza,1,20.99,Large,Toujours Plus
2026-03-06 12:27:51,Kebab and Spicy,1,21.99,XL,Les Originales
2026-03-06 12:29:52,Ultimate Meat,1,17.99,Medium,Toujours Plus
2026-03-06 12:29:52,Indienne,1,18.99,Large,Les Grands Classiques
2026-03-06 12:29:52,Extravaganzza,1,23.99,XL,Toujours Plus
2026-03-06 12:29:52,Chèvre-Miel,1,21.99,XL,Les Iconiques
2026-03-06 12:29:52,Hawaïenne Jambon,2,29.98,Medium,Les Grands Classiques
2026-03-06 12:29:52,Royale Veggie,1,18.99,Large,Les Gourmandes Veggies
2026-03-06 12:29:52,Originale Pepperoni,1,12.99,Medium,Les Bons Plans
2026-03-06 12:29:52,Cannibale,1,20.49,Large,Les Iconiques
2026-03-06 12:29:52,Kebab and Spicy,1,21.99,XL,Les Originales
2026-03-06 12:30:08,Beef and Cheddar,1,20.99,Large,Éditions Limitées
2026-03-06 12:31:40,Indienne,1,15.99,Medium,Les Grands Classiques
2026-03-06 12:37:22,Diavola Pepperoni,1,18.99,Large,Les Originales
2026-03-06 12:39:17,Margherita,1,15.99,Large,Les Bons Plans
2026-03-06 12:39:33,Diavola Haché au bœuf,1,21.99,XL,Les Originales
2026-03-06 12:39:33,Chicken Delight,1,21.99,XL,Les Originales
2026-03-06 12:42:55,Originale Pepperoni,1,15.99,Large,Les Bons Plans
2026-03-06 12:42:55,Cannibale,1,20.49,Large,Les Iconiques
2026-03-06 12:42:55,Urban Kebab,1,20.49,Large,Les Originales
2026-03-06 12:48:55,Chicken BBQ,1,15.99,Medium,Les Grands Classiques
2026-03-06 12:48:55,Ultimate Meat,2,35.98,Medium,Toujours Plus
2026-03-06 12:48:55,Extravaganzza,2,35.98,Medium,Toujours Plus
2026-03-06 12:48:55,Pepperoni Party,1,20.49,Large,Les Iconiques
2026-03-06 12:48:55,Urban Kebab,1,23.49,XL,Les Originales
2026-03-06 12:48:55,Algérienne,1,21.99,XL,Les Grands Classiques
2026-03-06 12:48:55,Kebab and Spicy,1,21.99,XL,Les Originales
2026-03-06 12:48:55,Cheesy and Veggie,1,20.99,XL,Les Gourmandes Veggies
2026-03-06 12:48:55,Cheesy and Veggie,1,14.99,Medium,Les Gourmandes Veggies
2026-03-06 12:48:55,Peppina Vegan,1,22.99,XL,Les Vegans
2026-03-06 13:05:46,Chicken BBQ,1,15.99,Medium,Les Grands Classiques
2026-03-06 13:09:50,Hawaïenne Jambon,1,14.99,Medium,Les Grands Classiques
2026-03-06 13:14:53,Chicken and Cheddar,1,23.49,XL,Éditions Limitées
2026-03-06 13:23:16,Beef and Cheddar,1,20.99,Large,Éditions Limitées
2026-03-06 13:29:45,4 Fromages,2,34.98,Medium,Les Iconiques
2026-03-06 13:29:45,Chicken Delight,1,21.99,XL,Les Originales
2026-03-06 13:48:02,Bacon Groovy,1,17.49,Medium,Les Iconiques
2026-03-06 13:48:02,Hawaïenne Jambon,1,14.99,Medium,Les Grands Classiques
2026-03-06 13:48:02,Royale Veggie,1,18.99,Large,Les Gourmandes Veggies
2026-03-06 13:48:02,Pêcheur,1,15.99,Medium,Les Grands Classiques
2026-03-06 13:59:21,Pepperoni Party,1,23.49,XL,Les Iconiques
2026-03-06 14:13:38,Extravaganzza,1,20.99,Large,Toujours Plus
2026-03-06 14:30:34,Bacon Groovy,1,20.49,Large,Les Iconiques
2026-03-06 14:47:21,Chicken BBQ,1,18.99,Large,Les Grands Classiques
2026-03-06 15:05:16,Peppina,1,16.99,Medium,Les Gourmandes Veggies
2026-03-06 15:18:05,Margherita,1,18.99,XL,Les Bons Plans
2026-03-06 15:18:05,Peppina Vegan,1,16.99,Medium,Les Vegans
2026-03-06 15:18:10,Algérienne,1,21.99,XL,Les Grands Classiques
2026-03-06 15:18:10,Cheesy and Veggie,1,14.99,Medium,Les Gourmandes Veggies
2026-03-06 15:41:03,Chicken BBQ,1,21.99,XL,Les Grands Classiques
2026-03-06 15:41:03,Royale Veggie,1,21.99,XL,Les Gourmandes Veggies
2026-03-06 15:46:23,Chicken BBQ,1,18.99,Large,Les Grands Classiques
2026-03-06 15:46:23,Peppina Vegan,1,19.99,Large,Les Vegans
2026-03-06 15:59:29,Indienne,1,18.99,Large,Les Grands Classiques
2026-03-06 15:59:29,Hawaïenne Poulet,1,20.99,XL,Les Grands Classiques
2026-03-06 16:01:00,Extravaganzza,1,20.99,Large,Toujours Plus
2026-03-06 16:01:00,Pepperoni Party,1,20.49,Large,Les Iconiques
2026-03-06 16:14:40,Originale Pepperoni,1,12.99,Medium,Les Bons Plans
2026-03-06 16:14:40,Margherita,1,15.99,Large,Les Bons Plans
2026-03-06 16:47:39,Hawaïenne Jambon,1,14.99,Medium,Les Grands Classiques
2026-03-06 16:47:39,Peppina,1,19.99,Large,Les Gourmandes Veggies
2026-03-06 17:02:56,Chèvre-Miel,1,21.99,XL,Les Iconiques
2026-03-06 17:05:52,Kebab and Spicy,1,21.99,XL,Les Originales
2026-03-06 17:12:49,Peppina Vegan,1,22.99,XL,Les Vegans
2026-03-06 17:15:19,Indienne,1,18.99,Large,Les Grands Classiques
2026-03-06 17:15:19,Cannibale,1,20.49,Large,Les Iconiques
2026-03-06 17:15:19,Beef and Cheddar,1,17.99,Medium,Éditions Limitées
2026-03-06 17:27:18,Hawaïenne Jambon,1,14.99,Medium,Les Grands Classiques
2026-03-06 17:27:18,Crispy Cannibale,1,17.99,Medium,Les Originales
2026-03-06 17:27:18,Hawaïenne Poulet,1,17.99,Large,Les Grands Classiques
2026-03-06 17:46:48,Diavola Haché au bœuf,1,21.99,XL,Les Originales
2026-03-06 17:46:48,Royale Veggie,1,21.99,XL,Les Gourmandes Veggies
2026-03-06 17:46:48,Originale Pepperoni,1,18.99,XL,Les Bons Plans
2026-03-06 17:46:48,Originale Pepperoni,1,15.99,Large,Les Bons Plans
2026-03-06 18:00:49,Pepperoni Party,1,23.49,XL,Les Iconiques
2026-03-06 18:08:43,Chicken Delight,1,15.99,Medium,Les Originales
2026-03-06 18:08:43,Divine 3 Fromages,1,21.99,XL,Éditions Limitées
2026-03-06 18:15:58,Chèvre-Miel,1,21.99,XL,Les Iconiques
2026-03-06 18:15:58,Originale Pepperoni,1,18.99,XL,Les Bons Plans
2026-03-06 18:15:58,Urban Kebab,1,17.49,Medium,Les Originales
2026-03-06 18:15:58,Algérienne,1,21.99,XL,Les Grands Classiques
2026-03-06 18:28:28,Originale Pepperoni,1,15.99,Large,Les Bons Plans
2026-03-06 18:42:52,Hawaïenne Jambon,2,35.98,Large,Les Grands Classiques
2026-03-06 18:42:52,Cannibale,1,23.49,XL,Les Iconiques
2026-03-06 18:42:52,Cannibale,1,20.49,Large,Les Iconiques
2026-03-06 18:48:17,4 Fromages,1,17.49,Medium,Les Iconiques
2026-03-06 18:59:18,Extravaganzza,1,17.99,Medium,Toujours Plus
2026-03-06 18:59:18,Super Veggie,1,17.49,Medium,Les Gourmandes Veggies
2026-03-06 18:59:18,Rocket Veggie,1,12.99,Medium,Les Gourmandes Veggies
2026-03-06 18:59:18,Peppina Vegan,1,16.99,Medium,Les Vegans
2026-03-06 19:15:15,Indienne,1,18.99,Large,Les Grands Classiques
2026-03-06 19:15:15,Super Veggie,1,20.49,Large,Les Gourmandes Veggies
2026-03-06 19:15:15,Diavola Pepperoni,1,21.99,XL,Les Originales
2026-03-06 19:15:15,Hawaïenne Poulet,1,20.99,XL,Les Grands Classiques
2026-03-06 19:18:42,Pepperoni Party,1,20.49,Large,Les Iconiques
2026-03-06 19:50:37,Forestière,1,20.49,Large,Les Grands Classiques
2026-03-06 19:50:37,Peppina,1,22.99,XL,Les Gourmandes Veggies
2026-03-06 19:50:37,Originale Pepperoni,1,18.99,XL,Les Bons Plans
2026-03-06 19:57:15,Originale Pepperoni,1,15.99,Large,Les Bons Plans
2026-03-06 19:57:15,Hawaïenne Poulet,1,20.99,XL,Les Grands Classiques
2026-03-06 19:58:48,Divine 3 Fromages,1,21.99,XL,Éditions Limitées
2026-03-06 19:58:48,Hawaïenne Jambon,1,14.99,Medium,Les Grands Classiques
2026-03-06 19:58:48,Kebab and Spicy,1,21.99,XL,Les Originales
2026-03-06 19:58:48,Cheesy and Veggie,1,14.99,Medium,Les Gourmandes Veggies
2026-03-06 20:01:26,Divine 3 Fromages,2,43.98,XL,Éditions Limitées
2026-03-06 20:01:26,Diavola Pepperoni,1,15.99,Medium,Les Originales
2026-03-06 20:01:26,Algérienne,1,21.99,XL,Les Grands Classiques
2026-03-06 20:10:12,Chicken BBQ,1,15.99,Medium,Les Grands Classiques
2026-03-06 20:10:12,Pepperoni Party,1,23.49,XL,Les Iconiques
2026-03-06 20:10:12,Pêcheur,1,18.99,Large,Les Grands Classiques
2026-03-06 20:18:30,Chicken BBQ,1,21.99,XL,Les Grands Classiques
2026-03-06 20:29:18,Chicken BBQ,1,21.99,XL,Les Grands Classiques
2026-03-06 20:29:18,Crispy Cannibale,1,23.99,XL,Les Originales
2026-03-06 20:29:18,Cannibale,2,40.98,Large,Les Iconiques
2026-03-06 20:34:43,Chicken Delight,1,21.99,XL,Les Originales
2026-03-06 20:34:43,Divine 3 Fromages,1,21.99,XL,Éditions Limitées
2026-03-06 20:34:43,Urban Kebab,1,20.49,Large,Les Originales
2026-03-06 20:34:43,Peppina Vegan,1,19.99,Large,Les Vegans
2026-03-06 21:12:07,Super Veggie,1,17.49,Medium,Les Gourmandes Veggies
2026-03-06 21:12:07,Originale Pepperoni,1,12.99,Medium,Les Bons Plans
2026-03-06 21:12:07,Steak and Cheese,1,17.99,Large,Les Grands Classiques
2026-03-06 21:18:50,Ultimate Meat,1,17.99,Medium,Toujours Plus
2026-03-06 21:18:50,Cannibale,1,23.49,XL,Les Iconiques
2026-03-06 21:18:50,Cheesy and Veggie,1,14.99,Medium,Les Gourmandes Veggies
2026-03-06 21:22:02,Peppina,1,22.99,XL,Les Gourmandes Veggies
2026-03-06 21:28:26,Algérienne,1,21.99,XL,Les Grands Classiques
2026-03-06 21:28:26,Kebab and Spicy,1,21.99,XL,Les Originales
2026-03-06 21:28:26,Hawaïenne Poulet,1,20.99,XL,Les Grands Classiques
2026-03-06 21:28:27,Ultimate Meat,1,17.99,Medium,Toujours Plus
2026-03-06 21:28:27,Steak and Cheese,1,20.99,XL,Les Grands Classiques
2026-03-06 21:34:49,Forestière,1,23.49,XL,Les Grands Classiques
2026-03-06 22:13:59,4 Fromages,1,17.49,Medium,Les Iconiques
2026-03-06 22:13:59,Divine 3 Fromages,1,21.99,XL,Éditions Limitées
2026-03-06 22:13:59,Chicken and Cheddar,1,20.49,Large,Éditions Limitées
2026-03-06 22:23:06,Hawaïenne Jambon,1,14.99,Medium,Les Grands Classiques
2026-03-06 22:41:23,Pepperoni Party,1,23.49,XL,Les Iconiques
2026-03-07 11:38:08,Chicken BBQ,1,21.99,XL,Les Grands Classiques
2026-03-07 11:38:08,Diavola Pepperoni,1,15.99,Medium,Les Originales
2026-03-07 11:38:08,Originale Pepperoni,1,15.99,Large,Les Bons Plans
2026-03-07 11:38:08,Cannibale,1,20.49,Large,Les Iconiques
2026-03-07 11:46:18,Urban Kebab,2,34.98,Medium,Les Originales
2026-03-07 11:47:47,Ultimate Meat,1,17.99,Medium,Toujours Plus
2026-03-07 11:48:30,Beef and Cheddar,1,23.99,XL,Éditions Limitées
2026-03-07 11:52:36,Hawaïenne Jambon,1,17.99,Large,Les Grands Classiques
2026-03-07 11:52:36,Royale Veggie,1,21.99,XL,Les Gourmandes Veggies
2026-03-07 11:52:36,Crispy Cannibale,1,23.99,XL,Les Originales
2026-03-07 11:52:36,Cheesy and Veggie,1,14.99,Medium,Les Gourmandes Veggies
2026-03-07 12:08:34,Extravaganzza,1,20.99,Large,Toujours Plus
2026-03-07 12:23:20,Diavola Haché au bœuf,1,18.99,Large,Les Originales
2026-03-07 12:23:20,Chicken Delight,2,43.98,XL,Les Originales
2026-03-07 12:23:20,Peppina,1,22.99,XL,Les Gourmandes Veggies
2026-03-07 12:23:20,Pêcheur,1,15.99,Medium,Les Grands Classiques
2026-03-07 12:23:20,Crispy Cannibale,1,20.99,Large,Les Originales
2026-03-07 12:23:20,Algérienne,1,21.99,XL,Les Grands Classiques
2026-03-07 12:23:20,Cheesy and Veggie,1,20.99,XL,Les Gourmandes Veggies
2026-03-07 12:23:20,Margherita,1,18.99,XL,Les Bons Plans
2026-03-07 12:24:10,Chicken BBQ,1,18.99,Large,Les Grands Classiques
2026-03-07 12:24:10,Chicken BBQ,1,15.99,Medium,Les Grands Classiques
2026-03-07 12:24:10,Chèvre-Miel,1,21.99,XL,Les Iconiques
2026-03-07 12:24:10,Crispy Cannibale,2,47.98,XL,Les Originales
2026-03-07 12:24:10,Cheesy and Veggie,1,20.99,XL,Les Gourmandes Veggies
2026-03-07 12:24:10,Margherita,1,18.99,XL,Les Bons Plans
2026-03-07 12:24:10,Margherita,1,15.99,Large,Les Bons Plans
2026-03-07 12:52:11,Urban Kebab,1,20.49,Large,Les Originales
2026-03-07 13:28:07,Forestière,1,23.49,XL,Les Grands Classiques
2026-03-07 14:01:23,Pepperoni Party,1,20.49,Large,Les Iconiques
2026-03-07 14:42:35,Ultimate Meat,1,17.99,Medium,Toujours Plus
2026-03-07 14:42:35,Peppina Vegan,1,19.99,Large,Les Vegans
2026-03-07 15:00:38,Chicken BBQ,1,18.99,Large,Les Grands Classiques
2026-03-07 15:00:38,Chicken Delight,1,21.99,XL,Les Originales
2026-03-07 15:00:38,Indienne,1,21.99,XL,Les Grands Classiques
2026-03-07 15:06:30,Pepperoni Party,1,20.49,Large,Les Iconiques
2026-03-07 15:06:30,Peppina Vegan,1,22.99,XL,Les Vegans
2026-03-07 15:35:59,Super Veggie,1,17.49,Medium,Les Gourmandes Veggies
2026-03-07 15:35:59,Cheesy and Veggie,1,14.99,Medium,Les Gourmandes Veggies
2026-03-07 16:08:09,Ultimate Meat,1,17.99,Medium,Toujours Plus
2026-03-07 16:08:09,Hawaïenne Jambon,1,20.99,XL,Les Grands Classiques
2026-03-07 16:08:09,Royale Veggie,1,21.99,XL,Les Gourmandes Veggies
2026-03-07 16:08:09,Peppina Vegan,1,22.99,XL,Les Vegans
2026-03-07 16:09:05,Indienne,1,21.99,XL,Les Grands Classiques
2026-03-07 16:09:05,Divine 3 Fromages,1,21.99,XL,Éditions Limitées
2026-03-07 16:14:53,Diavola Pepperoni,1,15.99,Medium,Les Originales
2026-03-07 16:15:17,Indienne,1,21.99,XL,Les Grands Classiques
2026-03-07 16:21:06,Chicken Delight,1,21.99,XL,Les Originales
2026-03-07 16:21:06,Pêcheur,1,15.99,Medium,Les Grands Classiques
2026-03-07 16:21:06,Cheesy and Veggie,1,20.99,XL,Les Gourmandes Veggies
2026-03-07 16:21:06,Hawaïenne Poulet,1,20.99,XL,Les Grands Classiques
2026-03-07 16:26:19,Bacon Groovy,1,20.49,Large,Les Iconiques
2026-03-07 16:26:19,Extravaganzza,1,20.99,Large,Toujours Plus
2026-03-07 16:26:19,Divine 3 Fromages,1,21.99,XL,Éditions Limitées
2026-03-07 16:26:19,Super Veggie,1,20.49,Large,Les Gourmandes Veggies
2026-03-07 16:34:59,Super Veggie,1,20.49,Large,Les Gourmandes Veggies
2026-03-07 16:34:59,Peppina,1,16.99,Medium,Les Gourmandes Veggies
2026-03-07 16:34:59,Royale Veggie,1,21.99,XL,Les Gourmandes Veggies
2026-03-07 16:34:59,Urban Kebab,1,17.49,Medium,Les Originales
2026-03-07 17:01:11,Diavola Haché au bœuf,1,21.99,XL,Les Originales
2026-03-07 17:18:44,Chicken BBQ,1,18.99,Large,Les Grands Classiques
2026-03-07 17:18:44,Chèvre-Miel,1,21.99,XL,Les Iconiques
2026-03-07 17:22:07,Beef and Cheddar,1,20.99,Large,Éditions Limitées
2026-03-07 17:22:07,Margherita,1,12.99,Medium,Les Bons Plans
2026-03-07 17:39:40,Chèvre-Miel,1,21.99,XL,Les Iconiques
2026-03-07 17:39:40,Hawaïenne Jambon,1,20.99,XL,Les Grands Classiques
2026-03-07 17:39:40,Diavola Pepperoni,1,15.99,Medium,Les Originales
2026-03-07 17:42:03,Steak and Cheese,1,20.99,XL,Les Grands Classiques
2026-03-07 18:06:44,Ultimate Meat,1,17.99,Medium,Toujours Plus
2026-03-07 18:06:44,Chicken Delight,1,15.99,Medium,Les Originales
2026-03-07 18:06:44,Forestière,1,23.49,XL,Les Grands Classiques
2026-03-07 18:17:47,Chèvre-Miel,1,21.99,XL,Les Iconiques
2026-03-07 18:23:27,Cannibale,1,20.49,Large,Les Iconiques
2026-03-07 18:30:46,Diavola Pepperoni,1,18.99,Large,Les Originales
2026-03-07 18:41:26,Chicken BBQ,1,21.99,XL,Les Grands Classiques
2026-03-07 18:41:26,Super Veggie,1,17.49,Medium,Les Gourmandes Veggies
2026-03-07 18:41:26,Urban Kebab,1,17.49,Medium,Les Originales
2026-03-07 18:41:26,Kebab and Spicy,1,21.99,XL,Les Originales
2026-03-07 18:43:59,Forestière,1,20.49,Large,Les Grands Classiques
2026-03-07 18:45:53,Chicken BBQ,1,21.99,XL,Les Grands Classiques
2026-03-07 18:45:53,Hawaïenne Jambon,1,20.99,XL,Les Grands Classiques
2026-03-07 18:45:53,Royale Veggie,1,21.99,XL,Les Gourmandes Veggies
2026-03-07 18:45:53,Cheesy and Veggie,1,20.99,XL,Les Gourmandes Veggies
2026-03-07 19:08:43,Chicken BBQ,1,15.99,Medium,Les Grands Classiques
2026-03-07 19:08:43,Originale Pepperoni,1,15.99,Large,Les Bons Plans
2026-03-07 19:08:43,Kebab and Spicy,1,21.99,XL,Les Originales
2026-03-07 19:08:43,Hawaïenne Poulet,1,20.99,XL,Les Grands Classiques
2026-03-07 19:12:55,Super Veggie,1,17.49,Medium,Les Gourmandes Veggies
2026-03-07 19:12:55,Pepperoni Party,1,17.49,Medium,Les Iconiques
2026-03-07 19:20:59,Super Veggie,1,23.49,XL,Les Gourmandes Veggies
2026-03-07 19:20:59,Originale Pepperoni,1,12.99,Medium,Les Bons Plans
2026-03-07 19:31:49,Hawaïenne Jambon,1,20.99,XL,Les Grands Classiques
2026-03-07 19:31:49,Urban Kebab,1,20.49,Large,Les Originales
2026-03-07 19:40:59,Ultimate Meat,2,35.98,Medium,Toujours Plus
2026-03-07 19:40:59,Pepperoni Party,1,23.49,XL,Les Iconiques
2026-03-07 19:40:59,Urban Kebab,1,17.49,Medium,Les Originales
2026-03-07 19:48:54,Extravaganzza,1,23.99,XL,Toujours Plus
2026-03-07 19:48:54,Extravaganzza,1,17.99,Medium,Toujours Plus
2026-03-07 19:48:54,Pepperoni Party,1,20.49,Large,Les Iconiques
2026-03-07 19:48:54,Algérienne,1,21.99,XL,Les Grands Classiques
2026-03-07 19:49:06,Chicken and Cheddar,1,23.49,XL,Éditions Limitées
2026-03-07 19:49:06,Hawaïenne Poulet,1,20.99,XL,Les Grands Classiques
2026-03-07 20:10:19,Chicken and Cheddar,1,17.49,Medium,Éditions Limitées
2026-03-07 20:12:39,Pêcheur,1,15.99,Medium,Les Grands Classiques
2026-03-07 20:22:59,Bacon Groovy,1,17.49,Medium,Les Iconiques
2026-03-07 20:22:59,Peppina,1,16.99,Medium,Les Gourmandes Veggies
2026-03-07 20:22:59,Beef and Cheddar,1,17.99,Medium,Éditions Limitées
2026-03-07 20:22:59,Chicken and Cheddar,1,20.49,Large,Éditions Limitées
2026-03-07 20:33:42,Cannibale,1,23.49,XL,Les Iconiques
2026-03-07 20:33:42,Steak and Cheese,1,17.99,Large,Les Grands Classiques
2026-03-07 20:39:45,Forestière,1,23.49,XL,Les Grands Classiques
2026-03-07 20:39:45,Pepperoni Party,1,20.49,Large,Les Iconiques
2026-03-07 20:39:45,Hawaïenne Poulet,1,17.99,Large,Les Grands Classiques
2026-03-07 20:49:53,Ultimate Meat,1,17.99,Medium,Toujours Plus
2026-03-07 20:57:08,Pepperoni Party,1,20.49,Large,Les Iconiques
2026-03-07 20:57:08,Diavola Pepperoni,1,15.99,Medium,Les Originales
2026-03-07 20:57:08,Crispy Cannibale,1,23.99,XL,Les Originales
2026-03-07 21:01:55,Chicken BBQ,1,21.99,XL,Les Grands Classiques
2026-03-07 21:01:55,4 Fromages,1,17.49,Medium,Les Iconiques
2026-03-07 21:01:55,Steak and Cheese,1,14.99,Medium,Les Grands Classiques
2026-03-07 21:13:37,Pêcheur,1,21.99,XL,Les Grands Classiques
2026-03-07 21:13:37,Margherita,1,15.99,Large,Les Bons Plans
2026-03-07 21:16:27,Hawaïenne Poulet,1,14.99,Medium,Les Grands Classiques
2026-03-07 21:23:14,Chicken BBQ,2,37.98,Large,Les Grands Classiques
2026-03-07 21:23:14,Algérienne,1,21.99,XL,Les Grands Classiques
2026-03-07 21:49:12,Urban Kebab,1,23.49,XL,Les Originales
2026-03-07 22:18:41,Diavola Pepperoni,1,21.99,XL,Les Originales
2026-03-07 22:18:41,Cannibale,1,17.49,Medium,Les Iconiques
2026-03-07 22:31:24,Chicken BBQ,1,18.99,Large,Les Grands Classiques
2026-03-07 22:31:24,Beef and Cheddar,1,17.99,Medium,Éditions Limitées
2026-03-07 22:42:37,Indienne,1,18.99,Large,Les Grands Classiques
2026-03-07 22:42:37,Extravaganzza,1,20.99,Large,Toujours Plus
2026-03-07 22:42:37,Hawaïenne Jambon,1,20.99,XL,Les Grands Classiques
2026-03-07 22:42:37,Diavola Pepperoni,1,18.99,Large,Les Originales
2026-03-07 22:59:17,Kebab and Spicy,1,18.99,Large,Les Originales
2026-03-07 22:59:17,Margherita,1,18.99,XL,Les Bons Plans
2026-03-07 23:02:35,Ultimate Meat,1,17.99,Medium,Toujours Plus
2026-03-07 23:02:35,Peppina,1,19.99,Large,Les Gourmandes Veggies
2026-03-07 23:02:35,Margherita,1,12.99,Medium,Les Bons Plans
2026-03-08 11:50:19,Hawaïenne Jambon,1,20.99,XL,Les Grands Classiques
2026-03-08 12:22:52,Urban Kebab,1,17.49,Medium,Les Originales
2026-03-08 12:29:28,Bacon Groovy,1,17.49,Medium,Les Iconiques
2026-03-08 12:29:28,Extravaganzza,1,20.99,Large,Toujours Plus
2026-03-08 12:29:28,Extravaganzza,2,35.98,Medium,Toujours Plus
2026-03-08 12:29:28,Chèvre-Miel,1,21.99,XL,Les Iconiques
2026-03-08 12:29:28,Originale Pepperoni,2,37.98,XL,Les Bons Plans
2026-03-08 12:29:28,Originale Pepperoni,1,15.99,Large,Les Bons Plans
2026-03-08 12:29:28,Algérienne,1,21.99,XL,Les Grands Classiques
2026-03-08 12:29:28,Kebab and Spicy,1,18.99,Large,Les Originales
2026-03-08 12:29:28,Hawaïenne Poulet,1,20.99,XL,Les Grands Classiques
2026-03-08 12:29:28,Peppina Vegan,1,22.99,XL,Les Vegans
2026-03-08 12:29:28,Peppina Vegan,1,19.99,Large,Les Vegans
2026-03-08 12:29:28,Peppina Vegan,1,16.99,Medium,Les Vegans
2026-03-08 12:31:16,Divine 3 Fromages,1,21.99,XL,Éditions Limitées
2026-03-08 12:34:14,Chicken BBQ,1,21.99,XL,Les Grands Classiques
2026-03-08 12:37:23,Indienne,1,18.99,Large,Les Grands Classiques
2026-03-08 12:58:48,Indienne,1,18.99,Large,Les Grands Classiques
2026-03-08 12:58:48,Pepperoni Party,1,23.49,XL,Les Iconiques
2026-03-08 13:08:44,Ultimate Meat,1,17.99,Medium,Toujours Plus
2026-03-08 13:08:44,Super Veggie,1,23.49,XL,Les Gourmandes Veggies
2026-03-08 13:08:44,Forestière,1,23.49,XL,Les Grands Classiques
2026-03-08 13:08:44,Originale Pepperoni,1,12.99,Medium,Les Bons Plans
2026-03-08 13:08:44,Urban Kebab,1,17.49,Medium,Les Originales
2026-03-08 13:08:44,Algérienne,1,18.99,Large,Les Grands Classiques
2026-03-08 13:16:01,Hawaïenne Jambon,1,14.99,Medium,Les Grands Classiques
2026-03-08 13:16:01,Peppina,1,19.99,Large,Les Gourmandes Veggies
2026-03-08 13:18:56,Originale Pepperoni,1,12.99,Medium,Les Bons Plans
2026-03-08 13:25:26,Peppina,1,19.99,Large,Les Gourmandes Veggies
2026-03-08 13:33:30,Chicken Delight,1,21.99,XL,Les Originales
2026-03-08 13:43:32,Ultimate Meat,1,17.99,Medium,Toujours Plus
2026-03-08 14:14:25,Bacon Groovy,1,17.49,Medium,Les Iconiques
2026-03-08 14:14:25,Hawaïenne Jambon,1,17.99,Large,Les Grands Classiques
2026-03-08 14:14:25,Royale Veggie,1,18.99,Large,Les Gourmandes Veggies
2026-03-08 14:14:25,Hawaïenne Poulet,1,17.99,Large,Les Grands Classiques
2026-03-08 14:14:42,Chicken BBQ,1,15.99,Medium,Les Grands Classiques
2026-03-08 14:35:06,Kebab and Spicy,1,21.99,XL,Les Originales
2026-03-08 14:38:40,Peppina,1,19.99,Large,Les Gourmandes Veggies
2026-03-08 14:46:52,Cannibale,1,23.49,XL,Les Iconiques
2026-03-08 14:53:46,Chicken Delight,1,18.99,Large,Les Originales
2026-03-08 15:02:47,Hawaïenne Jambon,1,17.99,Large,Les Grands Classiques
2026-03-08 15:13:04,Ultimate Meat,1,17.99,Medium,Toujours Plus
2026-03-08 15:18:05,Chicken Delight,1,18.99,Large,Les Originales
2026-03-08 15:18:05,Crispy Cannibale,1,23.99,XL,Les Originales
2026-03-08 15:56:08,Pepperoni Party,1,17.49,Medium,Les Iconiques
2026-03-08 15:56:08,Royale Veggie,1,21.99,XL,Les Gourmandes Veggies
2026-03-08 15:56:48,Kebab and Spicy,1,21.99,XL,Les Originales
2026-03-08 15:58:21,Bacon Groovy,1,23.49,XL,Les Iconiques
2026-03-08 15:59:35,Ultimate Meat,1,17.99,Medium,Toujours Plus
2026-03-08 15:59:35,Hawaïenne Jambon,1,17.99,Large,Les Grands Classiques
2026-03-08 15:59:35,Margherita,1,18.99,XL,Les Bons Plans
2026-03-08 16:16:42,Chèvre-Miel,1,21.99,XL,Les Iconiques
2026-03-08 16:16:42,Margherita,1,15.99,Large,Les Bons Plans
2026-03-08 16:26:39,Chicken BBQ,1,15.99,Medium,Les Grands Classiques
2026-03-08 16:32:58,Ultimate Meat,1,17.99,Medium,Toujours Plus
2026-03-08 16:32:58,Divine 3 Fromages,1,21.99,XL,Éditions Limitées
2026-03-08 16:32:58,Hawaïenne Jambon,1,14.99,Medium,Les Grands Classiques
2026-03-08 16:32:58,Cannibale,1,23.49,XL,Les Iconiques
2026-03-08 16:48:23,Chicken BBQ,1,18.99,Large,Les Grands Classiques
2026-03-08 16:48:23,4 Fromages,1,17.49,Medium,Les Iconiques
2026-03-08 16:55:44,Pêcheur,1,21.99,XL,Les Grands Classiques
2026-03-08 16:55:44,Crispy Cannibale,1,23.99,XL,Les Originales
2026-03-08 16:55:44,Cannibale,1,17.49,Medium,Les Iconiques
2026-03-08 16:55:44,Beef and Cheddar,1,20.99,Large,Éditions Limitées
2026-03-08 16:57:55,Rocket Veggie,1,15.99,Large,Les Gourmandes Veggies
2026-03-08 17:07:58,Chèvre-Miel,1,21.99,XL,Les Iconiques
2026-03-08 17:07:58,Crispy Cannibale,1,23.99,XL,Les Originales
2026-03-08 17:07:58,Peppina Vegan,1,16.99,Medium,Les Vegans
2026-03-08 17:13:18,Indienne,1,18.99,Large,Les Grands Classiques
2026-03-08 17:13:18,Pepperoni Party,1,23.49,XL,Les Iconiques
2026-03-08 17:13:18,Originale Pepperoni,1,18.99,XL,Les Bons Plans
2026-03-08 17:29:55,Chicken BBQ,1,18.99,Large,Les Grands Classiques
2026-03-08 17:29:55,Chicken and Cheddar,1,17.49,Medium,Éditions Limitées
2026-03-08 17:34:55,Chèvre-Miel,1,21.99,XL,Les Iconiques
2026-03-08 17:34:55,Diavola Pepperoni,1,15.99,Medium,Les Originales
2026-03-08 17:34:55,Kebab and Spicy,1,21.99,XL,Les Originales
2026-03-08 17:34:55,Hawaïenne Poulet,1,20.99,XL,Les Grands Classiques
2026-03-08 17:41:34,Chicken BBQ,1,21.99,XL,Les Grands Classiques
2026-03-08 17:41:34,Peppina,1,16.99,Medium,Les Gourmandes Veggies
2026-03-08 17:41:34,Royale Veggie,1,21.99,XL,Les Gourmandes Veggies
2026-03-08 17:41:34,Kebab and Spicy,1,21.99,XL,Les Originales
2026-03-08 17:46:49,Ultimate Meat,1,17.99,Medium,Toujours Plus
2026-03-08 17:51:53,Pepperoni Party,1,20.49,Large,Les Iconiques
2026-03-08 17:51:53,Rocket Veggie,1,12.99,Medium,Les Gourmandes Veggies
2026-03-08 17:52:16,Diavola Haché au bœuf,1,18.99,Large,Les Originales
2026-03-08 17:52:16,Extravaganzza,1,17.99,Medium,Toujours Plus
2026-03-08 17:52:16,Hawaïenne Poulet,1,17.99,Large,Les Grands Classiques
2026-03-08 17:55:21,Hawaïenne Jambon,2,35.98,Large,Les Grands Classiques
2026-03-08 17:55:21,Urban Kebab,1,23.49,XL,Les Originales
2026-03-08 17:55:21,Hawaïenne Poulet,1,17.99,Large,Les Grands Classiques
2026-03-08 18:11:37,Hawaïenne Jambon,1,14.99,Medium,Les Grands Classiques
2026-03-08 18:19:16,Pepperoni Party,1,23.49,XL,Les Iconiques
2026-03-08 18:19:19,Extravaganzza,1,17.99,Medium,Toujours Plus
2026-03-08 18:19:27,Diavola Haché au bœuf,1,21.99,XL,Les Originales
2026-03-08 18:25:31,Urban Kebab,1,20.49,Large,Les Originales
2026-03-08 18:28:07,Super Veggie,1,20.49,Large,Les Gourmandes Veggies
2026-03-08 18:28:07,Hawaïenne Jambon,1,14.99,Medium,Les Grands Classiques
2026-03-08 18:28:07,Originale Pepperoni,1,15.99,Large,Les Bons Plans
2026-03-08 18:28:07,Algérienne,1,15.99,Medium,Les Grands Classiques
2026-03-08 18:29:24,Forestière,1,23.49,XL,Les Grands Classiques
2026-03-08 18:29:24,Hawaïenne Poulet,1,20.99,XL,Les Grands Classiques
2026-03-08 18:29:24,Hawaïenne Poulet,1,14.99,Medium,Les Grands Classiques
2026-03-08 18:29:51,Chicken and Cheddar,1,17.49,Medium,Éditions Limitées
2026-03-08 18:33:21,Chicken BBQ,1,21.99,XL,Les Grands Classiques
2026-03-08 18:33:21,Chicken BBQ,1,18.99,Large,Les Grands Classiques
2026-03-08 18:33:21,Cannibale,1,20.49,Large,Les Iconiques
2026-03-08 18:33:21,Algérienne,1,21.99,XL,Les Grands Classiques
2026-03-08 19:27:14,Ultimate Meat,1,17.99,Medium,Toujours Plus
2026-03-08 19:27:14,Chèvre-Miel,1,21.99,XL,Les Iconiques
2026-03-08 19:53:16,Cannibale,1,17.49,Medium,Les Iconiques
2026-03-08 19:53:16,Algérienne,1,15.99,Medium,Les Grands Classiques
2026-03-08 19:56:35,Algérienne,1,18.99,Large,Les Grands Classiques
2026-03-08 20:03:54,Super Veggie,1,20.49,Large,Les Gourmandes Veggies
2026-03-08 20:03:54,Pêcheur,1,21.99,XL,Les Grands Classiques
2026-03-08 20:03:54,Hawaïenne Poulet,1,20.99,XL,Les Grands Classiques
2026-03-08 20:14:02,Chicken BBQ,1,18.99,Large,Les Grands Classiques
2026-03-08 20:14:02,Ultimate Meat,1,17.99,Medium,Toujours Plus
2026-03-08 20:14:02,Originale Pepperoni,1,18.99,XL,Les Bons Plans
2026-03-08 20:14:02,Kebab and Spicy,1,15.99,Medium,Les Originales
2026-03-08 20:29:17,Chicken BBQ,1,21.99,XL,Les Grands Classiques
2026-03-08 20:29:17,Indienne,1,18.99,Large,Les Grands Classiques
2026-03-08 20:30:09,Royale Veggie,1,21.99,XL,Les Gourmandes Veggies
2026-03-08 20:47:41,Extravaganzza,1,17.99,Medium,Toujours Plus
2026-03-08 20:47:41,Beef and Cheddar,1,23.99,XL,Éditions Limitées
2026-03-08 20:51:13,Chicken BBQ,1,18.99,Large,Les Grands Classiques
2026-03-08 20:51:13,Cheesy and Veggie,1,17.99,Large,Les Gourmandes Veggies
2026-03-08 20:55:45,Chicken BBQ,1,15.99,Medium,Les Grands Classiques
2026-03-08 20:55:45,Bacon Groovy,1,23.49,XL,Les Iconiques
2026-03-08 21:36:47,Hawaïenne Poulet,1,17.99,Large,Les Grands Classiques
2026-03-08 21:47:00,Indienne,1,18.99,Large,Les Grands Classiques
2026-03-08 21:47:00,Extravaganzza,1,20.99,Large,Toujours Plus
2026-03-08 21:47:00,Rocket Veggie,1,12.99,Medium,Les Gourmandes Veggies
2026-03-09 11:34:01,Chicken BBQ,1,21.99,XL,Les Grands Classiques
2026-03-09 11:34:01,Super Veggie,1,23.49,XL,Les Gourmandes Veggies
2026-03-09 11:34:01,Beef and Cheddar,1,23.99,XL,Éditions Limitées
2026-03-09 11:34:01,Hawaïenne Poulet,1,20.99,XL,Les Grands Classiques
2026-03-09 11:41:53,Rocket Veggie,1,12.99,Medium,Les Gourmandes Veggies
2026-03-09 11:41:53,Hawaïenne Poulet,1,20.99,XL,Les Grands Classiques
2026-03-09 11:46:21,Chèvre-Miel,1,21.99,XL,Les Iconiques
2026-03-09 11:46:21,Cannibale,1,23.49,XL,Les Iconiques
2026-03-09 11:49:50,Forestière,1,17.49,Medium,Les Grands Classiques
2026-03-09 11:53:06,Bacon Groovy,1,23.49,XL,Les Iconiques
2026-03-09 12:40:14,Bacon Groovy,1,20.49,Large,Les Iconiques
2026-03-09 12:40:14,Extravaganzza,1,23.99,XL,Toujours Plus
2026-03-09 12:40:14,Extravaganzza,1,20.99,Large,Toujours Plus
2026-03-09 12:40:14,Rocket Veggie,1,12.99,Medium,Les Gourmandes Veggies
2026-03-09 12:40:14,Royale Veggie,1,15.99,Medium,Les Gourmandes Veggies
2026-03-09 12:40:14,Cannibale,1,23.49,XL,Les Iconiques
2026-03-09 12:44:49,Urban Kebab,1,20.49,Large,Les Originales
2026-03-09 13:03:46,Chicken BBQ,1,15.99,Medium,Les Grands Classiques
2026-03-09 13:03:47,Extravaganzza,1,20.99,Large,Toujours Plus
2026-03-09 13:03:47,Cheesy and Veggie,1,20.99,XL,Les Gourmandes Veggies
2026-03-09 13:06:54,Chicken BBQ,1,18.99,Large,Les Grands Classiques
2026-03-09 13:06:54,Chicken BBQ,1,15.99,Medium,Les Grands Classiques
2026-03-09 13:07:43,Chicken Delight,1,18.99,Large,Les Originales
2026-03-09 13:07:43,Chèvre-Miel,1,21.99,XL,Les Iconiques
2026-03-09 13:07:43,Diavola Pepperoni,1,21.99,XL,Les Originales
2026-03-09 13:07:43,Diavola Pepperoni,1,15.99,Medium,Les Originales
2026-03-09 13:12:55,Algérienne,1,21.99,XL,Les Grands Classiques
2026-03-09 13:17:54,Indienne,1,18.99,Large,Les Grands Classiques
2026-03-09 13:17:54,Divine 3 Fromages,1,21.99,XL,Éditions Limitées
2026-03-09 13:17:54,Algérienne,1,15.99,Medium,Les Grands Classiques
2026-03-09 13:17:54,Steak and Cheese,1,14.99,Medium,Les Grands Classiques
2026-03-09 13:31:53,Chicken BBQ,1,18.99,Large,Les Grands Classiques
2026-03-09 13:31:53,Divine 3 Fromages,1,21.99,XL,Éditions Limitées
2026-03-09 13:39:39,Chicken BBQ,1,15.99,Medium,Les Grands Classiques
2026-03-09 13:39:39,Chicken Delight,2,37.98,Large,Les Originales
2026-03-09 13:39:39,Bacon Groovy,1,23.49,XL,Les Iconiques
2026-03-09 13:39:39,Extravaganzza,1,20.99,Large,Toujours Plus
2026-03-09 13:39:39,Forestière,1,23.49,XL,Les Grands Classiques
2026-03-09 13:39:39,Pepperoni Party,1,20.49,Large,Les Iconiques
2026-03-09 13:39:39,Royale Veggie,1,18.99,Large,Les Gourmandes Veggies
2026-03-09 13:39:39,Originale Pepperoni,1,15.99,Large,Les Bons Plans
2026-03-09 13:39:39,Beef and Cheddar,1,23.99,XL,Éditions Limitées
2026-03-09 13:39:39,Algérienne,1,15.99,Medium,Les Grands Classiques
2026-03-09 13:39:39,Kebab and Spicy,1,18.99,Large,Les Originales
2026-03-09 13:39:39,Hawaïenne Poulet,1,20.99,XL,Les Grands Classiques
2026-03-09 14:05:48,Chicken BBQ,1,18.99,Large,Les Grands Classiques
2026-03-09 14:05:48,Diavola Haché au bœuf,1,18.99,Large,Les Originales
2026-03-09 14:05:48,Extravaganzza,1,17.99,Medium,Toujours Plus
2026-03-09 14:05:48,Divine 3 Fromages,1,21.99,XL,Éditions Limitées
2026-03-09 14:05:48,Algérienne,1,21.99,XL,Les Grands Classiques
2026-03-09 14:05:48,Kebab and Spicy,1,21.99,XL,Les Originales
2026-03-09 14:09:30,Kebab and Spicy,1,21.99,XL,Les Originales
2026-03-09 14:09:30,Steak and Cheese,1,17.99,Large,Les Grands Classiques
2026-03-09 14:20:15,Hawaïenne Jambon,1,14.99,Medium,Les Grands Classiques
2026-03-09 14:46:33,Hawaïenne Poulet,1,17.99,Large,Les Grands Classiques
2026-03-09 14:55:28,Hawaïenne Jambon,1,14.99,Medium,Les Grands Classiques
2026-03-09 15:30:34,Chicken and Cheddar,1,23.49,XL,Éditions Limitées
2026-03-09 15:30:34,Chicken and Cheddar,1,20.49,Large,Éditions Limitées
2026-03-09 15:39:32,Bacon Groovy,1,17.49,Medium,Les Iconiques
2026-03-09 15:39:32,Forestière,1,23.49,XL,Les Grands Classiques
2026-03-09 15:39:32,Forestière,1,17.49,Medium,Les Grands Classiques
2026-03-09 15:39:32,Pepperoni Party,1,20.49,Large,Les Iconiques
2026-03-09 16:15:29,Algérienne,1,21.99,XL,Les Grands Classiques
2026-03-09 16:15:29,Margherita,1,18.99,XL,Les Bons Plans
2026-03-09 16:18:37,Super Veggie,1,17.49,Medium,Les Gourmandes Veggies
2026-03-09 16:18:37,Cannibale,1,17.49,Medium,Les Iconiques
2026-03-09 16:18:37,Chicken and Cheddar,1,23.49,XL,Éditions Limitées
2026-03-09 16:26:31,Extravaganzza,1,23.99,XL,Toujours Plus
2026-03-09 16:38:56,Indienne,1,18.99,Large,Les Grands Classiques
2026-03-09 16:38:56,Pepperoni Party,2,40.98,Large,Les Iconiques
2026-03-09 16:38:56,Peppina,1,16.99,Medium,Les Gourmandes Veggies
2026-03-09 16:46:41,Algérienne,1,21.99,XL,Les Grands Classiques
2026-03-09 16:46:41,Margherita,1,12.99,Medium,Les Bons Plans
2026-03-09 16:50:50,Extravaganzza,1,20.99,Large,Toujours Plus
2026-03-09 16:50:50,Rocket Veggie,1,18.99,XL,Les Gourmandes Veggies
2026-03-09 16:50:50,Peppina Vegan,1,22.99,XL,Les Vegans
2026-03-09 17:04:08,Chicken Delight,1,21.99,XL,Les Originales
2026-03-09 17:08:55,Super Veggie,1,20.49,Large,Les Gourmandes Veggies
2026-03-09 17:08:55,Peppina Vegan,1,22.99,XL,Les Vegans
2026-03-09 17:10:40,Ultimate Meat,1,17.99,Medium,Toujours Plus
2026-03-09 17:10:40,Chèvre-Miel,1,18.99,Large,Les Iconiques
2026-03-09 17:26:17,Ultimate Meat,1,17.99,Medium,Toujours Plus
2026-03-09 17:26:17,Divine 3 Fromages,1,21.99,XL,Éditions Limitées
2026-03-09 17:26:17,Hawaïenne Jambon,1,20.99,XL,Les Grands Classiques
2026-03-09 17:40:50,Urban Kebab,1,17.49,Medium,Les Originales
2026-03-09 17:40:50,Hawaïenne Poulet,1,17.99,Large,Les Grands Classiques
2026-03-09 17:43:46,Algérienne,1,18.99,Large,Les Grands Classiques
2026-03-09 17:48:17,Hawaïenne Jambon,1,14.99,Medium,Les Grands Classiques
2026-03-09 17:48:17,Royale Veggie,1,18.99,Large,Les Gourmandes Veggies
2026-03-09 17:48:17,Originale Pepperoni,1,18.99,XL,Les Bons Plans
2026-03-09 17:48:17,Steak and Cheese,1,20.99,XL,Les Grands Classiques
2026-03-09 17:54:50,Divine 3 Fromages,1,21.99,XL,Éditions Limitées
2026-03-09 17:54:50,Margherita,1,18.99,XL,Les Bons Plans
2026-03-09 17:56:04,Chicken Delight,1,18.99,Large,Les Originales
2026-03-09 17:56:04,Indienne,1,21.99,XL,Les Grands Classiques
2026-03-09 17:56:04,Chèvre-Miel,1,21.99,XL,Les Iconiques
2026-03-09 17:56:04,Algérienne,1,21.99,XL,Les Grands Classiques
2026-03-09 18:01:34,Chicken BBQ,1,18.99,Large,Les Grands Classiques
2026-03-09 18:01:34,Chèvre-Miel,1,21.99,XL,Les Iconiques
2026-03-09 18:01:34,Super Veggie,1,20.49,Large,Les Gourmandes Veggies
2026-03-09 18:01:34,Originale Pepperoni,1,18.99,XL,Les Bons Plans
2026-03-09 18:04:03,Cheesy and Veggie,1,14.99,Medium,Les Gourmandes Veggies
2026-03-09 18:04:03,Steak and Cheese,1,20.99,XL,Les Grands Classiques
2026-03-09 18:13:22,Crispy Cannibale,1,20.99,Large,Les Originales
2026-03-09 18:31:54,Pêcheur,1,21.99,XL,Les Grands Classiques
2026-03-09 18:31:54,Crispy Cannibale,1,20.99,Large,Les Originales
2026-03-09 18:33:34,Ultimate Meat,1,17.99,Medium,Toujours Plus
2026-03-09 18:37:43,Chicken Delight,1,21.99,XL,Les Originales
2026-03-09 18:37:43,Royale Veggie,1,21.99,XL,Les Gourmandes Veggies
2026-03-09 18:37:57,Chicken BBQ,1,18.99,Large,Les Grands Classiques
2026-03-09 18:59:49,Ultimate Meat,1,17.99,Medium,Toujours Plus
2026-03-09 18:59:49,Bacon Groovy,1,17.49,Medium,Les Iconiques
2026-03-09 19:07:54,Pêcheur,1,18.99,Large,Les Grands Classiques
2026-03-09 19:07:54,Cannibale,1,23.49,XL,Les Iconiques
2026-03-09 19:19:40,Chicken Delight,1,21.99,XL,Les Originales
2026-03-09 19:19:40,Hawaïenne Jambon,1,14.99,Medium,Les Grands Classiques
2026-03-09 19:41:26,Indienne,1,18.99,Large,Les Grands Classiques
2026-03-09 19:42:52,4 Fromages,1,17.49,Medium,Les Iconiques
2026-03-09 19:42:52,Extravaganzza,1,20.99,Large,Toujours Plus
2026-03-09 19:42:52,Hawaïenne Jambon,1,20.99,XL,Les Grands Classiques
2026-03-09 19:42:52,Steak and Cheese,1,20.99,XL,Les Grands Classiques
2026-03-09 20:22:42,4 Fromages,1,17.49,Medium,Les Iconiques
2026-03-09 20:22:42,Chèvre-Miel,1,21.99,XL,Les Iconiques
2026-03-09 20:22:42,Crispy Cannibale,1,17.99,Medium,Les Originales
2026-03-09 20:23:00,Divine 3 Fromages,1,21.99,XL,Éditions Limitées
2026-03-09 20:28:51,Chicken BBQ,1,21.99,XL,Les Grands Classiques
2026-03-09 20:28:51,Ultimate Meat,1,17.99,Medium,Toujours Plus
2026-03-09 20:28:51,Originale Pepperoni,1,15.99,Large,Les Bons Plans
2026-03-09 20:28:51,Hawaïenne Poulet,1,20.99,XL,Les Grands Classiques
2026-03-09 20:51:47,Extravaganzza,1,20.99,Large,Toujours Plus
2026-03-09 20:51:47,Divine 3 Fromages,1,21.99,XL,Éditions Limitées
2026-03-09 21:23:40,Pepperoni Party,1,20.49,Large,Les Iconiques
2026-03-09 21:39:28,Beef and Cheddar,1,23.99,XL,Éditions Limitées
2026-03-09 21:58:39,Diavola Haché au bœuf,1,18.99,Large,Les Originales
2026-03-09 21:58:39,Originale Pepperoni,1,12.99,Medium,Les Bons Plans
2026-03-09 21:58:39,Kebab and Spicy,1,21.99,XL,Les Originales
2026-03-10 11:25:36,Extravaganzza,1,20.99,Large,Toujours Plus
2026-03-10 11:25:36,Hawaïenne Jambon,1,14.99,Medium,Les Grands Classiques
2026-03-10 11:25:36,Cannibale,1,20.49,Large,Les Iconiques
2026-03-10 11:25:36,Hawaïenne Poulet,1,14.99,Medium,Les Grands Classiques
2026-03-10 11:28:54,Chicken BBQ,1,21.99,XL,Les Grands Classiques
2026-03-10 11:28:54,Hawaïenne Jambon,2,35.98,Large,Les Grands Classiques
2026-03-10 11:36:03,Extravaganzza,1,20.99,Large,Toujours Plus
2026-03-10 11:36:03,Chèvre-Miel,1,18.99,Large,Les Iconiques
2026-03-10 11:36:03,Hawaïenne Poulet,1,14.99,Medium,Les Grands Classiques
2026-03-10 12:06:00,Bacon Groovy,1,20.49,Large,Les Iconiques
2026-03-10 12:25:20,Indienne,1,21.99,XL,Les Grands Classiques
2026-03-10 12:25:20,Forestière,1,20.49,Large,Les Grands Classiques
2026-03-10 12:25:20,Algérienne,1,21.99,XL,Les Grands Classiques
2026-03-10 12:25:20,Kebab and Spicy,1,18.99,Large,Les Originales
2026-03-10 12:27:06,Chicken Delight,2,43.98,XL,Les Originales
2026-03-10 12:29:59,Chèvre-Miel,1,21.99,XL,Les Iconiques
2026-03-10 12:34:52,Hawaïenne Jambon,1,20.99,XL,Les Grands Classiques
2026-03-10 12:34:52,Forestière,1,23.49,XL,Les Grands Classiques
2026-03-10 12:34:52,Originale Pepperoni,1,15.99,Large,Les Bons Plans
2026-03-10 12:39:50,Bacon Groovy,1,17.49,Medium,Les Iconiques
2026-03-10 12:39:50,Divine 3 Fromages,1,21.99,XL,Éditions Limitées
2026-03-10 12:39:50,Hawaïenne Jambon,1,20.99,XL,Les Grands Classiques
2026-03-10 12:39:50,Pepperoni Party,1,23.49,XL,Les Iconiques
2026-03-10 12:39:50,Originale Pepperoni,1,15.99,Large,Les Bons Plans
2026-03-10 12:39:50,Originale Pepperoni,1,12.99,Medium,Les Bons Plans
2026-03-10 12:39:50,Crispy Cannibale,1,23.99,XL,Les Originales
2026-03-10 12:39:50,Beef and Cheddar,1,23.99,XL,Éditions Limitées
2026-03-10 12:39:50,Peppina Vegan,1,19.99,Large,Les Vegans
2026-03-10 12:47:09,Kebab and Spicy,1,21.99,XL,Les Originales
2026-03-10 12:50:46,Ultimate Meat,1,17.99,Medium,Toujours Plus
2026-03-10 12:53:35,Margherita,1,12.99,Medium,Les Bons Plans
2026-03-10 12:56:40,Ultimate Meat,1,17.99,Medium,Toujours Plus
2026-03-10 12:56:40,Indienne,1,18.99,Large,Les Grands Classiques
2026-03-10 12:56:40,Pêcheur,1,18.99,Large,Les Grands Classiques
2026-03-10 12:56:40,Margherita,1,15.99,Large,Les Bons Plans
2026-03-10 13:04:35,Chèvre-Miel,1,18.99,Large,Les Iconiques
2026-03-10 13:09:33,Extravaganzza,1,17.99,Medium,Toujours Plus
2026-03-10 13:09:33,Royale Veggie,1,21.99,XL,Les Gourmandes Veggies
2026-03-10 13:11:32,Extravaganzza,1,23.99,XL,Toujours Plus
2026-03-10 13:19:51,Chicken Delight,1,18.99,Large,Les Originales
2026-03-10 13:19:51,Extravaganzza,1,20.99,Large,Toujours Plus
2026-03-10 13:19:51,Peppina,1,19.99,Large,Les Gourmandes Veggies
2026-03-10 13:19:51,Margherita,1,15.99,Large,Les Bons Plans
2026-03-10 13:25:22,Chèvre-Miel,1,21.99,XL,Les Iconiques
2026-03-10 13:25:22,Crispy Cannibale,1,23.99,XL,Les Originales
2026-03-10 13:25:22,Peppina Vegan,1,16.99,Medium,Les Vegans
2026-03-10 13:33:17,Hawaïenne Poulet,1,20.99,XL,Les Grands Classiques
2026-03-10 13:41:38,Kebab and Spicy,1,18.99,Large,Les Originales
2026-03-10 13:43:55,Chicken BBQ,1,15.99,Medium,Les Grands Classiques
2026-03-10 13:43:55,Chèvre-Miel,1,18.99,Large,Les Iconiques
2026-03-10 13:55:11,Bacon Groovy,1,17.49,Medium,Les Iconiques
2026-03-10 13:55:11,Extravaganzza,1,17.99,Medium,Toujours Plus
2026-03-10 13:55:11,Hawaïenne Jambon,1,20.99,XL,Les Grands Classiques
2026-03-10 13:55:11,Peppina,1,16.99,Medium,Les Gourmandes Veggies
2026-03-10 13:55:11,Royale Veggie,1,18.99,Large,Les Gourmandes Veggies
2026-03-10 13:55:11,Urban Kebab,1,23.49,XL,Les Originales
2026-03-10 13:55:11,Cheesy and Veggie,1,20.99,XL,Les Gourmandes Veggies
2026-03-10 13:55:11,Hawaïenne Poulet,1,20.99,XL,Les Grands Classiques
2026-03-10 13:55:11,Peppina Vegan,1,19.99,Large,Les Vegans
2026-03-10 14:06:41,Chèvre-Miel,1,21.99,XL,Les Iconiques
2026-03-10 14:06:41,Hawaïenne Jambon,1,14.99,Medium,Les Grands Classiques
2026-03-10 14:06:41,Originale Pepperoni,1,15.99,Large,Les Bons Plans
2026-03-10 14:06:41,Peppina Vegan,1,16.99,Medium,Les Vegans
2026-03-10 14:36:45,Chicken BBQ,1,21.99,XL,Les Grands Classiques
2026-03-10 14:38:10,Extravaganzza,1,20.99,Large,Toujours Plus
2026-03-10 14:38:10,Steak and Cheese,1,14.99,Medium,Les Grands Classiques
2026-03-10 14:41:40,Algérienne,1,21.99,XL,Les Grands Classiques
2026-03-10 14:53:14,Chicken BBQ,1,18.99,Large,Les Grands Classiques
2026-03-10 14:53:14,Diavola Pepperoni,1,15.99,Medium,Les Originales
2026-03-10 14:53:51,Extravaganzza,1,17.99,Medium,Toujours Plus
2026-03-10 14:53:51,Cheesy and Veggie,1,20.99,XL,Les Gourmandes Veggies
2026-03-10 14:53:51,Hawaïenne Poulet,1,20.99,XL,Les Grands Classiques
2026-03-10 14:56:15,Hawaïenne Poulet,1,14.99,Medium,Les Grands Classiques
2026-03-10 14:58:08,Royale Veggie,1,21.99,XL,Les Gourmandes Veggies
2026-03-10 15:01:10,Rocket Veggie,1,18.99,XL,Les Gourmandes Veggies
2026-03-10 15:01:10,Hawaïenne Poulet,1,20.99,XL,Les Grands Classiques
2026-03-10 15:42:01,Ultimate Meat,1,17.99,Medium,Toujours Plus
2026-03-10 15:42:01,Divine 3 Fromages,1,21.99,XL,Éditions Limitées
2026-03-10 15:42:01,Algérienne,1,15.99,Medium,Les Grands Classiques
2026-03-10 15:48:01,Diavola Pepperoni,1,15.99,Medium,Les Originales
2026-03-10 15:48:01,Steak and Cheese,1,20.99,XL,Les Grands Classiques
2026-03-10 16:04:11,4 Fromages,1,17.49,Medium,Les Iconiques
2026-03-10 16:04:11,Chèvre-Miel,1,21.99,XL,Les Iconiques
2026-03-10 16:04:11,Pepperoni Party,1,20.49,Large,Les Iconiques
2026-03-10 16:04:11,Kebab and Spicy,1,21.99,XL,Les Originales
2026-03-10 16:43:06,Chicken Delight,1,18.99,Large,Les Originales
2026-03-10 16:43:06,Algérienne,1,18.99,Large,Les Grands Classiques
2026-03-10 16:43:37,Super Veggie,1,17.49,Medium,Les Gourmandes Veggies
2026-03-10 16:43:37,Hawaïenne Poulet,1,20.99,XL,Les Grands Classiques
2026-03-10 16:49:23,Chèvre-Miel,1,21.99,XL,Les Iconiques
2026-03-10 16:49:23,Super Veggie,1,20.49,Large,Les Gourmandes Veggies
2026-03-10 17:11:16,Extravaganzza,1,17.99,Medium,Toujours Plus
2026-03-10 17:11:16,Divine 3 Fromages,1,21.99,XL,Éditions Limitées
2026-03-10 17:11:16,Cannibale,1,17.49,Medium,Les Iconiques
2026-03-10 17:11:16,Kebab and Spicy,1,21.99,XL,Les Originales
2026-03-10 17:13:54,Ultimate Meat,1,17.99,Medium,Toujours Plus
2026-03-10 17:22:03,Rocket Veggie,1,12.99,Medium,Les Gourmandes Veggies
2026-03-10 17:44:06,Chicken and Cheddar,1,23.49,XL,Éditions Limitées
2026-03-10 17:57:38,Bacon Groovy,1,23.49,XL,Les Iconiques
2026-03-10 17:57:38,Hawaïenne Jambon,1,20.99,XL,Les Grands Classiques
2026-03-10 17:57:38,Royale Veggie,1,21.99,XL,Les Gourmandes Veggies
2026-03-10 17:57:38,Diavola Pepperoni,1,15.99,Medium,Les Originales
2026-03-10 18:20:47,Hawaïenne Jambon,1,14.99,Medium,Les Grands Classiques
2026-03-10 18:20:47,Kebab and Spicy,1,21.99,XL,Les Originales
2026-03-10 18:21:25,4 Fromages,1,17.49,Medium,Les Iconiques
2026-03-10 18:21:25,Super Veggie,1,20.49,Large,Les Gourmandes Veggies
2026-03-10 18:30:06,Hawaïenne Jambon,1,20.99,XL,Les Grands Classiques
2026-03-10 18:42:29,Forestière,1,23.49,XL,Les Grands Classiques
2026-03-10 18:45:32,Ultimate Meat,1,17.99,Medium,Toujours Plus
2026-03-10 18:45:32,Bacon Groovy,1,23.49,XL,Les Iconiques
2026-03-10 19:10:04,Ultimate Meat,1,17.99,Medium,Toujours Plus
2026-03-10 19:10:04,Originale Pepperoni,1,12.99,Medium,Les Bons Plans
2026-03-10 19:10:04,Urban Kebab,1,23.49,XL,Les Originales
2026-03-10 19:10:04,Kebab and Spicy,1,15.99,Medium,Les Originales
2026-03-10 19:14:28,Algérienne,1,21.99,XL,Les Grands Classiques
2026-03-10 19:30:41,Chicken BBQ,1,18.99,Large,Les Grands Classiques
2026-03-10 19:30:41,Forestière,1,23.49,XL,Les Grands Classiques
2026-03-10 19:30:41,Royale Veggie,1,18.99,Large,Les Gourmandes Veggies
2026-03-10 19:30:41,Peppina Vegan,1,16.99,Medium,Les Vegans
2026-03-10 20:08:25,Ultimate Meat,1,17.99,Medium,Toujours Plus
2026-03-10 20:08:25,Pêcheur,1,21.99,XL,Les Grands Classiques
2026-03-10 20:17:32,Pepperoni Party,1,23.49,XL,Les Iconiques
2026-03-10 20:17:32,Diavola Pepperoni,1,15.99,Medium,Les Originales
2026-03-10 20:20:38,Chicken BBQ,1,21.99,XL,Les Grands Classiques
2026-03-10 20:20:38,Chèvre-Miel,1,18.99,Large,Les Iconiques
2026-03-10 20:20:38,Royale Veggie,1,18.99,Large,Les Gourmandes Veggies
2026-03-10 20:20:38,Kebab and Spicy,1,21.99,XL,Les Originales
2026-03-10 20:45:34,Chicken Delight,1,21.99,XL,Les Originales
2026-03-10 20:45:34,Forestière,1,23.49,XL,Les Grands Classiques
2026-03-10 20:45:34,Peppina,1,19.99,Large,Les Gourmandes Veggies
2026-03-10 20:45:34,Urban Kebab,1,20.49,Large,Les Originales
2026-03-10 20:55:20,Chèvre-Miel,1,21.99,XL,Les Iconiques
2026-03-10 20:55:20,Forestière,1,23.49,XL,Les Grands Classiques
2026-03-10 20:55:20,Pepperoni Party,1,17.49,Medium,Les Iconiques
2026-03-10 20:55:20,Hawaïenne Poulet,1,20.99,XL,Les Grands Classiques
2026-03-10 21:05:08,Chèvre-Miel,1,21.99,XL,Les Iconiques
2026-03-10 21:05:08,Super Veggie,1,17.49,Medium,Les Gourmandes Veggies
2026-03-10 21:23:19,Ultimate Meat,1,17.99,Medium,Toujours Plus
2026-03-10 21:23:19,Bacon Groovy,1,20.49,Large,Les Iconiques
2026-03-10 21:23:19,Hawaïenne Poulet,1,20.99,XL,Les Grands Classiques
2026-03-10 22:13:47,Kebab and Spicy,1,21.99,XL,Les Originales
2026-03-10 22:18:08,Urban Kebab,1,23.49,XL,Les Originales
2026-03-11 12:01:41,Peppina Vegan,1,22.99,XL,Les Vegans
2026-03-11 12:02:01,Hawaïenne Poulet,1,14.99,Medium,Les Grands Classiques
2026-03-11 12:06:00,Algérienne,1,21.99,XL,Les Grands Classiques
2026-03-11 12:10:49,Crispy Cannibale,1,23.99,XL,Les Originales
2026-03-11 12:17:41,Pêcheur,1,21.99,XL,Les Grands Classiques
2026-03-11 12:31:01,Pêcheur,1,15.99,Medium,Les Grands Classiques
2026-03-11 12:31:01,Diavola Pepperoni,1,21.99,XL,Les Originales
2026-03-11 12:37:36,4 Fromages,1,17.49,Medium,Les Iconiques
2026-03-11 12:37:36,Divine 3 Fromages,1,21.99,XL,Éditions Limitées
2026-03-11 12:37:36,Hawaïenne Jambon,1,20.99,XL,Les Grands Classiques
2026-03-11 12:37:36,Peppina,1,19.99,Large,Les Gourmandes Veggies
2026-03-11 12:44:34,Rocket Veggie,1,15.99,Large,Les Gourmandes Veggies
2026-03-11 12:44:34,Algérienne,1,18.99,Large,Les Grands Classiques
2026-03-11 12:44:34,Peppina Vegan,1,22.99,XL,Les Vegans
2026-03-11 12:53:38,Ultimate Meat,2,35.98,Medium,Toujours Plus
2026-03-11 12:53:38,Diavola Haché au bœuf,1,18.99,Large,Les Originales
2026-03-11 12:53:38,Chicken Delight,1,21.99,XL,Les Originales
2026-03-11 12:53:38,Indienne,1,21.99,XL,Les Grands Classiques
2026-03-11 12:53:38,Divine 3 Fromages,1,21.99,XL,Éditions Limitées
2026-03-11 12:53:38,Super Veggie,1,20.49,Large,Les Gourmandes Veggies
2026-03-11 12:53:38,Hawaïenne Jambon,1,14.99,Medium,Les Grands Classiques
2026-03-11 12:53:38,Pepperoni Party,1,20.49,Large,Les Iconiques
2026-03-11 12:53:38,Royale Veggie,1,18.99,Large,Les Gourmandes Veggies
2026-03-11 12:53:38,Hawaïenne Poulet,1,20.99,XL,Les Grands Classiques
2026-03-11 12:53:38,Steak and Cheese,1,14.99,Medium,Les Grands Classiques
2026-03-11 12:54:05,Divine 3 Fromages,1,21.99,XL,Éditions Limitées
2026-03-11 12:54:05,Originale Pepperoni,1,15.99,Large,Les Bons Plans
2026-03-11 12:54:05,Margherita,1,12.99,Medium,Les Bons Plans
2026-03-11 12:54:05,Hawaïenne Poulet,1,17.99,Large,Les Grands Classiques
2026-03-11 13:00:09,Chicken BBQ,1,15.99,Medium,Les Grands Classiques
2026-03-11 13:07:26,Urban Kebab,1,17.49,Medium,Les Originales
2026-03-11 13:09:51,Hawaïenne Poulet,1,20.99,XL,Les Grands Classiques
2026-03-11 13:20:46,Algérienne,1,15.99,Medium,Les Grands Classiques
2026-03-11 13:21:18,Divine 3 Fromages,1,21.99,XL,Éditions Limitées
2026-03-11 13:22:05,Diavola Haché au bœuf,1,21.99,XL,Les Originales
2026-03-11 13:22:05,Chicken Delight,1,21.99,XL,Les Originales
2026-03-11 13:22:05,Algérienne,1,18.99,Large,Les Grands Classiques
2026-03-11 13:45:13,Chicken BBQ,1,18.99,Large,Les Grands Classiques
2026-03-11 13:45:13,Chicken BBQ,1,15.99,Medium,Les Grands Classiques
2026-03-11 13:45:13,Extravaganzza,1,20.99,Large,Toujours Plus
2026-03-11 13:45:13,Rocket Veggie,1,12.99,Medium,Les Gourmandes Veggies
2026-03-11 13:45:13,Royale Veggie,1,18.99,Large,Les Gourmandes Veggies
2026-03-11 13:45:13,Originale Pepperoni,1,15.99,Large,Les Bons Plans
2026-03-11 13:45:13,Peppina Vegan,1,22.99,XL,Les Vegans
2026-03-11 13:49:46,Super Veggie,1,17.49,Medium,Les Gourmandes Veggies
2026-03-11 13:49:46,Royale Veggie,1,21.99,XL,Les Gourmandes Veggies
2026-03-11 13:49:46,Algérienne,1,15.99,Medium,Les Grands Classiques
2026-03-11 13:49:46,Chicken and Cheddar,1,17.49,Medium,Éditions Limitées
2026-03-11 14:05:09,Algérienne,1,21.99,XL,Les Grands Classiques
2026-03-11 14:23:53,Chèvre-Miel,1,21.99,XL,Les Iconiques
2026-03-11 14:23:53,Forestière,1,23.49,XL,Les Grands Classiques
2026-03-11 14:25:34,Chicken Delight,1,21.99,XL,Les Originales
2026-03-11 14:25:34,Hawaïenne Poulet,1,20.99,XL,Les Grands Classiques
2026-03-11 14:33:24,Extravaganzza,1,17.99,Medium,Toujours Plus
2026-03-11 14:33:24,Cannibale,1,17.49,Medium,Les Iconiques
2026-03-11 14:33:24,Urban Kebab,1,20.49,Large,Les Originales
2026-03-11 14:33:24,Steak and Cheese,1,20.99,XL,Les Grands Classiques
2026-03-11 14:33:24,Peppina Vegan,1,16.99,Medium,Les Vegans
2026-03-11 14:33:39,Margherita,1,12.99,Medium,Les Bons Plans
2026-03-11 14:39:14,Diavola Pepperoni,1,15.99,Medium,Les Originales
2026-03-11 14:39:14,Cheesy and Veggie,1,17.99,Large,Les Gourmandes Veggies
2026-03-11 14:39:27,Chèvre-Miel,1,21.99,XL,Les Iconiques
2026-03-11 15:01:55,Originale Pepperoni,1,15.99,Large,Les Bons Plans
2026-03-11 15:22:38,Pepperoni Party,1,20.49,Large,Les Iconiques
2026-03-11 15:36:22,Cannibale,1,20.49,Large,Les Iconiques
2026-03-11 15:36:22,Chicken and Cheddar,1,20.49,Large,Éditions Limitées
2026-03-11 15:39:09,Hawaïenne Poulet,1,14.99,Medium,Les Grands Classiques
2026-03-11 16:20:07,Ultimate Meat,1,17.99,Medium,Toujours Plus
2026-03-11 16:20:07,Steak and Cheese,1,20.99,XL,Les Grands Classiques
2026-03-11 16:23:58,Royale Veggie,1,21.99,XL,Les Gourmandes Veggies
2026-03-11 16:23:58,Beef and Cheddar,1,17.99,Medium,Éditions Limitées
2026-03-11 16:23:58,Margherita,1,15.99,Large,Les Bons Plans
2026-03-11 16:23:58,Hawaïenne Poulet,1,20.99,XL,Les Grands Classiques
2026-03-11 16:25:58,Royale Veggie,1,15.99,Medium,Les Gourmandes Veggies
2026-03-11 16:37:46,Forestière,1,23.49,XL,Les Grands Classiques
2026-03-11 16:37:46,Crispy Cannibale,1,23.99,XL,Les Originales
2026-03-11 16:37:46,Kebab and Spicy,2,43.98,XL,Les Originales
2026-03-11 16:40:21,Hawaïenne Poulet,1,14.99,Medium,Les Grands Classiques
2026-03-11 16:43:33,Chicken Delight,1,18.99,Large,Les Originales
2026-03-11 16:43:33,Divine 3 Fromages,1,21.99,XL,Éditions Limitées
2026-03-11 16:45:38,4 Fromages,1,17.49,Medium,Les Iconiques
2026-03-11 16:45:38,Rocket Veggie,1,18.99,XL,Les Gourmandes Veggies
2026-03-11 16:45:38,Urban Kebab,1,23.49,XL,Les Originales
2026-03-11 16:45:38,Kebab and Spicy,1,15.99,Medium,Les Originales
2026-03-11 16:49:53,Beef and Cheddar,1,17.99,Medium,Éditions Limitées
2026-03-11 16:49:53,Margherita,1,18.99,XL,Les Bons Plans
2026-03-11 16:51:16,Hawaïenne Jambon,1,20.99,XL,Les Grands Classiques
2026-03-11 16:51:16,Peppina,1,22.99,XL,Les Gourmandes Veggies
2026-03-11 17:08:05,Algérienne,1,21.99,XL,Les Grands Classiques
2026-03-11 17:08:05,Hawaïenne Poulet,1,14.99,Medium,Les Grands Classiques
2026-03-11 17:11:37,Indienne,1,21.99,XL,Les Grands Classiques
2026-03-11 17:12:58,Divine 3 Fromages,1,21.99,XL,Éditions Limitées
2026-03-11 17:12:58,Hawaïenne Jambon,1,14.99,Medium,Les Grands Classiques
2026-03-11 17:12:58,Algérienne,1,18.99,Large,Les Grands Classiques
2026-03-11 17:18:27,Chicken Delight,1,18.99,Large,Les Originales
2026-03-11 17:29:31,Hawaïenne Jambon,1,20.99,XL,Les Grands Classiques
2026-03-11 17:33:30,Diavola Haché au bœuf,1,18.99,Large,Les Originales
2026-03-11 17:33:30,Royale Veggie,1,18.99,Large,Les Gourmandes Veggies
2026-03-11 17:37:24,Peppina Vegan,1,16.99,Medium,Les Vegans
2026-03-11 18:17:39,Algérienne,1,18.99,Large,Les Grands Classiques
2026-03-11 18:17:39,Hawaïenne Poulet,1,20.99,XL,Les Grands Classiques
2026-03-11 18:24:12,Chicken Delight,1,18.99,Large,Les Originales
2026-03-11 18:24:12,Divine 3 Fromages,1,21.99,XL,Éditions Limitées
2026-03-11 18:24:12,Cheesy and Veggie,1,17.99,Large,Les Gourmandes Veggies
2026-03-11 18:27:59,Ultimate Meat,1,17.99,Medium,Toujours Plus
2026-03-11 18:27:59,Chèvre-Miel,1,18.99,Large,Les Iconiques
2026-03-11 18:27:59,Originale Pepperoni,1,12.99,Medium,Les Bons Plans
2026-03-11 18:28:15,Extravaganzza,1,17.99,Medium,Toujours Plus
2026-03-11 18:33:24,Chèvre-Miel,1,18.99,Large,Les Iconiques
2026-03-11 18:39:21,Crispy Cannibale,1,20.99,Large,Les Originales
2026-03-11 18:39:21,Cannibale,1,20.49,Large,Les Iconiques
2026-03-11 18:44:57,Divine 3 Fromages,1,21.99,XL,Éditions Limitées
2026-03-11 18:44:57,Chèvre-Miel,1,18.99,Large,Les Iconiques
2026-03-11 18:44:57,Algérienne,1,18.99,Large,Les Grands Classiques
2026-03-11 18:44:57,Kebab and Spicy,1,18.99,Large,Les Originales
2026-03-11 18:46:52,Ultimate Meat,1,17.99,Medium,Toujours Plus
2026-03-11 18:46:52,Indienne,1,18.99,Large,Les Grands Classiques
2026-03-11 18:46:52,Algérienne,1,21.99,XL,Les Grands Classiques
2026-03-11 18:46:52,Peppina Vegan,1,16.99,Medium,Les Vegans
2026-03-11 19:25:05,Chicken Delight,1,18.99,Large,Les Originales
2026-03-11 19:25:05,Pêcheur,1,15.99,Medium,Les Grands Classiques
2026-03-11 19:52:29,Chicken Delight,1,21.99,XL,Les Originales
2026-03-11 20:01:57,Chicken BBQ,1,21.99,XL,Les Grands Classiques
2026-03-11 20:01:57,Ultimate Meat,1,17.99,Medium,Toujours Plus
2026-03-11 20:01:57,Margherita,1,15.99,Large,Les Bons Plans
2026-03-11 21:35:22,Peppina Vegan,1,19.99,Large,Les Vegans
2026-03-11 21:49:42,Chèvre-Miel,1,18.99,Large,Les Iconiques
2026-03-11 22:03:13,Extravaganzza,1,20.99,Large,Toujours Plus
2026-03-11 22:03:13,Cheesy and Veggie,1,14.99,Medium,Les Gourmandes Veggies
2026-03-11 22:22:00,Super Veggie,1,17.49,Medium,Les Gourmandes Veggies
2026-03-11 22:27:17,Super Veggie,1,20.49,Large,Les Gourmandes Veggies
2026-03-11 22:28:40,Rocket Veggie,1,18.99,XL,Les Gourmandes Veggies
2026-03-12 11:26:04,Diavola Haché au bœuf,1,15.99,Medium,Les Originales
2026-03-12 11:26:04,Royale Veggie,1,18.99,Large,Les Gourmandes Veggies
2026-03-12 11:26:04,Diavola Pepperoni,1,18.99,Large,Les Originales
2026-03-12 11:26:04,Originale Pepperoni,1,12.99,Medium,Les Bons Plans
2026-03-12 11:37:02,Chicken Delight,2,43.98,XL,Les Originales
2026-03-12 11:37:02,Diavola Pepperoni,1,15.99,Medium,Les Originales
2026-03-12 11:56:55,Cannibale,1,23.49,XL,Les Iconiques
2026-03-12 12:00:07,Hawaïenne Jambon,1,17.99,Large,Les Grands Classiques
2026-03-12 12:00:07,Crispy Cannibale,1,17.99,Medium,Les Originales
2026-03-12 12:08:19,Chicken BBQ,1,21.99,XL,Les Grands Classiques
2026-03-12 12:13:53,Chicken Delight,1,18.99,Large,Les Originales
2026-03-12 12:13:53,Royale Veggie,1,18.99,Large,Les Gourmandes Veggies
2026-03-12 12:13:53,Kebab and Spicy,1,21.99,XL,Les Originales
2026-03-12 12:18:35,Originale Pepperoni,1,15.99,Large,Les Bons Plans
2026-03-12 12:19:43,Chèvre-Miel,1,18.99,Large,Les Iconiques
2026-03-12 12:19:43,Pêcheur,1,21.99,XL,Les Grands Classiques
2026-03-12 12:19:43,Crispy Cannibale,1,23.99,XL,Les Originales
2026-03-12 12:19:43,Cannibale,1,23.49,XL,Les Iconiques
2026-03-12 12:19:43,Cannibale,1,20.49,Large,Les Iconiques
2026-03-12 12:34:53,Diavola Haché au bœuf,1,21.99,XL,Les Originales
2026-03-12 12:38:05,Chicken BBQ,1,15.99,Medium,Les Grands Classiques
2026-03-12 12:38:05,4 Fromages,1,17.49,Medium,Les Iconiques
2026-03-12 12:38:05,Chicken Delight,1,18.99,Large,Les Originales
2026-03-12 12:38:05,Super Veggie,2,40.98,Large,Les Gourmandes Veggies
2026-03-12 12:38:05,Forestière,1,23.49,XL,Les Grands Classiques
2026-03-12 12:38:05,Pepperoni Party,1,20.49,Large,Les Iconiques
2026-03-12 12:38:05,Peppina,1,19.99,Large,Les Gourmandes Veggies
2026-03-12 12:38:05,Pêcheur,1,15.99,Medium,Les Grands Classiques
2026-03-12 12:38:05,Cannibale,1,23.49,XL,Les Iconiques
2026-03-12 12:38:05,Algérienne,1,21.99,XL,Les Grands Classiques
2026-03-12 12:38:05,Margherita,2,25.98,Medium,Les Bons Plans
2026-03-12 12:38:05,Hawaïenne Poulet,1,20.99,XL,Les Grands Classiques
2026-03-12 12:44:27,Indienne,1,18.99,Large,Les Grands Classiques
2026-03-12 13:03:40,Hawaïenne Poulet,1,17.99,Large,Les Grands Classiques
2026-03-12 13:15:42,Chicken BBQ,1,21.99,XL,Les Grands Classiques
2026-03-12 13:15:42,Extravaganzza,1,23.99,XL,Toujours Plus
2026-03-12 13:15:42,Divine 3 Fromages,2,43.98,XL,Éditions Limitées
2026-03-12 13:15:42,Chèvre-Miel,1,21.99,XL,Les Iconiques
2026-03-12 13:15:42,Pepperoni Party,1,20.49,Large,Les Iconiques
2026-03-12 13:50:53,Divine 3 Fromages,1,21.99,XL,Éditions Limitées
2026-03-12 13:55:19,Chicken BBQ,1,21.99,XL,Les Grands Classiques
2026-03-12 13:56:27,Beef and Cheddar,1,17.99,Medium,Éditions Limitées
2026-03-12 13:56:27,Chicken and Cheddar,1,23.49,XL,Éditions Limitées
2026-03-12 14:05:44,Urban Kebab,1,20.49,Large,Les Originales
2026-03-12 14:30:20,Chèvre-Miel,1,21.99,XL,Les Iconiques
2026-03-12 14:30:20,Pêcheur,1,15.99,Medium,Les Grands Classiques
2026-03-12 14:30:20,Diavola Pepperoni,1,15.99,Medium,Les Originales
2026-03-12 14:47:42,Chicken BBQ,1,21.99,XL,Les Grands Classiques
2026-03-12 14:47:42,Chèvre-Miel,1,21.99,XL,Les Iconiques
2026-03-12 14:47:42,Diavola Pepperoni,1,18.99,Large,Les Originales
2026-03-12 14:47:42,Urban Kebab,1,23.49,XL,Les Originales
2026-03-12 15:25:24,Steak and Cheese,1,20.99,XL,Les Grands Classiques
2026-03-12 15:37:29,Pepperoni Party,1,23.49,XL,Les Iconiques
2026-03-12 15:38:35,Margherita,1,15.99,Large,Les Bons Plans
2026-03-12 15:38:35,Peppina Vegan,1,19.99,Large,Les Vegans
2026-03-12 15:47:43,Chèvre-Miel,1,21.99,XL,Les Iconiques
2026-03-12 15:47:43,Royale Veggie,1,18.99,Large,Les Gourmandes Veggies
2026-03-12 15:48:08,Chèvre-Miel,1,21.99,XL,Les Iconiques
2026-03-12 15:50:03,Urban Kebab,1,23.49,XL,Les Originales
2026-03-12 15:50:03,Margherita,1,18.99,XL,Les Bons Plans
2026-03-12 15:51:32,Ultimate Meat,1,17.99,Medium,Toujours Plus
2026-03-12 15:51:32,Diavola Haché au bœuf,1,18.99,Large,Les Originales
2026-03-12 16:06:48,Diavola Haché au bœuf,1,18.99,Large,Les Originales
2026-03-12 16:06:48,Hawaïenne Jambon,1,20.99,XL,Les Grands Classiques
2026-03-12 16:06:48,Hawaïenne Jambon,1,14.99,Medium,Les Grands Classiques
2026-03-12 16:10:28,Originale Pepperoni,1,15.99,Large,Les Bons Plans
2026-03-12 16:10:28,Chicken and Cheddar,1,20.49,Large,Éditions Limitées
2026-03-12 16:23:53,4 Fromages,1,17.49,Medium,Les Iconiques
2026-03-12 16:23:53,Diavola Pepperoni,1,18.99,Large,Les Originales
2026-03-12 16:28:16,Diavola Haché au bœuf,1,18.99,Large,Les Originales
2026-03-12 16:28:16,Chicken Delight,1,21.99,XL,Les Originales
2026-03-12 16:28:16,Peppina,1,19.99,Large,Les Gourmandes Veggies
2026-03-12 16:28:16,Peppina Vegan,1,16.99,Medium,Les Vegans
2026-03-12 16:39:49,Chèvre-Miel,1,21.99,XL,Les Iconiques
2026-03-12 16:39:49,Diavola Pepperoni,1,15.99,Medium,Les Originales
2026-03-12 16:39:49,Cannibale,1,23.49,XL,Les Iconiques
2026-03-12 16:39:49,Cannibale,1,20.49,Large,Les Iconiques
2026-03-12 17:00:06,Bacon Groovy,1,17.49,Medium,Les Iconiques
2026-03-12 17:00:06,Super Veggie,1,17.49,Medium,Les Gourmandes Veggies
2026-03-12 17:00:06,Kebab and Spicy,1,15.99,Medium,Les Originales
2026-03-12 17:06:27,Bacon Groovy,1,17.49,Medium,Les Iconiques
2026-03-12 17:06:27,Peppina Vegan,1,22.99,XL,Les Vegans
2026-03-12 17:14:55,Chicken Delight,1,15.99,Medium,Les Originales
2026-03-12 17:14:55,Pepperoni Party,1,17.49,Medium,Les Iconiques
2026-03-12 17:34:27,Chicken BBQ,1,21.99,XL,Les Grands Classiques
2026-03-12 17:34:27,4 Fromages,1,17.49,Medium,Les Iconiques
2026-03-12 17:44:49,4 Fromages,1,17.49,Medium,Les Iconiques
2026-03-12 17:44:49,Cheesy and Veggie,1,14.99,Medium,Les Gourmandes Veggies
2026-03-12 18:08:25,Chèvre-Miel,1,21.99,XL,Les Iconiques
2026-03-12 18:08:25,Diavola Pepperoni,1,18.99,Large,Les Originales
2026-03-12 18:09:43,Chicken BBQ,1,21.99,XL,Les Grands Classiques
2026-03-12 18:21:31,Chèvre-Miel,1,18.99,Large,Les Iconiques
2026-03-12 18:21:31,Pepperoni Party,1,20.49,Large,Les Iconiques
2026-03-12 18:23:38,Ultimate Meat,1,17.99,Medium,Toujours Plus
2026-03-12 18:23:38,Diavola Pepperoni,1,15.99,Medium,Les Originales
2026-03-12 18:23:38,Algérienne,1,18.99,Large,Les Grands Classiques
2026-03-12 18:23:38,Hawaïenne Poulet,1,20.99,XL,Les Grands Classiques
2026-03-12 18:28:33,Chèvre-Miel,1,21.99,XL,Les Iconiques
2026-03-12 18:29:17,Cheesy and Veggie,1,20.99,XL,Les Gourmandes Veggies
2026-03-12 18:45:21,Chicken BBQ,1,15.99,Medium,Les Grands Classiques
2026-03-12 18:45:21,Cannibale,1,20.49,Large,Les Iconiques
2026-03-12 18:55:05,Rocket Veggie,1,18.99,XL,Les Gourmandes Veggies
2026-03-12 18:55:05,Urban Kebab,1,17.49,Medium,Les Originales
2026-03-12 18:55:05,Peppina Vegan,1,22.99,XL,Les Vegans
2026-03-12 19:07:06,Extravaganzza,1,23.99,XL,Toujours Plus
2026-03-12 19:11:01,Pepperoni Party,1,23.49,XL,Les Iconiques
2026-03-12 19:39:15,Peppina Vegan,1,16.99,Medium,Les Vegans
2026-03-12 20:19:32,Extravaganzza,1,20.99,Large,Toujours Plus
2026-03-12 20:19:32,Divine 3 Fromages,1,21.99,XL,Éditions Limitées
2026-03-12 20:19:32,Cannibale,1,20.49,Large,Les Iconiques
2026-03-12 20:30:07,Pêcheur,1,18.99,Large,Les Grands Classiques
2026-03-12 20:30:07,Pêcheur,1,15.99,Medium,Les Grands Classiques
2026-03-12 20:58:53,Chèvre-Miel,1,21.99,XL,Les Iconiques
2026-03-12 22:03:24,Diavola Pepperoni,1,15.99,Medium,Les Originales
2026-03-12 22:03:24,Cheesy and Veggie,1,14.99,Medium,Les Gourmandes Veggies
2026-03-13 11:21:11,Ultimate Meat,1,17.99,Medium,Toujours Plus
2026-03-13 11:21:11,Bacon Groovy,1,23.49,XL,Les Iconiques
2026-03-13 11:21:11,Extravaganzza,1,20.99,Large,Toujours Plus
2026-03-13 11:26:40,Urban Kebab,1,17.49,Medium,Les Originales
2026-03-13 12:03:46,Urban Kebab,1,20.49,Large,Les Originales
2026-03-13 12:11:55,Forestière,1,20.49,Large,Les Grands Classiques
2026-03-13 12:11:55,Algérienne,1,21.99,XL,Les Grands Classiques
2026-03-13 12:22:05,Ultimate Meat,1,17.99,Medium,Toujours Plus
2026-03-13 12:22:05,Extravaganzza,1,20.99,Large,Toujours Plus
2026-03-13 12:22:05,Hawaïenne Jambon,1,20.99,XL,Les Grands Classiques
2026-03-13 12:22:05,Hawaïenne Jambon,1,14.99,Medium,Les Grands Classiques
2026-03-13 12:22:05,Forestière,1,17.49,Medium,Les Grands Classiques
2026-03-13 12:22:05,Originale Pepperoni,1,18.99,XL,Les Bons Plans
2026-03-13 12:22:05,Originale Pepperoni,1,15.99,Large,Les Bons Plans
2026-03-13 12:22:05,Crispy Cannibale,1,20.99,Large,Les Originales
2026-03-13 12:22:05,Urban Kebab,1,20.49,Large,Les Originales
2026-03-13 12:22:05,Urban Kebab,2,34.98,Medium,Les Originales
2026-03-13 12:22:05,Steak and Cheese,1,14.99,Medium,Les Grands Classiques
2026-03-13 12:22:05,Steak and Cheese,1,20.99,XL,Les Grands Classiques
2026-03-13 12:26:06,Chèvre-Miel,1,18.99,Large,Les Iconiques
2026-03-13 12:26:06,Cannibale,1,20.49,Large,Les Iconiques
2026-03-13 12:26:06,Steak and Cheese,1,17.99,Large,Les Grands Classiques
2026-03-13 12:26:55,Chèvre-Miel,1,21.99,XL,Les Iconiques
2026-03-13 12:26:55,Originale Pepperoni,1,15.99,Large,Les Bons Plans
2026-03-13 12:43:20,Super Veggie,1,17.49,Medium,Les Gourmandes Veggies
2026-03-13 12:43:20,Hawaïenne Jambon,1,14.99,Medium,Les Grands Classiques
2026-03-13 12:43:20,Diavola Pepperoni,1,18.99,Large,Les Originales
2026-03-13 12:43:20,Kebab and Spicy,1,21.99,XL,Les Originales
2026-03-13 12:43:20,Margherita,1,12.99,Medium,Les Bons Plans
2026-03-13 12:46:50,Chicken Delight,1,18.99,Large,Les Originales
2026-03-13 12:46:50,Hawaïenne Jambon,1,14.99,Medium,Les Grands Classiques
2026-03-13 12:46:50,Originale Pepperoni,1,15.99,Large,Les Bons Plans
2026-03-13 12:53:21,Hawaïenne Poulet,1,14.99,Medium,Les Grands Classiques
2026-03-13 12:57:25,Extravaganzza,1,20.99,Large,Toujours Plus
2026-03-13 12:57:25,Royale Veggie,1,21.99,XL,Les Gourmandes Veggies
2026-03-13 12:57:25,Diavola Pepperoni,1,15.99,Medium,Les Originales
2026-03-13 12:57:25,Beef and Cheddar,1,17.99,Medium,Éditions Limitées
2026-03-13 12:58:26,Diavola Pepperoni,1,21.99,XL,Les Originales
2026-03-13 13:06:51,Forestière,1,17.49,Medium,Les Grands Classiques
2026-03-13 13:06:51,Peppina Vegan,1,22.99,XL,Les Vegans
2026-03-13 13:07:16,Ultimate Meat,1,17.99,Medium,Toujours Plus
2026-03-13 13:07:16,Hawaïenne Poulet,1,20.99,XL,Les Grands Classiques
2026-03-13 13:15:50,Chicken BBQ,1,18.99,Large,Les Grands Classiques
2026-03-13 13:32:08,Chèvre-Miel,1,21.99,XL,Les Iconiques
2026-03-13 13:32:38,Ultimate Meat,1,17.99,Medium,Toujours Plus
2026-03-13 13:32:38,Pepperoni Party,1,20.49,Large,Les Iconiques
2026-03-13 13:32:38,Urban Kebab,1,17.49,Medium,Les Originales
2026-03-13 13:35:44,Chicken Delight,1,15.99,Medium,Les Originales
2026-03-13 13:35:44,Extravaganzza,1,17.99,Medium,Toujours Plus
2026-03-13 13:35:44,Originale Pepperoni,1,15.99,Large,Les Bons Plans
2026-03-13 13:35:44,Cheesy and Veggie,1,17.99,Large,Les Gourmandes Veggies
2026-03-13 14:29:34,Indienne,1,18.99,Large,Les Grands Classiques
2026-03-13 14:34:24,Extravaganzza,1,20.99,Large,Toujours Plus
2026-03-13 14:34:24,Chèvre-Miel,1,21.99,XL,Les Iconiques
2026-03-13 14:34:24,Originale Pepperoni,1,18.99,XL,Les Bons Plans
2026-03-13 14:34:24,Margherita,1,18.99,XL,Les Bons Plans
2026-03-13 14:52:08,Ultimate Meat,1,17.99,Medium,Toujours Plus
2026-03-13 14:52:08,Forestière,1,17.49,Medium,Les Grands Classiques
2026-03-13 14:57:41,Forestière,1,23.49,XL,Les Grands Classiques
2026-03-13 14:57:41,Rocket Veggie,1,12.99,Medium,Les Gourmandes Veggies
2026-03-13 15:18:42,Ultimate Meat,1,17.99,Medium,Toujours Plus
2026-03-13 15:18:42,Pêcheur,1,15.99,Medium,Les Grands Classiques
2026-03-13 15:27:34,Peppina,1,16.99,Medium,Les Gourmandes Veggies
2026-03-13 15:27:34,Urban Kebab,1,17.49,Medium,Les Originales
2026-03-13 15:27:34,Hawaïenne Poulet,1,14.99,Medium,Les Grands Classiques
2026-03-13 15:31:07,Divine 3 Fromages,1,21.99,XL,Éditions Limitées
2026-03-13 16:26:31,Hawaïenne Poulet,1,20.99,XL,Les Grands Classiques
2026-03-13 16:26:31,Hawaïenne Poulet,1,17.99,Large,Les Grands Classiques
2026-03-13 16:59:32,Extravaganzza,1,17.99,Medium,Toujours Plus
2026-03-13 16:59:32,Urban Kebab,1,20.49,Large,Les Originales
2026-03-13 16:59:32,Peppina Vegan,1,19.99,Large,Les Vegans
2026-03-13 17:02:19,Cannibale,1,20.49,Large,Les Iconiques
2026-03-13 17:09:06,Royale Veggie,1,21.99,XL,Les Gourmandes Veggies
2026-03-13 17:09:06,Pêcheur,1,21.99,XL,Les Grands Classiques
2026-03-13 17:15:09,Chicken BBQ,1,21.99,XL,Les Grands Classiques
2026-03-13 17:15:09,Indienne,1,18.99,Large,Les Grands Classiques
2026-03-13 17:15:09,Algérienne,1,18.99,Large,Les Grands Classiques
2026-03-13 17:17:57,Algérienne,1,18.99,Large,Les Grands Classiques
2026-03-13 17:26:11,Ultimate Meat,1,17.99,Medium,Toujours Plus
2026-03-13 17:26:11,Originale Pepperoni,1,18.99,XL,Les Bons Plans
2026-03-13 17:27:49,Algérienne,1,21.99,XL,Les Grands Classiques
2026-03-13 17:27:49,Algérienne,1,18.99,Large,Les Grands Classiques
2026-03-13 17:39:14,Chicken BBQ,1,18.99,Large,Les Grands Classiques
2026-03-13 17:39:14,Hawaïenne Jambon,1,14.99,Medium,Les Grands Classiques
2026-03-13 17:39:14,Originale Pepperoni,1,15.99,Large,Les Bons Plans
2026-03-13 17:39:14,Peppina Vegan,1,22.99,XL,Les Vegans
2026-03-13 17:44:16,Super Veggie,1,20.49,Large,Les Gourmandes Veggies
2026-03-13 17:48:06,Cheesy and Veggie,1,17.99,Large,Les Gourmandes Veggies
2026-03-13 17:48:06,Hawaïenne Poulet,1,20.99,XL,Les Grands Classiques
2026-03-13 17:48:06,Steak and Cheese,1,17.99,Large,Les Grands Classiques
2026-03-13 17:48:27,Extravaganzza,1,20.99,Large,Toujours Plus
2026-03-13 17:48:27,Royale Veggie,1,21.99,XL,Les Gourmandes Veggies
2026-03-13 17:48:27,Pêcheur,1,15.99,Medium,Les Grands Classiques
2026-03-13 17:48:27,Originale Pepperoni,1,12.99,Medium,Les Bons Plans
2026-03-13 17:53:29,Ultimate Meat,2,35.98,Medium,Toujours Plus
2026-03-13 17:53:29,Kebab and Spicy,1,18.99,Large,Les Originales
2026-03-13 17:54:30,Chicken BBQ,1,21.99,XL,Les Grands Classiques
2026-03-13 17:54:30,Ultimate Meat,1,17.99,Medium,Toujours Plus
2026-03-13 17:54:30,Hawaïenne Poulet,1,14.99,Medium,Les Grands Classiques
2026-03-13 18:07:56,Ultimate Meat,1,17.99,Medium,Toujours Plus
2026-03-13 18:07:56,Chicken Delight,1,21.99,XL,Les Originales
2026-03-13 18:07:56,Hawaïenne Poulet,1,17.99,Large,Les Grands Classiques
2026-03-13 18:30:51,Extravaganzza,1,20.99,Large,Toujours Plus
2026-03-13 18:44:54,Extravaganzza,1,17.99,Medium,Toujours Plus
2026-03-13 18:44:54,Pepperoni Party,1,20.49,Large,Les Iconiques
2026-03-13 18:44:54,Algérienne,1,21.99,XL,Les Grands Classiques
2026-03-13 18:44:54,Steak and Cheese,1,20.99,XL,Les Grands Classiques
2026-03-13 18:48:09,Royale Veggie,1,21.99,XL,Les Gourmandes Veggies
2026-03-13 18:48:09,Diavola Pepperoni,1,18.99,Large,Les Originales
2026-03-13 18:53:59,Ultimate Meat,1,17.99,Medium,Toujours Plus
2026-03-13 18:53:59,4 Fromages,1,17.49,Medium,Les Iconiques
2026-03-13 18:53:59,Hawaïenne Poulet,1,17.99,Large,Les Grands Classiques
2026-03-13 19:00:06,Cannibale,1,20.49,Large,Les Iconiques
2026-03-13 19:00:06,Chicken and Cheddar,1,20.49,Large,Éditions Limitées
2026-03-13 19:13:52,Royale Veggie,2,43.98,XL,Les Gourmandes Veggies
2026-03-13 19:13:52,Diavola Pepperoni,1,21.99,XL,Les Originales
2026-03-13 19:13:52,Originale Pepperoni,1,15.99,Large,Les Bons Plans
2026-03-13 19:24:05,Chèvre-Miel,1,21.99,XL,Les Iconiques
2026-03-13 19:25:15,Bacon Groovy,1,20.49,Large,Les Iconiques
2026-03-13 19:26:19,Forestière,1,20.49,Large,Les Grands Classiques
2026-03-13 19:26:19,Pepperoni Party,1,20.49,Large,Les Iconiques
2026-03-13 19:26:19,Peppina,1,22.99,XL,Les Gourmandes Veggies
2026-03-13 19:26:19,Margherita,1,12.99,Medium,Les Bons Plans
2026-03-13 19:28:56,Pepperoni Party,1,17.49,Medium,Les Iconiques
2026-03-13 19:28:56,Peppina,1,19.99,Large,Les Gourmandes Veggies
2026-03-13 19:32:04,Chicken BBQ,1,18.99,Large,Les Grands Classiques
2026-03-13 19:32:04,Hawaïenne Poulet,1,20.99,XL,Les Grands Classiques
2026-03-13 19:35:26,Beef and Cheddar,1,20.99,Large,Éditions Limitées
2026-03-13 19:35:26,Peppina Vegan,1,19.99,Large,Les Vegans
2026-03-13 19:43:02,Royale Veggie,1,18.99,Large,Les Gourmandes Veggies
2026-03-13 19:48:52,Urban Kebab,1,17.49,Medium,Les Originales
2026-03-13 19:48:59,Rocket Veggie,1,18.99,XL,Les Gourmandes Veggies
2026-03-13 19:48:59,Hawaïenne Poulet,1,20.99,XL,Les Grands Classiques
2026-03-13 20:00:35,Chèvre-Miel,1,18.99,Large,Les Iconiques
2026-03-13 20:00:35,Hawaïenne Jambon,1,17.99,Large,Les Grands Classiques
2026-03-13 20:01:36,Chicken BBQ,1,15.99,Medium,Les Grands Classiques
2026-03-13 20:01:36,Hawaïenne Poulet,1,20.99,XL,Les Grands Classiques
2026-03-13 20:07:36,Extravaganzza,1,20.99,Large,Toujours Plus
2026-03-13 20:07:36,Forestière,1,23.49,XL,Les Grands Classiques
2026-03-13 20:07:36,Crispy Cannibale,1,20.99,Large,Les Originales
2026-03-13 20:07:36,Cheesy and Veggie,1,14.99,Medium,Les Gourmandes Veggies
2026-03-13 20:09:22,Cheesy and Veggie,1,20.99,XL,Les Gourmandes Veggies
2026-03-13 20:22:24,Ultimate Meat,1,17.99,Medium,Toujours Plus
2026-03-13 20:22:24,Hawaïenne Jambon,1,17.99,Large,Les Grands Classiques
2026-03-13 20:33:21,Ultimate Meat,1,17.99,Medium,Toujours Plus
2026-03-13 20:33:21,Peppina,1,22.99,XL,Les Gourmandes Veggies
2026-03-13 20:33:21,Cheesy and Veggie,1,14.99,Medium,Les Gourmandes Veggies
2026-03-13 20:47:26,Divine 3 Fromages,1,21.99,XL,Éditions Limitées
2026-03-13 20:47:26,Pepperoni Party,1,20.49,Large,Les Iconiques
2026-03-13 20:47:26,Algérienne,1,21.99,XL,Les Grands Classiques
2026-03-13 20:51:32,Originale Pepperoni,1,15.99,Large,Les Bons Plans
2026-03-13 20:51:32,Kebab and Spicy,1,18.99,Large,Les Originales
2026-03-13 20:51:32,Margherita,1,18.99,XL,Les Bons Plans
2026-03-13 20:59:18,Super Veggie,1,17.49,Medium,Les Gourmandes Veggies
2026-03-13 20:59:18,Steak and Cheese,1,14.99,Medium,Les Grands Classiques
2026-03-13 21:02:53,Originale Pepperoni,1,15.99,Large,Les Bons Plans
2026-03-13 21:02:53,Margherita,1,12.99,Medium,Les Bons Plans
2026-03-13 21:02:53,Hawaïenne Poulet,1,14.99,Medium,Les Grands Classiques
2026-03-13 21:02:53,Steak and Cheese,1,20.99,XL,Les Grands Classiques
2026-03-13 21:12:29,Forestière,1,23.49,XL,Les Grands Classiques
2026-03-13 21:14:47,Chicken BBQ,1,15.99,Medium,Les Grands Classiques
2026-03-13 21:14:47,Margherita,1,18.99,XL,Les Bons Plans
2026-03-13 21:31:23,Ultimate Meat,1,17.99,Medium,Toujours Plus
2026-03-13 21:31:23,Chèvre-Miel,1,21.99,XL,Les Iconiques
2026-03-13 21:31:23,Originale Pepperoni,1,18.99,XL,Les Bons Plans
2026-03-13 21:31:23,Margherita,1,15.99,Large,Les Bons Plans
2026-03-13 21:48:33,Chicken and Cheddar,1,23.49,XL,Éditions Limitées
2026-03-13 22:06:21,Chicken BBQ,1,15.99,Medium,Les Grands Classiques
2026-03-13 22:06:21,Chicken Delight,1,15.99,Medium,Les Originales
2026-03-13 22:06:21,Indienne,1,21.99,XL,Les Grands Classiques
2026-03-13 22:06:21,Margherita,1,12.99,Medium,Les Bons Plans
2026-03-13 22:18:17,Bacon Groovy,1,20.49,Large,Les Iconiques
2026-03-13 22:18:17,Forestière,1,23.49,XL,Les Grands Classiques
2026-03-14 12:16:45,Hawaïenne Poulet,1,17.99,Large,Les Grands Classiques
2026-03-14 12:28:34,Chicken BBQ,1,21.99,XL,Les Grands Classiques
2026-03-14 12:28:34,Chicken BBQ,1,15.99,Medium,Les Grands Classiques
2026-03-14 12:28:34,Diavola Haché au bœuf,1,18.99,Large,Les Originales
2026-03-14 12:43:04,Chèvre-Miel,1,18.99,Large,Les Iconiques
2026-03-14 12:43:04,Pêcheur,1,21.99,XL,Les Grands Classiques
2026-03-14 12:47:54,Beef and Cheddar,1,17.99,Medium,Éditions Limitées
2026-03-14 12:49:45,Chicken Delight,1,18.99,Large,Les Originales
2026-03-14 12:49:45,Kebab and Spicy,1,21.99,XL,Les Originales
2026-03-14 12:56:21,Super Veggie,1,20.49,Large,Les Gourmandes Veggies
2026-03-14 13:09:20,Chicken BBQ,1,18.99,Large,Les Grands Classiques
2026-03-14 13:09:20,Chicken Delight,1,15.99,Medium,Les Originales
2026-03-14 13:09:20,Divine 3 Fromages,1,21.99,XL,Éditions Limitées
2026-03-14 13:09:20,Peppina,1,19.99,Large,Les Gourmandes Veggies
2026-03-14 13:09:20,Pêcheur,1,21.99,XL,Les Grands Classiques
2026-03-14 13:09:20,Diavola Pepperoni,1,15.99,Medium,Les Originales
2026-03-14 13:09:20,Originale Pepperoni,1,18.99,XL,Les Bons Plans
2026-03-14 13:09:20,Cannibale,1,17.49,Medium,Les Iconiques
2026-03-14 13:09:20,Urban Kebab,1,17.49,Medium,Les Originales
2026-03-14 13:09:20,Beef and Cheddar,1,23.99,XL,Éditions Limitées
2026-03-14 13:09:20,Margherita,1,12.99,Medium,Les Bons Plans
2026-03-14 13:09:20,Hawaïenne Poulet,1,17.99,Large,Les Grands Classiques
2026-03-14 13:09:20,Hawaïenne Poulet,1,14.99,Medium,Les Grands Classiques
2026-03-14 13:09:20,Peppina Vegan,1,22.99,XL,Les Vegans
2026-03-14 13:16:23,Chicken Delight,1,21.99,XL,Les Originales
2026-03-14 13:16:23,Royale Veggie,1,21.99,XL,Les Gourmandes Veggies
2026-03-14 13:16:23,Beef and Cheddar,1,20.99,Large,Éditions Limitées
2026-03-14 13:16:23,Steak and Cheese,1,17.99,Large,Les Grands Classiques
2026-03-14 13:19:35,Steak and Cheese,1,20.99,XL,Les Grands Classiques
2026-03-14 13:24:46,Super Veggie,1,17.49,Medium,Les Gourmandes Veggies
2026-03-14 13:24:46,Royale Veggie,1,15.99,Medium,Les Gourmandes Veggies
2026-03-14 13:46:13,Chèvre-Miel,1,21.99,XL,Les Iconiques
2026-03-14 13:47:57,Hawaïenne Jambon,1,20.99,XL,Les Grands Classiques
2026-03-14 13:47:57,Pêcheur,1,15.99,Medium,Les Grands Classiques
2026-03-14 13:47:57,Algérienne,1,18.99,Large,Les Grands Classiques
2026-03-14 13:47:57,Kebab and Spicy,1,21.99,XL,Les Originales
2026-03-14 14:12:12,Pepperoni Party,1,20.49,Large,Les Iconiques
2026-03-14 14:12:12,Royale Veggie,1,21.99,XL,Les Gourmandes Veggies
2026-03-14 14:12:12,Hawaïenne Poulet,1,20.99,XL,Les Grands Classiques
2026-03-14 14:29:59,Chicken Delight,1,15.99,Medium,Les Originales
2026-03-14 14:34:28,Crispy Cannibale,1,17.99,Medium,Les Originales
2026-03-14 14:37:47,Diavola Pepperoni,1,21.99,XL,Les Originales
2026-03-14 14:37:47,Peppina Vegan,1,22.99,XL,Les Vegans
2026-03-14 14:37:47,Peppina Vegan,1,19.99,Large,Les Vegans
2026-03-14 14:37:47,Peppina Vegan,1,16.99,Medium,Les Vegans
2026-03-14 15:19:31,Chèvre-Miel,1,21.99,XL,Les Iconiques
2026-03-14 15:19:31,Chicken and Cheddar,1,20.49,Large,Éditions Limitées
2026-03-14 15:35:43,Divine 3 Fromages,1,21.99,XL,Éditions Limitées
2026-03-14 15:50:39,Ultimate Meat,2,35.98,Medium,Toujours Plus
2026-03-14 15:50:39,Indienne,1,18.99,Large,Les Grands Classiques
2026-03-14 15:50:39,Diavola Pepperoni,1,21.99,XL,Les Originales
2026-03-14 16:10:10,Urban Kebab,1,17.49,Medium,Les Originales
2026-03-14 16:10:40,Pêcheur,1,21.99,XL,Les Grands Classiques
2026-03-14 16:10:40,Margherita,1,18.99,XL,Les Bons Plans
2026-03-14 16:22:10,Peppina,1,22.99,XL,Les Gourmandes Veggies
2026-03-14 16:22:10,Pêcheur,1,15.99,Medium,Les Grands Classiques
2026-03-14 16:22:10,Originale Pepperoni,1,18.99,XL,Les Bons Plans
2026-03-14 16:28:24,Chicken and Cheddar,1,17.49,Medium,Éditions Limitées
2026-03-14 16:34:46,Extravaganzza,1,20.99,Large,Toujours Plus
2026-03-14 16:34:46,Forestière,1,23.49,XL,Les Grands Classiques
2026-03-14 16:34:46,Urban Kebab,1,17.49,Medium,Les Originales
2026-03-14 16:38:05,Pêcheur,1,18.99,Large,Les Grands Classiques
2026-03-14 16:38:05,Cheesy and Veggie,1,14.99,Medium,Les Gourmandes Veggies
2026-03-14 16:42:00,Steak and Cheese,1,14.99,Medium,Les Grands Classiques
2026-03-14 16:44:33,Peppina,1,19.99,Large,Les Gourmandes Veggies
2026-03-14 16:44:33,Urban Kebab,1,20.49,Large,Les Originales
2026-03-14 16:50:34,Ultimate Meat,1,17.99,Medium,Toujours Plus
2026-03-14 16:50:34,Kebab and Spicy,1,15.99,Medium,Les Originales
2026-03-14 16:54:36,Cannibale,1,23.49,XL,Les Iconiques
2026-03-14 17:30:16,Urban Kebab,1,23.49,XL,Les Originales
2026-03-14 17:49:13,Diavola Haché au bœuf,1,18.99,Large,Les Originales
2026-03-14 17:49:13,Urban Kebab,1,20.49,Large,Les Originales
2026-03-14 17:50:48,Chicken Delight,1,18.99,Large,Les Originales
2026-03-14 17:50:48,Extravaganzza,1,20.99,Large,Toujours Plus
2026-03-14 17:50:48,Steak and Cheese,1,20.99,XL,Les Grands Classiques
2026-03-14 17:51:53,Chèvre-Miel,1,21.99,XL,Les Iconiques
2026-03-14 17:51:53,Originale Pepperoni,1,15.99,Large,Les Bons Plans
2026-03-14 18:02:55,Chicken BBQ,1,21.99,XL,Les Grands Classiques
2026-03-14 18:18:59,Ultimate Meat,1,17.99,Medium,Toujours Plus
2026-03-14 18:18:59,Margherita,1,12.99,Medium,Les Bons Plans
2026-03-14 18:36:34,Crispy Cannibale,1,23.99,XL,Les Originales
2026-03-14 18:38:17,Royale Veggie,1,21.99,XL,Les Gourmandes Veggies
2026-03-14 18:40:57,Urban Kebab,1,20.49,Large,Les Originales
2026-03-14 18:42:43,Hawaïenne Jambon,1,14.99,Medium,Les Grands Classiques
2026-03-14 18:42:43,Kebab and Spicy,1,21.99,XL,Les Originales
2026-03-14 18:43:22,Kebab and Spicy,1,21.99,XL,Les Originales
2026-03-14 18:44:41,Beef and Cheddar,1,17.99,Medium,Éditions Limitées
2026-03-14 18:45:37,Diavola Haché au bœuf,1,18.99,Large,Les Originales
2026-03-14 18:45:37,Forestière,1,23.49,XL,Les Grands Classiques
2026-03-14 19:05:47,Diavola Pepperoni,1,21.99,XL,Les Originales
2026-03-14 19:05:47,Cannibale,1,23.49,XL,Les Iconiques
2026-03-14 19:43:00,Pepperoni Party,1,23.49,XL,Les Iconiques
2026-03-14 19:43:00,Diavola Pepperoni,1,15.99,Medium,Les Originales
2026-03-14 19:43:00,Crispy Cannibale,1,17.99,Medium,Les Originales
2026-03-14 19:43:00,Chicken and Cheddar,1,20.49,Large,Éditions Limitées
2026-03-14 19:53:17,Hawaïenne Jambon,1,14.99,Medium,Les Grands Classiques
2026-03-14 19:53:17,Pepperoni Party,1,20.49,Large,Les Iconiques
2026-03-14 19:53:17,Pêcheur,1,21.99,XL,Les Grands Classiques
2026-03-14 19:53:17,Cannibale,1,20.49,Large,Les Iconiques
2026-03-14 20:15:55,Diavola Pepperoni,1,21.99,XL,Les Originales
2026-03-14 20:15:55,Originale Pepperoni,1,15.99,Large,Les Bons Plans
2026-03-14 20:18:21,Chicken Delight,1,18.99,Large,Les Originales
2026-03-14 20:18:21,Pêcheur,1,18.99,Large,Les Grands Classiques
2026-03-14 20:18:21,Steak and Cheese,1,14.99,Medium,Les Grands Classiques
2026-03-14 20:20:18,Chicken Delight,1,18.99,Large,Les Originales
2026-03-14 20:20:18,Hawaïenne Poulet,1,17.99,Large,Les Grands Classiques
2026-03-14 20:31:44,4 Fromages,1,17.49,Medium,Les Iconiques
2026-03-14 20:37:13,Peppina Vegan,1,16.99,Medium,Les Vegans
2026-03-14 20:47:01,Pêcheur,1,21.99,XL,Les Grands Classiques
2026-03-14 21:02:43,Chicken Delight,1,21.99,XL,Les Originales
2026-03-14 21:02:43,Extravaganzza,1,20.99,Large,Toujours Plus
2026-03-14 21:02:43,Divine 3 Fromages,1,21.99,XL,Éditions Limitées
2026-03-14 21:02:43,Kebab and Spicy,1,21.99,XL,Les Originales
2026-03-14 21:05:17,Chicken BBQ,1,18.99,Large,Les Grands Classiques
2026-03-14 21:05:17,Hawaïenne Jambon,1,17.99,Large,Les Grands Classiques
2026-03-14 21:05:17,Pepperoni Party,1,23.49,XL,Les Iconiques
2026-03-14 21:05:17,Margherita,1,12.99,Medium,Les Bons Plans
2026-03-14 21:22:53,Ultimate Meat,1,17.99,Medium,Toujours Plus
2026-03-14 21:22:53,Bacon Groovy,1,17.49,Medium,Les Iconiques
2026-03-14 21:24:48,Peppina,1,22.99,XL,Les Gourmandes Veggies
2026-03-14 22:23:19,Cheesy and Veggie,1,14.99,Medium,Les Gourmandes Veggies
2026-03-14 22:23:19,Steak and Cheese,1,20.99,XL,Les Grands Classiques
2026-03-15 11:40:06,Chèvre-Miel,1,18.99,Large,Les Iconiques
2026-03-15 11:48:27,Chicken BBQ,1,18.99,Large,Les Grands Classiques
2026-03-15 11:48:27,Chicken Delight,1,18.99,Large,Les Originales
2026-03-15 11:48:27,Pêcheur,1,15.99,Medium,Les Grands Classiques
2026-03-15 11:48:27,Urban Kebab,2,34.98,Medium,Les Originales
2026-03-15 11:49:01,Chicken BBQ,1,18.99,Large,Les Grands Classiques
2026-03-15 11:49:01,Ultimate Meat,1,17.99,Medium,Toujours Plus
2026-03-15 11:49:01,Hawaïenne Jambon,1,17.99,Large,Les Grands Classiques
2026-03-15 11:49:01,Diavola Pepperoni,1,21.99,XL,Les Originales
2026-03-15 12:08:34,Extravaganzza,1,17.99,Medium,Toujours Plus
2026-03-15 12:08:34,Divine 3 Fromages,1,21.99,XL,Éditions Limitées
2026-03-15 12:08:34,Originale Pepperoni,1,15.99,Large,Les Bons Plans
2026-03-15 12:42:51,Pepperoni Party,1,23.49,XL,Les Iconiques
2026-03-15 12:42:51,Pêcheur,1,15.99,Medium,Les Grands Classiques
2026-03-15 12:42:51,Peppina Vegan,1,16.99,Medium,Les Vegans
2026-03-15 13:08:00,Pepperoni Party,1,20.49,Large,Les Iconiques
2026-03-15 13:08:26,Forestière,1,23.49,XL,Les Grands Classiques
2026-03-15 13:36:20,Diavola Haché au bœuf,1,15.99,Medium,Les Originales
2026-03-15 13:41:43,Diavola Haché au bœuf,2,37.98,Large,Les Originales
2026-03-15 13:41:43,Chèvre-Miel,1,21.99,XL,Les Iconiques
2026-03-15 13:41:43,Super Veggie,1,20.49,Large,Les Gourmandes Veggies
2026-03-15 13:41:43,Hawaïenne Jambon,1,20.99,XL,Les Grands Classiques
2026-03-15 13:41:43,Pepperoni Party,1,20.49,Large,Les Iconiques
2026-03-15 13:41:43,Originale Pepperoni,1,12.99,Medium,Les Bons Plans
2026-03-15 13:41:43,Crispy Cannibale,1,17.99,Medium,Les Originales
2026-03-15 13:41:43,Margherita,1,12.99,Medium,Les Bons Plans
2026-03-15 13:41:43,Hawaïenne Poulet,1,14.99,Medium,Les Grands Classiques
2026-03-15 13:41:43,Steak and Cheese,1,20.99,XL,Les Grands Classiques
2026-03-15 13:43:32,Divine 3 Fromages,1,21.99,XL,Éditions Limitées
2026-03-15 13:43:32,Chèvre-Miel,2,43.98,XL,Les Iconiques
2026-03-15 13:43:32,Forestière,1,23.49,XL,Les Grands Classiques
2026-03-15 13:43:32,Pepperoni Party,2,40.98,Large,Les Iconiques
2026-03-15 13:43:32,Rocket Veggie,1,12.99,Medium,Les Gourmandes Veggies
2026-03-15 13:43:32,Royale Veggie,2,31.98,Medium,Les Gourmandes Veggies
2026-03-15 13:43:32,Margherita,1,12.99,Medium,Les Bons Plans
2026-03-15 13:43:32,Hawaïenne Poulet,1,20.99,XL,Les Grands Classiques
2026-03-15 13:55:25,Bacon Groovy,1,20.49,Large,Les Iconiques
2026-03-15 13:55:25,Peppina Vegan,1,22.99,XL,Les Vegans
2026-03-15 14:12:24,Chèvre-Miel,1,21.99,XL,Les Iconiques
2026-03-15 14:18:34,Chicken Delight,1,18.99,Large,Les Originales
2026-03-15 14:29:45,Chicken BBQ,1,21.99,XL,Les Grands Classiques
2026-03-15 15:05:40,Originale Pepperoni,1,18.99,XL,Les Bons Plans
2026-03-15 15:05:40,Margherita,1,18.99,XL,Les Bons Plans
2026-03-15 15:29:07,Forestière,1,20.49,Large,Les Grands Classiques
2026-03-15 15:42:34,Ultimate Meat,1,17.99,Medium,Toujours Plus
2026-03-15 15:42:34,Divine 3 Fromages,1,21.99,XL,Éditions Limitées
2026-03-15 15:42:34,Super Veggie,1,17.49,Medium,Les Gourmandes Veggies
2026-03-15 15:45:56,Ultimate Meat,1,17.99,Medium,Toujours Plus
2026-03-15 15:45:56,Royale Veggie,1,21.99,XL,Les Gourmandes Veggies
2026-03-15 15:45:56,Originale Pepperoni,1,15.99,Large,Les Bons Plans
2026-03-15 15:45:56,Algérienne,1,18.99,Large,Les Grands Classiques
2026-03-15 15:47:01,Ultimate Meat,1,17.99,Medium,Toujours Plus
2026-03-15 15:48:11,Chicken BBQ,2,31.98,Medium,Les Grands Classiques
2026-03-15 16:00:44,Ultimate Meat,1,17.99,Medium,Toujours Plus
2026-03-15 16:00:44,Kebab and Spicy,1,18.99,Large,Les Originales
2026-03-15 16:00:44,Cheesy and Veggie,1,14.99,Medium,Les Gourmandes Veggies
2026-03-15 16:03:18,Crispy Cannibale,1,20.99,Large,Les Originales
2026-03-15 16:03:18,Urban Kebab,1,17.49,Medium,Les Originales
2026-03-15 16:07:56,Chèvre-Miel,1,21.99,XL,Les Iconiques
2026-03-15 16:07:56,Urban Kebab,2,34.98,Medium,Les Originales
2026-03-15 16:07:56,Chicken and Cheddar,1,17.49,Medium,Éditions Limitées
2026-03-15 16:12:31,Beef and Cheddar,1,17.99,Medium,Éditions Limitées
2026-03-15 16:12:31,Hawaïenne Poulet,1,20.99,XL,Les Grands Classiques
2026-03-15 16:12:56,Royale Veggie,1,21.99,XL,Les Gourmandes Veggies
2026-03-15 16:12:56,Pêcheur,1,18.99,Large,Les Grands Classiques
2026-03-15 16:12:56,Originale Pepperoni,1,15.99,Large,Les Bons Plans
2026-03-15 16:14:57,Diavola Pepperoni,1,18.99,Large,Les Originales
2026-03-15 16:14:57,Margherita,1,15.99,Large,Les Bons Plans
2026-03-15 16:14:57,Hawaïenne Poulet,1,20.99,XL,Les Grands Classiques
2026-03-15 16:31:44,Forestière,1,17.49,Medium,Les Grands Classiques
2026-03-15 16:31:44,Diavola Pepperoni,1,15.99,Medium,Les Originales
2026-03-15 16:31:44,Urban Kebab,1,23.49,XL,Les Originales
2026-03-15 16:31:44,Kebab and Spicy,1,21.99,XL,Les Originales
2026-03-15 16:33:38,Indienne,1,18.99,Large,Les Grands Classiques
2026-03-15 16:33:38,Hawaïenne Poulet,1,20.99,XL,Les Grands Classiques
2026-03-15 16:38:07,4 Fromages,1,17.49,Medium,Les Iconiques
2026-03-15 16:38:07,Diavola Haché au bœuf,1,21.99,XL,Les Originales
2026-03-15 16:38:07,Steak and Cheese,1,17.99,Large,Les Grands Classiques
2026-03-15 16:57:07,Chicken BBQ,1,21.99,XL,Les Grands Classiques
2026-03-15 16:57:07,Beef and Cheddar,1,20.99,Large,Éditions Limitées
2026-03-15 17:13:38,Indienne,1,18.99,Large,Les Grands Classiques
2026-03-15 17:13:38,Extravaganzza,1,20.99,Large,Toujours Plus
2026-03-15 17:13:38,Kebab and Spicy,1,21.99,XL,Les Originales
2026-03-15 17:13:38,Kebab and Spicy,1,18.99,Large,Les Originales
2026-03-15 17:30:07,Extravaganzza,1,17.99,Medium,Toujours Plus
2026-03-15 17:30:07,Pêcheur,1,18.99,Large,Les Grands Classiques
2026-03-15 17:30:07,Cannibale,1,23.49,XL,Les Iconiques
2026-03-15 18:01:50,Royale Veggie,1,15.99,Medium,Les Gourmandes Veggies
2026-03-15 18:01:50,Chicken and Cheddar,1,17.49,Medium,Éditions Limitées
2026-03-15 18:18:55,Kebab and Spicy,1,21.99,XL,Les Originales
2026-03-15 18:28:12,Extravaganzza,1,23.99,XL,Toujours Plus
2026-03-15 18:28:12,Steak and Cheese,1,14.99,Medium,Les Grands Classiques
2026-03-15 18:28:49,Chicken BBQ,1,15.99,Medium,Les Grands Classiques
2026-03-15 18:28:49,Hawaïenne Poulet,1,20.99,XL,Les Grands Classiques
2026-03-15 18:35:20,Chicken Delight,1,15.99,Medium,Les Originales
2026-03-15 18:35:20,Super Veggie,1,17.49,Medium,Les Gourmandes Veggies
2026-03-15 18:35:20,Diavola Pepperoni,1,21.99,XL,Les Originales
2026-03-15 18:35:20,Hawaïenne Poulet,1,20.99,XL,Les Grands Classiques
2026-03-15 18:44:40,Forestière,1,20.49,Large,Les Grands Classiques
2026-03-15 18:44:40,Peppina Vegan,1,19.99,Large,Les Vegans
2026-03-15 18:48:37,Hawaïenne Jambon,1,14.99,Medium,Les Grands Classiques
2026-03-15 18:48:37,Margherita,1,12.99,Medium,Les Bons Plans
2026-03-15 18:56:08,Extravaganzza,1,17.99,Medium,Toujours Plus
2026-03-15 18:56:08,Pêcheur,1,21.99,XL,Les Grands Classiques
2026-03-15 19:02:12,Forestière,1,23.49,XL,Les Grands Classiques
2026-03-15 19:02:12,Cheesy and Veggie,1,20.99,XL,Les Gourmandes Veggies
2026-03-15 19:02:12,Margherita,1,15.99,Large,Les Bons Plans
2026-03-15 19:37:36,Chicken BBQ,1,18.99,Large,Les Grands Classiques
2026-03-15 19:37:36,Diavola Pepperoni,1,15.99,Medium,Les Originales
2026-03-15 19:37:36,Cannibale,1,17.49,Medium,Les Iconiques
2026-03-15 19:49:03,Chicken BBQ,1,18.99,Large,Les Grands Classiques
2026-03-15 19:49:03,Chicken BBQ,1,15.99,Medium,Les Grands Classiques
2026-03-15 19:49:03,Hawaïenne Jambon,1,17.99,Large,Les Grands Classiques
2026-03-15 19:55:56,Hawaïenne Poulet,1,17.99,Large,Les Grands Classiques
2026-03-15 20:19:34,Ultimate Meat,1,17.99,Medium,Toujours Plus
2026-03-15 20:49:02,Forestière,1,23.49,XL,Les Grands Classiques
2026-03-15 20:49:02,Algérienne,1,21.99,XL,Les Grands Classiques
2026-03-15 20:49:02,Peppina Vegan,1,22.99,XL,Les Vegans
2026-03-15 21:03:16,Chèvre-Miel,1,21.99,XL,Les Iconiques
2026-03-15 21:03:16,Hawaïenne Poulet,1,20.99,XL,Les Grands Classiques
2026-03-15 21:03:16,Hawaïenne Poulet,1,17.99,Large,Les Grands Classiques
2026-03-15 21:26:48,Hawaïenne Jambon,1,17.99,Large,Les Grands Classiques
2026-03-15 22:17:47,Extravaganzza,1,17.99,Medium,Toujours Plus
2026-03-15 22:17:47,Hawaïenne Jambon,1,14.99,Medium,Les Grands Classiques
2026-03-16 11:18:16,Pêcheur,1,15.99,Medium,Les Grands Classiques
2026-03-16 11:18:16,Kebab and Spicy,1,21.99,XL,Les Originales
2026-03-16 11:55:19,Ultimate Meat,1,17.99,Medium,Toujours Plus
2026-03-16 11:55:19,Forestière,1,17.49,Medium,Les Grands Classiques
2026-03-16 12:04:29,Crispy Cannibale,1,23.99,XL,Les Originales
2026-03-16 12:04:29,Cannibale,1,20.49,Large,Les Iconiques
2026-03-16 12:04:29,Urban Kebab,1,17.49,Medium,Les Originales
2026-03-16 12:10:54,Peppina Vegan,1,19.99,Large,Les Vegans
2026-03-16 12:11:56,Cheesy and Veggie,1,17.99,Large,Les Gourmandes Veggies
2026-03-16 12:14:11,Crispy Cannibale,1,20.99,Large,Les Originales
2026-03-16 12:15:47,Steak and Cheese,1,20.99,XL,Les Grands Classiques
2026-03-16 12:16:56,Originale Pepperoni,1,18.99,XL,Les Bons Plans
2026-03-16 12:18:01,Chèvre-Miel,1,18.99,Large,Les Iconiques
2026-03-16 12:18:01,Diavola Pepperoni,1,18.99,Large,Les Originales
2026-03-16 12:23:40,Extravaganzza,1,20.99,Large,Toujours Plus
2026-03-16 12:24:49,Extravaganzza,1,20.99,Large,Toujours Plus
2026-03-16 12:26:22,Chicken Delight,1,18.99,Large,Les Originales
2026-03-16 12:33:50,Divine 3 Fromages,1,21.99,XL,Éditions Limitées
2026-03-16 12:33:50,Chèvre-Miel,1,21.99,XL,Les Iconiques
2026-03-16 12:33:50,Crispy Cannibale,1,20.99,Large,Les Originales
2026-03-16 12:33:50,Margherita,1,18.99,XL,Les Bons Plans
2026-03-16 12:33:50,Steak and Cheese,1,17.99,Large,Les Grands Classiques
2026-03-16 12:33:50,Peppina Vegan,1,19.99,Large,Les Vegans
2026-03-16 12:34:38,Diavola Pepperoni,1,15.99,Medium,Les Originales
2026-03-16 12:48:27,Chèvre-Miel,1,18.99,Large,Les Iconiques
2026-03-16 13:09:10,Bacon Groovy,1,17.49,Medium,Les Iconiques
2026-03-16 13:12:50,Ultimate Meat,1,17.99,Medium,Toujours Plus
2026-03-16 13:12:50,Algérienne,1,21.99,XL,Les Grands Classiques
2026-03-16 13:13:23,Extravaganzza,1,23.99,XL,Toujours Plus
2026-03-16 13:14:57,Chicken BBQ,1,21.99,XL,Les Grands Classiques
2026-03-16 13:14:57,Chèvre-Miel,1,18.99,Large,Les Iconiques
2026-03-16 13:14:57,Hawaïenne Jambon,1,20.99,XL,Les Grands Classiques
2026-03-16 13:14:57,Pêcheur,2,43.98,XL,Les Grands Classiques
2026-03-16 13:14:57,Pêcheur,1,15.99,Medium,Les Grands Classiques
2026-03-16 13:14:57,Diavola Pepperoni,1,21.99,XL,Les Originales
2026-03-16 13:14:57,Cannibale,1,20.49,Large,Les Iconiques
2026-03-16 13:14:57,Margherita,1,12.99,Medium,Les Bons Plans
2026-03-16 13:14:57,Hawaïenne Poulet,1,17.99,Large,Les Grands Classiques
2026-03-16 13:14:57,Hawaïenne Poulet,1,14.99,Medium,Les Grands Classiques
2026-03-16 13:14:57,Steak and Cheese,1,20.99,XL,Les Grands Classiques
2026-03-16 13:25:45,Indienne,1,15.99,Medium,Les Grands Classiques
2026-03-16 13:25:45,Bacon Groovy,1,20.49,Large,Les Iconiques
2026-03-16 13:25:45,Hawaïenne Jambon,1,20.99,XL,Les Grands Classiques
2026-03-16 13:25:45,Hawaïenne Jambon,1,14.99,Medium,Les Grands Classiques
2026-03-16 13:25:45,Crispy Cannibale,1,20.99,Large,Les Originales
2026-03-16 13:25:45,Margherita,1,15.99,Large,Les Bons Plans
2026-03-16 13:25:45,Margherita,1,12.99,Medium,Les Bons Plans
2026-03-16 13:34:37,Divine 3 Fromages,1,21.99,XL,Éditions Limitées
2026-03-16 13:39:34,Ultimate Meat,1,17.99,Medium,Toujours Plus
2026-03-16 13:39:34,Forestière,1,20.49,Large,Les Grands Classiques
2026-03-16 13:39:34,Pepperoni Party,1,20.49,Large,Les Iconiques
2026-03-16 13:39:34,Beef and Cheddar,1,20.99,Large,Éditions Limitées
2026-03-16 13:45:41,Crispy Cannibale,1,20.99,Large,Les Originales
2026-03-16 13:45:41,Kebab and Spicy,1,15.99,Medium,Les Originales
2026-03-16 13:51:45,Super Veggie,1,20.49,Large,Les Gourmandes Veggies
2026-03-16 14:00:48,Pêcheur,1,21.99,XL,Les Grands Classiques
2026-03-16 14:00:48,Diavola Pepperoni,1,18.99,Large,Les Originales
2026-03-16 14:00:48,Cannibale,1,23.49,XL,Les Iconiques
2026-03-16 14:07:00,Chicken Delight,1,15.99,Medium,Les Originales
2026-03-16 14:47:48,Kebab and Spicy,1,21.99,XL,Les Originales
2026-03-16 14:55:57,Forestière,1,20.49,Large,Les Grands Classiques
2026-03-16 15:00:56,Ultimate Meat,1,17.99,Medium,Toujours Plus
2026-03-16 15:00:56,Forestière,1,23.49,XL,Les Grands Classiques
2026-03-16 15:00:56,Algérienne,1,15.99,Medium,Les Grands Classiques
2026-03-16 15:36:28,Kebab and Spicy,1,21.99,XL,Les Originales
2026-03-16 16:01:07,Peppina Vegan,1,19.99,Large,Les Vegans
2026-03-16 16:02:07,Rocket Veggie,1,15.99,Large,Les Gourmandes Veggies
2026-03-16 16:08:15,Pepperoni Party,1,20.49,Large,Les Iconiques
2026-03-16 16:08:15,Peppina,1,16.99,Medium,Les Gourmandes Veggies
2026-03-16 16:16:14,Rocket Veggie,1,15.99,Large,Les Gourmandes Veggies
2026-03-16 16:30:22,Chicken BBQ,1,18.99,Large,Les Grands Classiques
2026-03-16 16:30:22,Ultimate Meat,1,17.99,Medium,Toujours Plus
2026-03-16 16:30:22,Chèvre-Miel,1,21.99,XL,Les Iconiques
2026-03-16 16:47:29,Chicken Delight,1,15.99,Medium,Les Originales
2026-03-16 16:47:29,Pepperoni Party,1,20.49,Large,Les Iconiques
2026-03-16 16:47:29,Margherita,1,18.99,XL,Les Bons Plans
2026-03-16 16:47:41,Chicken BBQ,1,18.99,Large,Les Grands Classiques
2026-03-16 16:47:41,Cannibale,1,20.49,Large,Les Iconiques
2026-03-16 16:57:19,Ultimate Meat,1,17.99,Medium,Toujours Plus
2026-03-16 16:57:19,Indienne,1,18.99,Large,Les Grands Classiques
2026-03-16 16:57:19,Chèvre-Miel,1,21.99,XL,Les Iconiques
2026-03-16 16:57:19,Hawaïenne Jambon,1,14.99,Medium,Les Grands Classiques
2026-03-16 17:04:37,Chicken Delight,1,21.99,XL,Les Originales
2026-03-16 17:04:37,Chèvre-Miel,1,18.99,Large,Les Iconiques
2026-03-16 17:27:27,Urban Kebab,1,23.49,XL,Les Originales
2026-03-16 17:28:55,Extravaganzza,1,23.99,XL,Toujours Plus
2026-03-16 17:28:55,Pepperoni Party,1,23.49,XL,Les Iconiques
2026-03-16 17:28:55,Originale Pepperoni,1,12.99,Medium,Les Bons Plans
2026-03-16 17:28:55,Cheesy and Veggie,1,14.99,Medium,Les Gourmandes Veggies
2026-03-16 17:33:20,Divine 3 Fromages,1,21.99,XL,Éditions Limitées
2026-03-16 17:33:20,Urban Kebab,1,23.49,XL,Les Originales
2026-03-16 17:33:20,Peppina Vegan,1,19.99,Large,Les Vegans
2026-03-16 17:35:10,Super Veggie,1,20.49,Large,Les Gourmandes Veggies
2026-03-16 17:46:16,Chicken BBQ,1,18.99,Large,Les Grands Classiques
2026-03-16 17:46:16,Diavola Pepperoni,1,21.99,XL,Les Originales
2026-03-16 17:46:16,Originale Pepperoni,1,15.99,Large,Les Bons Plans
2026-03-16 17:46:16,Peppina Vegan,1,16.99,Medium,Les Vegans
2026-03-16 17:47:46,Margherita,1,18.99,XL,Les Bons Plans
2026-03-16 17:49:16,Chèvre-Miel,1,18.99,Large,Les Iconiques
2026-03-16 17:49:16,Hawaïenne Jambon,1,14.99,Medium,Les Grands Classiques
2026-03-16 18:16:34,Kebab and Spicy,1,21.99,XL,Les Originales
2026-03-16 18:21:03,Super Veggie,1,20.49,Large,Les Gourmandes Veggies
2026-03-16 18:21:03,Hawaïenne Poulet,1,20.99,XL,Les Grands Classiques
2026-03-16 18:25:34,Steak and Cheese,1,17.99,Large,Les Grands Classiques
2026-03-16 18:28:00,Kebab and Spicy,1,21.99,XL,Les Originales
2026-03-16 18:29:04,Chicken Delight,1,21.99,XL,Les Originales
2026-03-16 18:29:04,Chicken and Cheddar,1,17.49,Medium,Éditions Limitées
2026-03-16 18:30:50,Chicken BBQ,1,18.99,Large,Les Grands Classiques
2026-03-16 18:30:50,Diavola Pepperoni,1,15.99,Medium,Les Originales
2026-03-16 18:30:50,Steak and Cheese,1,20.99,XL,Les Grands Classiques
2026-03-16 18:33:20,Margherita,1,18.99,XL,Les Bons Plans
2026-03-16 18:33:20,Margherita,1,12.99,Medium,Les Bons Plans
2026-03-16 18:41:34,Pêcheur,1,15.99,Medium,Les Grands Classiques
2026-03-16 18:41:34,Originale Pepperoni,1,15.99,Large,Les Bons Plans
2026-03-16 18:41:34,Crispy Cannibale,1,17.99,Medium,Les Originales
2026-03-16 18:41:34,Hawaïenne Poulet,1,17.99,Large,Les Grands Classiques
2026-03-16 19:02:27,Divine 3 Fromages,1,21.99,XL,Éditions Limitées
2026-03-16 19:02:27,Forestière,1,20.49,Large,Les Grands Classiques
2026-03-16 19:02:27,Hawaïenne Poulet,1,14.99,Medium,Les Grands Classiques
2026-03-16 19:07:02,Kebab and Spicy,1,21.99,XL,Les Originales
2026-03-16 19:08:35,Ultimate Meat,1,17.99,Medium,Toujours Plus
2026-03-16 19:08:35,Diavola Haché au bœuf,1,18.99,Large,Les Originales
2026-03-16 19:08:35,Chèvre-Miel,1,21.99,XL,Les Iconiques
2026-03-16 19:08:35,Royale Veggie,1,21.99,XL,Les Gourmandes Veggies
2026-03-16 19:12:14,Urban Kebab,1,20.49,Large,Les Originales
2026-03-16 19:17:34,Steak and Cheese,1,17.99,Large,Les Grands Classiques
2026-03-16 19:27:52,Ultimate Meat,1,17.99,Medium,Toujours Plus
2026-03-16 19:27:52,Algérienne,1,15.99,Medium,Les Grands Classiques
2026-03-16 19:28:38,Indienne,1,21.99,XL,Les Grands Classiques
2026-03-16 19:28:38,Algérienne,1,21.99,XL,Les Grands Classiques
2026-03-16 19:47:28,Peppina,1,22.99,XL,Les Gourmandes Veggies
2026-03-16 19:51:03,Chicken Delight,1,15.99,Medium,Les Originales
2026-03-16 19:51:03,Pepperoni Party,1,23.49,XL,Les Iconiques
2026-03-16 20:29:39,Forestière,1,20.49,Large,Les Grands Classiques
2026-03-16 20:29:39,Pêcheur,1,18.99,Large,Les Grands Classiques
2026-03-16 20:29:39,Chicken and Cheddar,1,20.49,Large,Éditions Limitées
2026-03-16 21:13:23,Peppina Vegan,1,19.99,Large,Les Vegans
2026-03-16 22:47:49,Bacon Groovy,1,17.49,Medium,Les Iconiques
2026-03-16 22:47:49,Kebab and Spicy,1,21.99,XL,Les Originales
2026-03-16 22:47:49,Peppina Vegan,1,19.99,Large,Les Vegans
2026-03-17 11:40:42,Originale Pepperoni,1,12.99,Medium,Les Bons Plans
2026-03-17 11:40:42,Urban Kebab,1,23.49,XL,Les Originales
2026-03-17 11:40:42,Margherita,1,15.99,Large,Les Bons Plans
2026-03-17 11:43:47,Ultimate Meat,1,17.99,Medium,Toujours Plus
2026-03-17 11:43:47,Forestière,1,23.49,XL,Les Grands Classiques
2026-03-17 11:43:47,Margherita,1,12.99,Medium,Les Bons Plans
2026-03-17 11:43:47,Hawaïenne Poulet,1,14.99,Medium,Les Grands Classiques
2026-03-17 11:58:27,Forestière,1,17.49,Medium,Les Grands Classiques
2026-03-17 12:18:19,Pepperoni Party,1,20.49,Large,Les Iconiques
2026-03-17 12:33:23,Chicken BBQ,1,21.99,XL,Les Grands Classiques
2026-03-17 12:33:23,Pepperoni Party,1,20.49,Large,Les Iconiques
2026-03-17 12:56:00,Beef and Cheddar,1,17.99,Medium,Éditions Limitées
2026-03-17 12:59:34,Crispy Cannibale,1,20.99,Large,Les Originales
2026-03-17 13:03:10,Chicken BBQ,1,15.99,Medium,Les Grands Classiques
2026-03-17 13:03:10,Ultimate Meat,1,17.99,Medium,Toujours Plus
2026-03-17 13:03:10,Algérienne,1,21.99,XL,Les Grands Classiques
2026-03-17 13:03:10,Kebab and Spicy,1,21.99,XL,Les Originales
2026-03-17 13:13:09,Diavola Haché au bœuf,1,18.99,Large,Les Originales
2026-03-17 13:13:09,Super Veggie,1,17.49,Medium,Les Gourmandes Veggies
2026-03-17 13:13:09,Margherita,1,18.99,XL,Les Bons Plans
2026-03-17 13:13:09,Steak and Cheese,1,17.99,Large,Les Grands Classiques
2026-03-17 13:33:20,Ultimate Meat,1,17.99,Medium,Toujours Plus
2026-03-17 13:33:20,Indienne,1,18.99,Large,Les Grands Classiques
2026-03-17 13:33:20,Chèvre-Miel,1,21.99,XL,Les Iconiques
2026-03-17 13:33:20,Super Veggie,1,20.49,Large,Les Gourmandes Veggies
2026-03-17 13:33:20,Royale Veggie,1,21.99,XL,Les Gourmandes Veggies
2026-03-17 13:33:20,Pêcheur,1,21.99,XL,Les Grands Classiques
2026-03-17 13:33:20,Beef and Cheddar,1,20.99,Large,Éditions Limitées
2026-03-17 13:33:20,Algérienne,1,21.99,XL,Les Grands Classiques
2026-03-17 13:33:20,Margherita,1,15.99,Large,Les Bons Plans
2026-03-17 13:33:20,Hawaïenne Poulet,1,20.99,XL,Les Grands Classiques
2026-03-17 13:41:29,Chicken BBQ,1,18.99,Large,Les Grands Classiques
2026-03-17 13:46:18,Extravaganzza,1,17.99,Medium,Toujours Plus
2026-03-17 13:57:38,Chicken Delight,1,18.99,Large,Les Originales
2026-03-17 13:57:38,Extravaganzza,1,20.99,Large,Toujours Plus
2026-03-17 13:57:38,Chèvre-Miel,1,21.99,XL,Les Iconiques
2026-03-17 13:57:38,Hawaïenne Jambon,1,14.99,Medium,Les Grands Classiques
2026-03-17 13:57:38,Pepperoni Party,1,23.49,XL,Les Iconiques
2026-03-17 13:57:38,Pepperoni Party,1,17.49,Medium,Les Iconiques
2026-03-17 13:57:38,Royale Veggie,2,43.98,XL,Les Gourmandes Veggies
2026-03-17 13:57:38,Pêcheur,1,21.99,XL,Les Grands Classiques
2026-03-17 13:57:38,Crispy Cannibale,1,23.99,XL,Les Originales
2026-03-17 13:57:38,Urban Kebab,1,23.49,XL,Les Originales
2026-03-17 13:57:38,Urban Kebab,1,17.49,Medium,Les Originales
2026-03-17 13:57:38,Algérienne,1,15.99,Medium,Les Grands Classiques
2026-03-17 13:57:38,Steak and Cheese,1,20.99,XL,Les Grands Classiques
2026-03-17 13:57:38,Peppina Vegan,1,22.99,XL,Les Vegans
2026-03-17 14:14:26,Extravaganzza,2,35.98,Medium,Toujours Plus
2026-03-17 14:22:39,Chicken BBQ,1,18.99,Large,Les Grands Classiques
2026-03-17 14:22:39,Chicken and Cheddar,1,23.49,XL,Éditions Limitées
2026-03-17 14:30:10,Pepperoni Party,1,20.49,Large,Les Iconiques
2026-03-17 14:30:10,Rocket Veggie,1,18.99,XL,Les Gourmandes Veggies
2026-03-17 14:32:42,Indienne,1,18.99,Large,Les Grands Classiques
2026-03-17 14:41:19,Diavola Haché au bœuf,1,18.99,Large,Les Originales
2026-03-17 14:41:19,Chicken Delight,1,15.99,Medium,Les Originales
2026-03-17 14:41:19,Algérienne,1,21.99,XL,Les Grands Classiques
2026-03-17 14:41:19,Margherita,1,15.99,Large,Les Bons Plans
2026-03-17 14:57:23,Extravaganzza,1,23.99,XL,Toujours Plus
2026-03-17 14:57:23,Chèvre-Miel,1,21.99,XL,Les Iconiques
2026-03-17 14:57:23,Hawaïenne Jambon,1,20.99,XL,Les Grands Classiques
2026-03-17 14:57:23,Forestière,1,23.49,XL,Les Grands Classiques
2026-03-17 15:26:41,Urban Kebab,1,17.49,Medium,Les Originales
2026-03-17 15:26:41,Hawaïenne Poulet,1,20.99,XL,Les Grands Classiques
2026-03-17 15:35:21,Pêcheur,1,15.99,Medium,Les Grands Classiques
2026-03-17 15:38:00,Chicken Delight,1,18.99,Large,Les Originales
2026-03-17 15:38:00,Pepperoni Party,1,20.49,Large,Les Iconiques
2026-03-17 15:48:20,Chicken BBQ,1,18.99,Large,Les Grands Classiques
2026-03-17 15:48:20,Beef and Cheddar,1,17.99,Medium,Éditions Limitées
2026-03-17 16:05:41,Beef and Cheddar,1,17.99,Medium,Éditions Limitées
2026-03-17 16:05:41,Margherita,1,18.99,XL,Les Bons Plans
2026-03-17 16:07:40,Kebab and Spicy,1,21.99,XL,Les Originales
2026-03-17 16:07:40,Peppina Vegan,1,16.99,Medium,Les Vegans
2026-03-17 16:09:57,Hawaïenne Jambon,1,17.99,Large,Les Grands Classiques
2026-03-17 16:09:57,Kebab and Spicy,1,21.99,XL,Les Originales
2026-03-17 16:15:33,Chicken BBQ,1,21.99,XL,Les Grands Classiques
2026-03-17 16:15:33,Hawaïenne Jambon,1,20.99,XL,Les Grands Classiques
2026-03-17 16:15:33,Pepperoni Party,1,20.49,Large,Les Iconiques
2026-03-17 16:15:33,Crispy Cannibale,1,23.99,XL,Les Originales
2026-03-17 16:17:25,Urban Kebab,1,17.49,Medium,Les Originales
2026-03-17 16:22:45,Bacon Groovy,1,23.49,XL,Les Iconiques
2026-03-17 16:22:45,Steak and Cheese,1,20.99,XL,Les Grands Classiques
2026-03-17 16:33:13,Peppina,1,22.99,XL,Les Gourmandes Veggies
2026-03-17 16:33:13,Urban Kebab,1,23.49,XL,Les Originales
2026-03-17 16:45:03,Chicken BBQ,1,18.99,Large,Les Grands Classiques
2026-03-17 16:45:03,Hawaïenne Poulet,1,17.99,Large,Les Grands Classiques
2026-03-17 16:48:42,Bacon Groovy,1,17.49,Medium,Les Iconiques
2026-03-17 16:48:42,Chèvre-Miel,1,18.99,Large,Les Iconiques
2026-03-17 16:48:42,Hawaïenne Jambon,1,14.99,Medium,Les Grands Classiques
2026-03-17 16:50:12,Rocket Veggie,1,12.99,Medium,Les Gourmandes Veggies
2026-03-17 16:50:12,Diavola Pepperoni,1,15.99,Medium,Les Originales
2026-03-17 17:03:36,Peppina,1,16.99,Medium,Les Gourmandes Veggies
2026-03-17 17:03:36,Originale Pepperoni,1,15.99,Large,Les Bons Plans
2026-03-17 17:04:25,Divine 3 Fromages,1,21.99,XL,Éditions Limitées
2026-03-17 17:04:25,Hawaïenne Poulet,1,20.99,XL,Les Grands Classiques
2026-03-17 17:17:44,Chicken BBQ,1,18.99,Large,Les Grands Classiques
2026-03-17 17:17:44,Chèvre-Miel,1,21.99,XL,Les Iconiques
2026-03-17 17:17:44,Hawaïenne Jambon,1,14.99,Medium,Les Grands Classiques
2026-03-17 17:18:34,Extravaganzza,1,20.99,Large,Toujours Plus
2026-03-17 17:18:34,Hawaïenne Jambon,1,20.99,XL,Les Grands Classiques
2026-03-17 17:18:34,Cannibale,1,20.49,Large,Les Iconiques
2026-03-17 17:25:02,Chicken BBQ,1,21.99,XL,Les Grands Classiques
2026-03-17 17:25:02,Cheesy and Veggie,1,20.99,XL,Les Gourmandes Veggies
2026-03-17 17:25:02,Peppina Vegan,1,19.99,Large,Les Vegans
2026-03-17 17:27:45,Royale Veggie,1,21.99,XL,Les Gourmandes Veggies
2026-03-17 17:27:45,Cheesy and Veggie,1,14.99,Medium,Les Gourmandes Veggies
2026-03-17 17:29:30,Originale Pepperoni,1,12.99,Medium,Les Bons Plans
2026-03-17 17:54:33,Divine 3 Fromages,1,21.99,XL,Éditions Limitées
2026-03-17 17:54:33,Chèvre-Miel,1,21.99,XL,Les Iconiques
2026-03-17 17:54:33,Peppina,1,19.99,Large,Les Gourmandes Veggies
2026-03-17 17:54:33,Crispy Cannibale,1,23.99,XL,Les Originales
2026-03-17 17:57:13,Extravaganzza,1,23.99,XL,Toujours Plus
2026-03-17 17:57:13,Pepperoni Party,1,23.49,XL,Les Iconiques
2026-03-17 17:57:13,Algérienne,1,18.99,Large,Les Grands Classiques
2026-03-17 18:05:39,Cheesy and Veggie,1,20.99,XL,Les Gourmandes Veggies
2026-03-17 18:05:39,Cheesy and Veggie,1,14.99,Medium,Les Gourmandes Veggies
2026-03-17 18:20:51,Chicken Delight,1,18.99,Large,Les Originales
2026-03-17 18:20:51,Chèvre-Miel,1,18.99,Large,Les Iconiques
2026-03-17 18:20:51,Hawaïenne Jambon,1,20.99,XL,Les Grands Classiques
2026-03-17 18:20:51,Crispy Cannibale,1,20.99,Large,Les Originales
2026-03-17 18:29:17,Ultimate Meat,1,17.99,Medium,Toujours Plus
2026-03-17 18:29:17,Cannibale,1,23.49,XL,Les Iconiques
2026-03-17 18:35:13,Urban Kebab,1,20.49,Large,Les Originales
2026-03-17 18:35:13,Algérienne,1,21.99,XL,Les Grands Classiques
2026-03-17 18:59:02,Hawaïenne Jambon,1,17.99,Large,Les Grands Classiques
2026-03-17 19:00:53,Chicken BBQ,1,15.99,Medium,Les Grands Classiques
2026-03-17 19:06:28,Indienne,1,18.99,Large,Les Grands Classiques
2026-03-17 19:06:28,Chicken and Cheddar,1,17.49,Medium,Éditions Limitées
2026-03-17 19:13:55,Cannibale,1,20.49,Large,Les Iconiques
2026-03-17 19:18:13,Bacon Groovy,1,17.49,Medium,Les Iconiques
2026-03-17 19:18:13,Diavola Pepperoni,1,18.99,Large,Les Originales
2026-03-17 19:18:13,Algérienne,1,15.99,Medium,Les Grands Classiques
2026-03-17 19:18:43,Diavola Pepperoni,1,21.99,XL,Les Originales
2026-03-17 19:18:43,Margherita,1,18.99,XL,Les Bons Plans
2026-03-17 19:18:43,Peppina Vegan,1,16.99,Medium,Les Vegans
2026-03-17 19:21:11,Ultimate Meat,1,17.99,Medium,Toujours Plus
2026-03-17 19:27:52,Extravaganzza,1,23.99,XL,Toujours Plus
2026-03-17 19:34:54,Crispy Cannibale,1,20.99,Large,Les Originales
2026-03-17 19:34:54,Cannibale,1,17.49,Medium,Les Iconiques
2026-03-17 19:35:19,Ultimate Meat,1,17.99,Medium,Toujours Plus
2026-03-17 19:35:19,Super Veggie,1,17.49,Medium,Les Gourmandes Veggies
2026-03-17 19:35:19,Originale Pepperoni,1,15.99,Large,Les Bons Plans
2026-03-17 19:35:19,Margherita,1,12.99,Medium,Les Bons Plans
2026-03-17 19:37:48,Rocket Veggie,1,18.99,XL,Les Gourmandes Veggies
2026-03-17 19:37:48,Cannibale,1,20.49,Large,Les Iconiques
2026-03-17 19:49:58,Ultimate Meat,1,17.99,Medium,Toujours Plus
2026-03-17 19:49:58,Pepperoni Party,1,23.49,XL,Les Iconiques
2026-03-17 19:49:58,Originale Pepperoni,1,15.99,Large,Les Bons Plans
2026-03-17 19:49:58,Chicken and Cheddar,1,17.49,Medium,Éditions Limitées
2026-03-17 19:50:37,Chèvre-Miel,1,21.99,XL,Les Iconiques
2026-03-17 19:50:37,Originale Pepperoni,1,12.99,Medium,Les Bons Plans
2026-03-17 19:53:48,Chicken BBQ,1,15.99,Medium,Les Grands Classiques
2026-03-17 19:53:48,Steak and Cheese,1,20.99,XL,Les Grands Classiques
2026-03-17 19:58:25,Hawaïenne Jambon,1,20.99,XL,Les Grands Classiques
2026-03-17 20:12:16,Chicken BBQ,1,21.99,XL,Les Grands Classiques
2026-03-17 20:12:16,Originale Pepperoni,1,15.99,Large,Les Bons Plans
2026-03-17 20:24:54,Chicken Delight,1,21.99,XL,Les Originales
2026-03-17 20:24:54,Urban Kebab,1,23.49,XL,Les Originales
2026-03-17 20:24:54,Kebab and Spicy,1,15.99,Medium,Les Originales
2026-03-17 20:25:53,Divine 3 Fromages,1,21.99,XL,Éditions Limitées
2026-03-17 20:25:53,Royale Veggie,1,21.99,XL,Les Gourmandes Veggies
2026-03-17 20:25:53,Hawaïenne Poulet,1,14.99,Medium,Les Grands Classiques
2026-03-17 20:25:53,Steak and Cheese,1,17.99,Large,Les Grands Classiques
2026-03-17 20:45:20,Forestière,1,23.49,XL,Les Grands Classiques
2026-03-17 20:45:20,Urban Kebab,1,20.49,Large,Les Originales
2026-03-17 20:45:20,Margherita,1,15.99,Large,Les Bons Plans
2026-03-17 20:49:48,Chèvre-Miel,1,21.99,XL,Les Iconiques
2026-03-17 21:06:40,Chèvre-Miel,1,21.99,XL,Les Iconiques
2026-03-17 21:09:17,Crispy Cannibale,1,23.99,XL,Les Originales
2026-03-17 21:09:17,Chicken and Cheddar,1,23.49,XL,Éditions Limitées
2026-03-17 21:31:30,Chicken BBQ,1,21.99,XL,Les Grands Classiques
2026-03-17 21:31:30,Ultimate Meat,1,17.99,Medium,Toujours Plus
2026-03-17 21:31:30,Kebab and Spicy,2,31.98,Medium,Les Originales
2026-03-17 21:34:31,Pepperoni Party,1,23.49,XL,Les Iconiques
2026-03-17 21:34:31,Diavola Pepperoni,1,18.99,Large,Les Originales
2026-03-17 21:58:59,Royale Veggie,1,18.99,Large,Les Gourmandes Veggies
2026-03-17 21:58:59,Cannibale,1,23.49,XL,Les Iconiques
2026-03-18 11:34:26,Chicken Delight,1,18.99,Large,Les Originales
2026-03-18 11:34:26,Steak and Cheese,1,20.99,XL,Les Grands Classiques
2026-03-18 11:37:55,Margherita,1,15.99,Large,Les Bons Plans
2026-03-18 12:06:46,4 Fromages,1,17.49,Medium,Les Iconiques
2026-03-18 12:06:46,Peppina,1,16.99,Medium,Les Gourmandes Veggies
2026-03-18 12:08:52,Peppina,1,19.99,Large,Les Gourmandes Veggies
2026-03-18 12:08:52,Diavola Pepperoni,1,21.99,XL,Les Originales
2026-03-18 12:08:52,Crispy Cannibale,2,41.98,Large,Les Originales
2026-03-18 12:09:38,Ultimate Meat,1,17.99,Medium,Toujours Plus
2026-03-18 12:12:52,Bacon Groovy,1,23.49,XL,Les Iconiques
2026-03-18 12:12:52,Crispy Cannibale,1,23.99,XL,Les Originales
2026-03-18 12:12:58,Steak and Cheese,1,17.99,Large,Les Grands Classiques
2026-03-18 12:29:44,Extravaganzza,1,20.99,Large,Toujours Plus
2026-03-18 12:29:44,Originale Pepperoni,1,12.99,Medium,Les Bons Plans
2026-03-18 12:29:44,Kebab and Spicy,1,21.99,XL,Les Originales
2026-03-18 12:29:44,Peppina Vegan,1,22.99,XL,Les Vegans
2026-03-18 12:31:00,Crispy Cannibale,1,17.99,Medium,Les Originales
2026-03-18 12:45:18,Chicken BBQ,1,15.99,Medium,Les Grands Classiques
2026-03-18 12:45:18,Hawaïenne Poulet,1,20.99,XL,Les Grands Classiques
2026-03-18 12:48:02,Chicken BBQ,1,18.99,Large,Les Grands Classiques
2026-03-18 12:50:24,Peppina,1,19.99,Large,Les Gourmandes Veggies
2026-03-18 12:50:24,Algérienne,1,18.99,Large,Les Grands Classiques
2026-03-18 12:50:30,Bacon Groovy,1,20.49,Large,Les Iconiques
2026-03-18 12:53:36,Diavola Pepperoni,1,18.99,Large,Les Originales
2026-03-18 13:07:53,Hawaïenne Jambon,1,20.99,XL,Les Grands Classiques
2026-03-18 13:07:53,Hawaïenne Jambon,1,14.99,Medium,Les Grands Classiques
2026-03-18 13:07:53,Peppina,1,19.99,Large,Les Gourmandes Veggies
2026-03-18 13:07:53,Crispy Cannibale,2,47.98,XL,Les Originales
2026-03-18 13:07:53,Algérienne,1,21.99,XL,Les Grands Classiques
2026-03-18 13:07:53,Kebab and Spicy,1,21.99,XL,Les Originales
2026-03-18 13:07:53,Kebab and Spicy,1,15.99,Medium,Les Originales
2026-03-18 13:07:53,Hawaïenne Poulet,1,20.99,XL,Les Grands Classiques
2026-03-18 13:09:57,Peppina,1,19.99,Large,Les Gourmandes Veggies
2026-03-18 13:09:57,Algérienne,1,21.99,XL,Les Grands Classiques
2026-03-18 13:24:33,Extravaganzza,1,17.99,Medium,Toujours Plus
2026-03-18 13:25:12,Steak and Cheese,1,20.99,XL,Les Grands Classiques
2026-03-18 13:26:03,Chicken Delight,1,21.99,XL,Les Originales
2026-03-18 13:33:58,Extravaganzza,1,17.99,Medium,Toujours Plus
2026-03-18 13:33:58,Royale Veggie,1,21.99,XL,Les Gourmandes Veggies
2026-03-18 13:33:58,Kebab and Spicy,1,21.99,XL,Les Originales
2026-03-18 13:37:16,Chicken BBQ,1,21.99,XL,Les Grands Classiques
2026-03-18 13:45:29,Pêcheur,1,18.99,Large,Les Grands Classiques
2026-03-18 13:45:29,Cannibale,1,20.49,Large,Les Iconiques
2026-03-18 14:03:10,Hawaïenne Jambon,1,14.99,Medium,Les Grands Classiques
2026-03-18 14:03:10,Rocket Veggie,1,12.99,Medium,Les Gourmandes Veggies
2026-03-18 14:03:10,Peppina Vegan,1,19.99,Large,Les Vegans
2026-03-18 14:15:58,Pêcheur,1,21.99,XL,Les Grands Classiques
2026-03-18 14:22:15,Diavola Haché au bœuf,1,15.99,Medium,Les Originales
2026-03-18 14:22:15,Peppina Vegan,1,22.99,XL,Les Vegans
2026-03-18 14:59:13,Diavola Haché au bœuf,1,18.99,Large,Les Originales
2026-03-18 14:59:13,Extravaganzza,1,17.99,Medium,Toujours Plus
2026-03-18 14:59:13,Chicken and Cheddar,1,20.49,Large,Éditions Limitées
2026-03-18 15:44:50,Ultimate Meat,1,17.99,Medium,Toujours Plus
2026-03-18 15:44:50,Originale Pepperoni,1,12.99,Medium,Les Bons Plans
2026-03-18 16:19:49,Chicken BBQ,1,21.99,XL,Les Grands Classiques
2026-03-18 16:19:49,Hawaïenne Poulet,1,20.99,XL,Les Grands Classiques
2026-03-18 16:27:52,Chicken BBQ,1,18.99,Large,Les Grands Classiques
2026-03-18 16:27:52,Chèvre-Miel,1,21.99,XL,Les Iconiques
2026-03-18 17:02:20,Cannibale,1,17.49,Medium,Les Iconiques
2026-03-18 17:13:04,Hawaïenne Jambon,1,20.99,XL,Les Grands Classiques
2026-03-18 17:23:10,Chicken BBQ,1,15.99,Medium,Les Grands Classiques
2026-03-18 17:23:10,Cannibale,1,17.49,Medium,Les Iconiques
2026-03-18 17:24:44,Chicken Delight,1,18.99,Large,Les Originales
2026-03-18 17:24:44,Divine 3 Fromages,1,21.99,XL,Éditions Limitées
2026-03-18 17:24:44,Hawaïenne Poulet,2,29.98,Medium,Les Grands Classiques
2026-03-18 17:27:06,Chicken and Cheddar,1,17.49,Medium,Éditions Limitées
2026-03-18 17:27:18,Hawaïenne Jambon,1,20.99,XL,Les Grands Classiques
2026-03-18 17:27:18,Peppina Vegan,1,19.99,Large,Les Vegans
2026-03-18 17:30:49,Chicken Delight,1,21.99,XL,Les Originales
2026-03-18 17:30:49,Super Veggie,1,20.49,Large,Les Gourmandes Veggies
2026-03-18 17:30:49,Kebab and Spicy,1,21.99,XL,Les Originales
2026-03-18 17:30:49,Hawaïenne Poulet,1,20.99,XL,Les Grands Classiques
2026-03-18 17:51:20,Hawaïenne Poulet,1,14.99,Medium,Les Grands Classiques
2026-03-18 17:59:02,Chicken BBQ,1,18.99,Large,Les Grands Classiques
2026-03-18 17:59:02,Hawaïenne Jambon,1,17.99,Large,Les Grands Classiques
2026-03-18 18:04:32,Bacon Groovy,1,20.49,Large,Les Iconiques
2026-03-18 18:04:32,Kebab and Spicy,1,15.99,Medium,Les Originales
2026-03-18 18:11:13,Hawaïenne Jambon,1,17.99,Large,Les Grands Classiques
2026-03-18 18:11:13,Hawaïenne Jambon,1,14.99,Medium,Les Grands Classiques
2026-03-18 18:11:13,Rocket Veggie,2,37.98,XL,Les Gourmandes Veggies
2026-03-18 18:15:20,Algérienne,1,21.99,XL,Les Grands Classiques
2026-03-18 18:27:57,4 Fromages,1,17.49,Medium,Les Iconiques
2026-03-18 18:27:57,Extravaganzza,1,20.99,Large,Toujours Plus
2026-03-18 18:27:57,Urban Kebab,1,20.49,Large,Les Originales
2026-03-18 18:37:23,Ultimate Meat,1,17.99,Medium,Toujours Plus
2026-03-18 18:37:23,Rocket Veggie,1,18.99,XL,Les Gourmandes Veggies
2026-03-18 18:55:30,Crispy Cannibale,1,23.99,XL,Les Originales
2026-03-18 18:55:30,Margherita,1,15.99,Large,Les Bons Plans
2026-03-18 19:00:56,Super Veggie,1,17.49,Medium,Les Gourmandes Veggies
2026-03-18 19:01:59,Margherita,1,15.99,Large,Les Bons Plans
2026-03-18 19:30:25,Super Veggie,1,23.49,XL,Les Gourmandes Veggies
2026-03-18 19:30:25,Steak and Cheese,1,17.99,Large,Les Grands Classiques
2026-03-18 19:43:01,Ultimate Meat,1,17.99,Medium,Toujours Plus
2026-03-18 19:57:35,Ultimate Meat,1,17.99,Medium,Toujours Plus
2026-03-18 19:57:35,Hawaïenne Jambon,1,20.99,XL,Les Grands Classiques
2026-03-18 19:57:35,Cheesy and Veggie,1,17.99,Large,Les Gourmandes Veggies
2026-03-18 19:57:35,Chicken and Cheddar,1,20.49,Large,Éditions Limitées
2026-03-18 20:03:05,Chicken BBQ,1,21.99,XL,Les Grands Classiques
2026-03-18 20:03:05,Kebab and Spicy,1,21.99,XL,Les Originales
2026-03-18 20:04:42,Extravaganzza,1,23.99,XL,Toujours Plus
2026-03-18 20:04:42,Pepperoni Party,1,23.49,XL,Les Iconiques
2026-03-18 20:04:42,Diavola Pepperoni,1,15.99,Medium,Les Originales
2026-03-18 20:04:42,Beef and Cheddar,1,17.99,Medium,Éditions Limitées
2026-03-18 20:05:46,Steak and Cheese,1,20.99,XL,Les Grands Classiques
2026-03-18 20:08:10,Peppina Vegan,1,16.99,Medium,Les Vegans
2026-03-18 20:19:08,Kebab and Spicy,1,21.99,XL,Les Originales
2026-03-18 20:41:38,Pêcheur,1,21.99,XL,Les Grands Classiques
2026-03-18 20:42:12,Chèvre-Miel,1,18.99,Large,Les Iconiques
2026-03-18 20:42:12,Originale Pepperoni,1,18.99,XL,Les Bons Plans
2026-03-18 20:45:48,4 Fromages,1,17.49,Medium,Les Iconiques
2026-03-18 20:45:48,Hawaïenne Jambon,1,20.99,XL,Les Grands Classiques
2026-03-18 20:45:48,Hawaïenne Poulet,1,17.99,Large,Les Grands Classiques
2026-03-18 21:05:40,Urban Kebab,1,23.49,XL,Les Originales
2026-03-18 21:13:49,Urban Kebab,1,20.49,Large,Les Originales
2026-03-18 21:35:26,Forestière,1,23.49,XL,Les Grands Classiques
2026-03-18 22:27:51,Divine 3 Fromages,1,21.99,XL,Éditions Limitées
2026-03-18 22:28:11,Chicken BBQ,1,21.99,XL,Les Grands Classiques
2026-03-18 22:28:11,Extravaganzza,1,20.99,Large,Toujours Plus
2026-03-18 22:28:11,Hawaïenne Jambon,1,20.99,XL,Les Grands Classiques
2026-03-19 11:24:09,Chicken BBQ,1,15.99,Medium,Les Grands Classiques
2026-03-19 11:24:09,Indienne,1,18.99,Large,Les Grands Classiques
2026-03-19 11:24:09,Beef and Cheddar,1,23.99,XL,Éditions Limitées
2026-03-19 11:24:09,Hawaïenne Poulet,1,20.99,XL,Les Grands Classiques
2026-03-19 11:24:09,Steak and Cheese,1,17.99,Large,Les Grands Classiques
2026-03-19 11:27:07,4 Fromages,1,17.49,Medium,Les Iconiques
2026-03-19 11:27:07,Peppina,1,19.99,Large,Les Gourmandes Veggies
2026-03-19 11:31:04,Crispy Cannibale,1,20.99,Large,Les Originales
2026-03-19 11:40:23,Chicken and Cheddar,1,17.49,Medium,Éditions Limitées
2026-03-19 11:40:57,Pepperoni Party,1,20.49,Large,Les Iconiques
2026-03-19 11:40:57,Pêcheur,1,21.99,XL,Les Grands Classiques
2026-03-19 11:45:56,Indienne,1,18.99,Large,Les Grands Classiques
2026-03-19 11:45:56,Extravaganzza,1,17.99,Medium,Toujours Plus
2026-03-19 11:45:56,Pepperoni Party,1,20.49,Large,Les Iconiques
2026-03-19 11:45:56,Peppina,1,19.99,Large,Les Gourmandes Veggies
2026-03-19 12:02:16,Crispy Cannibale,1,23.99,XL,Les Originales
2026-03-19 12:20:14,Originale Pepperoni,1,15.99,Large,Les Bons Plans
2026-03-19 12:26:04,Chicken Delight,1,21.99,XL,Les Originales
2026-03-19 12:26:04,Bacon Groovy,1,20.49,Large,Les Iconiques
2026-03-19 12:26:04,Extravaganzza,1,23.99,XL,Toujours Plus
2026-03-19 12:26:04,Extravaganzza,1,20.99,Large,Toujours Plus
2026-03-19 12:26:04,Royale Veggie,1,21.99,XL,Les Gourmandes Veggies
2026-03-19 12:26:04,Originale Pepperoni,1,12.99,Medium,Les Bons Plans
2026-03-19 12:26:04,Beef and Cheddar,1,20.99,Large,Éditions Limitées
2026-03-19 12:26:04,Beef and Cheddar,1,17.99,Medium,Éditions Limitées
2026-03-19 12:26:04,Kebab and Spicy,1,15.99,Medium,Les Originales
2026-03-19 12:26:04,Hawaïenne Poulet,2,29.98,Medium,Les Grands Classiques
2026-03-19 12:26:04,Steak and Cheese,1,14.99,Medium,Les Grands Classiques
2026-03-19 12:27:44,Margherita,1,15.99,Large,Les Bons Plans
2026-03-19 12:57:29,Margherita,1,12.99,Medium,Les Bons Plans
2026-03-19 13:02:47,Hawaïenne Jambon,1,14.99,Medium,Les Grands Classiques
2026-03-19 13:04:55,Diavola Haché au bœuf,1,15.99,Medium,Les Originales
2026-03-19 13:04:55,Margherita,1,12.99,Medium,Les Bons Plans
2026-03-19 13:06:44,Margherita,1,18.99,XL,Les Bons Plans
2026-03-19 13:14:22,Chicken BBQ,1,21.99,XL,Les Grands Classiques
2026-03-19 13:14:22,Ultimate Meat,1,17.99,Medium,Toujours Plus
2026-03-19 13:14:22,Extravaganzza,1,23.99,XL,Toujours Plus
2026-03-19 13:14:22,Chèvre-Miel,1,21.99,XL,Les Iconiques
2026-03-19 13:18:06,Originale Pepperoni,1,18.99,XL,Les Bons Plans
2026-03-19 13:21:51,Indienne,1,21.99,XL,Les Grands Classiques
2026-03-19 13:21:51,Originale Pepperoni,1,12.99,Medium,Les Bons Plans
2026-03-19 13:21:51,Peppina Vegan,1,22.99,XL,Les Vegans
2026-03-19 13:37:11,Crispy Cannibale,1,17.99,Medium,Les Originales
2026-03-19 13:39:12,Pepperoni Party,1,23.49,XL,Les Iconiques
2026-03-19 13:39:12,Pepperoni Party,1,20.49,Large,Les Iconiques
2026-03-19 13:39:12,Originale Pepperoni,1,18.99,XL,Les Bons Plans
2026-03-19 13:39:12,Chicken and Cheddar,1,20.49,Large,Éditions Limitées
2026-03-19 14:31:45,Pêcheur,1,18.99,Large,Les Grands Classiques
2026-03-19 14:31:45,Peppina Vegan,1,22.99,XL,Les Vegans
2026-03-19 14:41:44,Chicken BBQ,1,21.99,XL,Les Grands Classiques
2026-03-19 14:41:44,Chicken BBQ,1,18.99,Large,Les Grands Classiques
2026-03-19 14:41:44,Ultimate Meat,1,17.99,Medium,Toujours Plus
2026-03-19 14:41:44,4 Fromages,1,17.49,Medium,Les Iconiques
2026-03-19 14:41:44,Super Veggie,1,17.49,Medium,Les Gourmandes Veggies
2026-03-19 14:41:44,Hawaïenne Jambon,1,14.99,Medium,Les Grands Classiques
2026-03-19 14:41:44,Diavola Pepperoni,1,18.99,Large,Les Originales
2026-03-19 14:41:44,Crispy Cannibale,1,17.99,Medium,Les Originales
2026-03-19 14:41:44,Urban Kebab,1,20.49,Large,Les Originales
2026-03-19 14:41:44,Beef and Cheddar,1,23.99,XL,Éditions Limitées
2026-03-19 14:41:44,Algérienne,1,15.99,Medium,Les Grands Classiques
2026-03-19 14:41:44,Hawaïenne Poulet,1,20.99,XL,Les Grands Classiques
2026-03-19 14:41:44,Steak and Cheese,1,20.99,XL,Les Grands Classiques
2026-03-19 14:59:35,Cannibale,1,23.49,XL,Les Iconiques
2026-03-19 15:42:30,Chicken BBQ,1,21.99,XL,Les Grands Classiques
2026-03-19 15:42:30,Indienne,1,18.99,Large,Les Grands Classiques
2026-03-19 15:42:30,Cannibale,1,17.49,Medium,Les Iconiques
2026-03-19 15:42:30,Hawaïenne Poulet,1,20.99,XL,Les Grands Classiques
2026-03-19 15:45:01,Chicken Delight,1,18.99,Large,Les Originales
2026-03-19 16:04:23,Extravaganzza,1,17.99,Medium,Toujours Plus
2026-03-19 16:04:23,Crispy Cannibale,1,23.99,XL,Les Originales
2026-03-19 16:16:31,Hawaïenne Jambon,1,14.99,Medium,Les Grands Classiques
2026-03-19 16:16:31,Royale Veggie,1,21.99,XL,Les Gourmandes Veggies
2026-03-19 16:16:31,Crispy Cannibale,1,17.99,Medium,Les Originales
2026-03-19 16:24:30,Hawaïenne Jambon,1,14.99,Medium,Les Grands Classiques
2026-03-19 16:24:30,Urban Kebab,1,20.49,Large,Les Originales
2026-03-19 16:51:19,Chicken BBQ,1,21.99,XL,Les Grands Classiques
2026-03-19 16:51:19,Extravaganzza,1,20.99,Large,Toujours Plus
2026-03-19 16:51:19,Hawaïenne Jambon,1,14.99,Medium,Les Grands Classiques
2026-03-19 16:51:19,Kebab and Spicy,1,21.99,XL,Les Originales
2026-03-19 17:20:17,Pepperoni Party,1,20.49,Large,Les Iconiques
2026-03-19 17:20:17,Margherita,1,12.99,Medium,Les Bons Plans
2026-03-19 17:25:31,Ultimate Meat,1,17.99,Medium,Toujours Plus
2026-03-19 17:25:31,Forestière,1,20.49,Large,Les Grands Classiques
2026-03-19 17:28:29,Cheesy and Veggie,1,20.99,XL,Les Gourmandes Veggies
2026-03-19 17:44:39,Forestière,1,23.49,XL,Les Grands Classiques
2026-03-19 17:44:39,Pêcheur,1,15.99,Medium,Les Grands Classiques
2026-03-19 17:44:39,Crispy Cannibale,1,20.99,Large,Les Originales
2026-03-19 17:45:58,Ultimate Meat,1,17.99,Medium,Toujours Plus
2026-03-19 17:45:58,Extravaganzza,1,17.99,Medium,Toujours Plus
2026-03-19 17:58:30,Pepperoni Party,1,23.49,XL,Les Iconiques
2026-03-19 17:58:30,Cannibale,1,17.49,Medium,Les Iconiques
2026-03-19 18:04:27,Indienne,1,21.99,XL,Les Grands Classiques
2026-03-19 18:04:27,Cheesy and Veggie,1,20.99,XL,Les Gourmandes Veggies
2026-03-19 18:18:28,Urban Kebab,1,17.49,Medium,Les Originales
2026-03-19 18:18:28,Algérienne,1,18.99,Large,Les Grands Classiques
2026-03-19 18:19:16,Divine 3 Fromages,1,21.99,XL,Éditions Limitées
2026-03-19 18:19:16,Chèvre-Miel,1,21.99,XL,Les Iconiques
2026-03-19 18:19:16,Forestière,1,17.49,Medium,Les Grands Classiques
2026-03-19 18:35:46,Bacon Groovy,1,23.49,XL,Les Iconiques
2026-03-19 18:37:11,Chicken Delight,1,21.99,XL,Les Originales
2026-03-19 18:37:11,Royale Veggie,1,21.99,XL,Les Gourmandes Veggies
2026-03-19 19:05:06,Chicken Delight,1,15.99,Medium,Les Originales
2026-03-19 19:05:06,Bacon Groovy,1,23.49,XL,Les Iconiques
2026-03-19 19:05:06,Rocket Veggie,1,12.99,Medium,Les Gourmandes Veggies
2026-03-19 19:05:06,Royale Veggie,1,21.99,XL,Les Gourmandes Veggies
2026-03-19 19:11:53,Urban Kebab,1,20.49,Large,Les Originales
2026-03-19 19:11:53,Algérienne,1,21.99,XL,Les Grands Classiques
2026-03-19 19:18:36,Rocket Veggie,1,15.99,Large,Les Gourmandes Veggies
2026-03-19 19:18:36,Diavola Pepperoni,1,21.99,XL,Les Originales
2026-03-19 19:18:36,Urban Kebab,1,17.49,Medium,Les Originales
2026-03-19 19:18:36,Hawaïenne Poulet,1,20.99,XL,Les Grands Classiques
2026-03-19 19:21:02,Chicken BBQ,1,21.99,XL,Les Grands Classiques
2026-03-19 19:21:02,Ultimate Meat,1,17.99,Medium,Toujours Plus
2026-03-19 19:21:02,Extravaganzza,1,20.99,Large,Toujours Plus
2026-03-19 19:21:02,Chèvre-Miel,1,18.99,Large,Les Iconiques
2026-03-19 19:22:44,Diavola Haché au bœuf,1,21.99,XL,Les Originales
2026-03-19 19:22:44,Pepperoni Party,1,23.49,XL,Les Iconiques
2026-03-19 19:22:44,Crispy Cannibale,1,20.99,Large,Les Originales
2026-03-19 19:36:47,Chicken Delight,1,18.99,Large,Les Originales
2026-03-19 19:36:47,Super Veggie,1,17.49,Medium,Les Gourmandes Veggies
2026-03-19 19:40:10,Peppina,1,16.99,Medium,Les Gourmandes Veggies
2026-03-19 19:40:10,Beef and Cheddar,1,23.99,XL,Éditions Limitées
2026-03-19 19:43:03,Divine 3 Fromages,1,21.99,XL,Éditions Limitées
2026-03-19 19:48:15,Bacon Groovy,1,20.49,Large,Les Iconiques
2026-03-19 19:48:15,Extravaganzza,1,23.99,XL,Toujours Plus
2026-03-19 19:55:20,Chicken BBQ,1,18.99,Large,Les Grands Classiques
2026-03-19 19:55:20,Chèvre-Miel,1,18.99,Large,Les Iconiques
2026-03-19 19:55:20,Beef and Cheddar,1,20.99,Large,Éditions Limitées
2026-03-19 19:55:20,Chicken and Cheddar,1,23.49,XL,Éditions Limitées
2026-03-19 19:57:11,Cannibale,1,20.49,Large,Les Iconiques
2026-03-19 19:57:11,Algérienne,1,18.99,Large,Les Grands Classiques
2026-03-19 20:16:45,Indienne,1,18.99,Large,Les Grands Classiques
2026-03-19 20:16:45,Pepperoni Party,1,20.49,Large,Les Iconiques
2026-03-19 20:23:12,Ultimate Meat,1,17.99,Medium,Toujours Plus
2026-03-19 20:30:29,Rocket Veggie,1,18.99,XL,Les Gourmandes Veggies
2026-03-19 20:30:29,Steak and Cheese,1,20.99,XL,Les Grands Classiques
2026-03-19 20:43:33,Chèvre-Miel,1,21.99,XL,Les Iconiques
2026-03-19 20:43:33,Cheesy and Veggie,1,14.99,Medium,Les Gourmandes Veggies
2026-03-19 20:48:08,Chèvre-Miel,1,21.99,XL,Les Iconiques
2026-03-19 21:34:17,Hawaïenne Poulet,1,14.99,Medium,Les Grands Classiques
2026-03-19 21:53:59,Extravaganzza,1,20.99,Large,Toujours Plus
2026-03-19 21:53:59,Divine 3 Fromages,1,21.99,XL,Éditions Limitées
2026-03-19 22:14:01,Super Veggie,1,23.49,XL,Les Gourmandes Veggies
2026-03-20 11:33:30,Bacon Groovy,1,23.49,XL,Les Iconiques
2026-03-20 11:33:30,Hawaïenne Jambon,1,20.99,XL,Les Grands Classiques
2026-03-20 11:33:30,Algérienne,1,21.99,XL,Les Grands Classiques
2026-03-20 11:33:30,Margherita,1,12.99,Medium,Les Bons Plans
2026-03-20 11:47:53,Divine 3 Fromages,1,21.99,XL,Éditions Limitées
2026-03-20 11:47:53,Cheesy and Veggie,1,14.99,Medium,Les Gourmandes Veggies
2026-03-20 11:47:53,Chicken and Cheddar,1,23.49,XL,Éditions Limitées
2026-03-20 12:12:03,Kebab and Spicy,1,15.99,Medium,Les Originales
2026-03-20 12:24:44,Chicken BBQ,1,21.99,XL,Les Grands Classiques
2026-03-20 12:24:44,Pepperoni Party,1,20.49,Large,Les Iconiques
2026-03-20 12:24:44,Originale Pepperoni,1,18.99,XL,Les Bons Plans
2026-03-20 12:24:44,Beef and Cheddar,1,23.99,XL,Éditions Limitées
2026-03-20 12:39:39,Indienne,1,18.99,Large,Les Grands Classiques
2026-03-20 12:39:39,Extravaganzza,1,23.99,XL,Toujours Plus
2026-03-20 12:39:39,Divine 3 Fromages,1,21.99,XL,Éditions Limitées
2026-03-20 12:39:39,Chèvre-Miel,1,21.99,XL,Les Iconiques
2026-03-20 12:39:39,Diavola Pepperoni,1,15.99,Medium,Les Originales
2026-03-20 12:39:39,Hawaïenne Poulet,1,20.99,XL,Les Grands Classiques
2026-03-20 12:40:13,Chicken BBQ,1,15.99,Medium,Les Grands Classiques
2026-03-20 12:40:13,Chicken Delight,1,18.99,Large,Les Originales
2026-03-20 12:52:56,Chicken Delight,1,18.99,Large,Les Originales
2026-03-20 12:52:56,Super Veggie,1,23.49,XL,Les Gourmandes Veggies
2026-03-20 12:52:56,Originale Pepperoni,1,15.99,Large,Les Bons Plans
2026-03-20 12:52:56,Kebab and Spicy,1,21.99,XL,Les Originales
2026-03-20 12:52:56,Cheesy and Veggie,1,20.99,XL,Les Gourmandes Veggies
2026-03-20 12:52:56,Margherita,1,12.99,Medium,Les Bons Plans
2026-03-20 12:52:56,Chicken and Cheddar,1,20.49,Large,Éditions Limitées
2026-03-20 12:53:37,Cannibale,1,23.49,XL,Les Iconiques
2026-03-20 12:53:37,Peppina Vegan,1,19.99,Large,Les Vegans
2026-03-20 12:55:55,Chicken Delight,1,15.99,Medium,Les Originales
2026-03-20 12:55:55,Forestière,1,23.49,XL,Les Grands Classiques
2026-03-20 12:55:55,Pepperoni Party,1,23.49,XL,Les Iconiques
2026-03-20 12:55:55,Pêcheur,1,15.99,Medium,Les Grands Classiques
2026-03-20 12:55:55,Originale Pepperoni,1,18.99,XL,Les Bons Plans
2026-03-20 12:56:01,Diavola Haché au bœuf,1,18.99,Large,Les Originales
2026-03-20 12:56:01,Cheesy and Veggie,1,20.99,XL,Les Gourmandes Veggies
2026-03-20 12:56:01,Hawaïenne Poulet,1,20.99,XL,Les Grands Classiques
2026-03-20 13:02:39,Royale Veggie,1,18.99,Large,Les Gourmandes Veggies
2026-03-20 13:02:39,Margherita,1,15.99,Large,Les Bons Plans
2026-03-20 13:02:39,Hawaïenne Poulet,1,20.99,XL,Les Grands Classiques
2026-03-20 13:09:27,Peppina Vegan,1,19.99,Large,Les Vegans
2026-03-20 13:18:11,Chicken BBQ,1,21.99,XL,Les Grands Classiques
2026-03-20 13:18:11,Forestière,1,23.49,XL,Les Grands Classiques
2026-03-20 13:18:11,Originale Pepperoni,1,15.99,Large,Les Bons Plans
2026-03-20 13:27:07,Crispy Cannibale,1,17.99,Medium,Les Originales
2026-03-20 13:27:10,Pêcheur,1,15.99,Medium,Les Grands Classiques
2026-03-20 13:27:10,Diavola Pepperoni,1,15.99,Medium,Les Originales
2026-03-20 13:28:26,Hawaïenne Jambon,1,14.99,Medium,Les Grands Classiques
2026-03-20 13:43:36,Divine 3 Fromages,1,21.99,XL,Éditions Limitées
2026-03-20 13:52:15,Cannibale,1,23.49,XL,Les Iconiques
2026-03-20 14:03:43,Chicken Delight,1,18.99,Large,Les Originales
2026-03-20 14:09:05,Algérienne,1,21.99,XL,Les Grands Classiques
2026-03-20 14:19:44,Originale Pepperoni,1,18.99,XL,Les Bons Plans
2026-03-20 14:19:44,Algérienne,1,21.99,XL,Les Grands Classiques
2026-03-20 14:58:30,Originale Pepperoni,1,12.99,Medium,Les Bons Plans
2026-03-20 15:03:44,Chicken BBQ,1,15.99,Medium,Les Grands Classiques
2026-03-20 15:03:44,Extravaganzza,1,17.99,Medium,Toujours Plus
2026-03-20 15:40:10,Algérienne,1,18.99,Large,Les Grands Classiques
2026-03-20 15:40:29,Divine 3 Fromages,1,21.99,XL,Éditions Limitées
2026-03-20 15:40:29,Margherita,1,12.99,Medium,Les Bons Plans
2026-03-20 15:58:56,Chicken Delight,1,21.99,XL,Les Originales
2026-03-20 15:58:56,Diavola Pepperoni,1,21.99,XL,Les Originales
2026-03-20 16:51:47,Urban Kebab,1,23.49,XL,Les Originales
2026-03-20 16:51:47,Algérienne,1,21.99,XL,Les Grands Classiques
2026-03-20 16:52:55,Pepperoni Party,1,20.49,Large,Les Iconiques
2026-03-20 16:54:26,Forestière,1,20.49,Large,Les Grands Classiques
2026-03-20 16:54:26,Hawaïenne Poulet,1,17.99,Large,Les Grands Classiques
2026-03-20 17:03:46,Ultimate Meat,1,17.99,Medium,Toujours Plus
2026-03-20 17:03:46,Hawaïenne Poulet,1,20.99,XL,Les Grands Classiques
2026-03-20 17:06:29,Super Veggie,1,20.49,Large,Les Gourmandes Veggies
2026-03-20 17:35:37,Diavola Pepperoni,1,15.99,Medium,Les Originales
2026-03-20 17:35:37,Algérienne,1,18.99,Large,Les Grands Classiques
2026-03-20 17:35:37,Peppina Vegan,1,19.99,Large,Les Vegans
2026-03-20 17:37:54,Pêcheur,1,15.99,Medium,Les Grands Classiques
2026-03-20 17:37:54,Crispy Cannibale,2,41.98,Large,Les Originales
2026-03-20 17:37:54,Hawaïenne Poulet,1,17.99,Large,Les Grands Classiques
2026-03-20 17:38:33,Divine 3 Fromages,1,21.99,XL,Éditions Limitées
2026-03-20 17:38:33,Margherita,1,12.99,Medium,Les Bons Plans
2026-03-20 18:04:31,Chèvre-Miel,1,21.99,XL,Les Iconiques
2026-03-20 18:04:31,Hawaïenne Jambon,1,14.99,Medium,Les Grands Classiques
2026-03-20 18:10:14,Chicken Delight,1,18.99,Large,Les Originales
2026-03-20 18:24:39,Pêcheur,1,21.99,XL,Les Grands Classiques
2026-03-20 18:24:39,Kebab and Spicy,1,21.99,XL,Les Originales
2026-03-20 18:29:47,Pêcheur,1,21.99,XL,Les Grands Classiques
2026-03-20 18:29:47,Algérienne,1,21.99,XL,Les Grands Classiques
2026-03-20 18:29:47,Hawaïenne Poulet,1,14.99,Medium,Les Grands Classiques
2026-03-20 18:29:47,Peppina Vegan,1,22.99,XL,Les Vegans
2026-03-20 18:44:52,Extravaganzza,1,23.99,XL,Toujours Plus
2026-03-20 18:44:52,Diavola Pepperoni,1,15.99,Medium,Les Originales
2026-03-20 18:49:15,Diavola Pepperoni,1,21.99,XL,Les Originales
2026-03-20 18:49:32,Diavola Haché au bœuf,1,21.99,XL,Les Originales
2026-03-20 18:49:32,Divine 3 Fromages,1,21.99,XL,Éditions Limitées
2026-03-20 18:54:47,Indienne,1,18.99,Large,Les Grands Classiques
2026-03-20 18:54:47,Peppina Vegan,1,19.99,Large,Les Vegans
2026-03-20 18:54:51,Super Veggie,1,20.49,Large,Les Gourmandes Veggies
2026-03-20 18:54:51,Pepperoni Party,1,23.49,XL,Les Iconiques
2026-03-20 18:54:51,Originale Pepperoni,1,18.99,XL,Les Bons Plans
2026-03-20 18:54:51,Kebab and Spicy,1,21.99,XL,Les Originales
2026-03-20 19:01:03,Hawaïenne Jambon,1,17.99,Large,Les Grands Classiques
2026-03-20 19:07:12,Chicken Delight,1,18.99,Large,Les Originales
2026-03-20 19:16:21,Bacon Groovy,1,20.49,Large,Les Iconiques
2026-03-20 19:16:21,Forestière,1,23.49,XL,Les Grands Classiques
2026-03-20 19:16:21,Cannibale,1,23.49,XL,Les Iconiques
2026-03-20 19:16:21,Cheesy and Veggie,1,17.99,Large,Les Gourmandes Veggies
2026-03-20 19:27:09,Margherita,1,12.99,Medium,Les Bons Plans
2026-03-20 19:27:09,Peppina Vegan,1,19.99,Large,Les Vegans
2026-03-20 19:31:55,Peppina,1,16.99,Medium,Les Gourmandes Veggies
2026-03-20 19:31:55,Rocket Veggie,1,12.99,Medium,Les Gourmandes Veggies
2026-03-20 19:31:55,Royale Veggie,1,18.99,Large,Les Gourmandes Veggies
2026-03-20 19:34:01,Chicken Delight,1,15.99,Medium,Les Originales
2026-03-20 19:34:01,Extravaganzza,1,23.99,XL,Toujours Plus
2026-03-20 19:50:29,Forestière,1,17.49,Medium,Les Grands Classiques
2026-03-20 19:50:29,Algérienne,1,18.99,Large,Les Grands Classiques
2026-03-20 19:50:29,Hawaïenne Poulet,1,20.99,XL,Les Grands Classiques
2026-03-20 19:52:39,Chicken BBQ,1,15.99,Medium,Les Grands Classiques
2026-03-20 19:52:39,Ultimate Meat,1,17.99,Medium,Toujours Plus
2026-03-20 19:52:39,Extravaganzza,1,20.99,Large,Toujours Plus
2026-03-20 19:52:39,Pêcheur,1,21.99,XL,Les Grands Classiques
2026-03-20 19:56:47,Chicken BBQ,1,15.99,Medium,Les Grands Classiques
2026-03-20 20:08:33,Chèvre-Miel,1,21.99,XL,Les Iconiques
2026-03-20 20:08:46,Royale Veggie,1,21.99,XL,Les Gourmandes Veggies
2026-03-20 20:16:44,Chèvre-Miel,1,21.99,XL,Les Iconiques
2026-03-20 20:16:44,Chèvre-Miel,1,18.99,Large,Les Iconiques
2026-03-20 20:16:44,Hawaïenne Jambon,1,14.99,Medium,Les Grands Classiques
2026-03-20 20:33:22,Extravaganzza,1,17.99,Medium,Toujours Plus
2026-03-20 20:33:22,Chèvre-Miel,1,21.99,XL,Les Iconiques
2026-03-20 20:33:22,Hawaïenne Jambon,1,14.99,Medium,Les Grands Classiques
2026-03-20 20:56:46,Kebab and Spicy,1,21.99,XL,Les Originales
2026-03-20 21:11:17,Divine 3 Fromages,1,21.99,XL,Éditions Limitées
2026-03-20 21:21:56,Indienne,1,18.99,Large,Les Grands Classiques
2026-03-20 21:28:14,Chèvre-Miel,1,18.99,Large,Les Iconiques
2026-03-20 21:28:14,Kebab and Spicy,1,21.99,XL,Les Originales
2026-03-20 21:37:57,Kebab and Spicy,1,21.99,XL,Les Originales
2026-03-20 21:37:57,Margherita,1,12.99,Medium,Les Bons Plans
2026-03-20 21:49:53,Extravaganzza,1,20.99,Large,Toujours Plus
2026-03-20 21:49:53,Chèvre-Miel,1,18.99,Large,Les Iconiques
2026-03-20 21:49:53,Cannibale,1,17.49,Medium,Les Iconiques
2026-03-20 21:49:53,Algérienne,1,21.99,XL,Les Grands Classiques
2026-03-20 21:52:10,Chicken BBQ,1,18.99,Large,Les Grands Classiques
2026-03-20 21:52:10,Forestière,1,20.49,Large,Les Grands Classiques
2026-03-20 21:52:10,Urban Kebab,1,20.49,Large,Les Originales
2026-03-20 21:52:10,Kebab and Spicy,1,21.99,XL,Les Originales
2026-03-20 22:09:09,Chicken BBQ,1,18.99,Large,Les Grands Classiques
2026-03-20 22:20:00,Pêcheur,1,15.99,Medium,Les Grands Classiques
2026-03-20 22:20:00,Crispy Cannibale,1,17.99,Medium,Les Originales
2026-03-20 22:20:00,Algérienne,1,15.99,Medium,Les Grands Classiques
2026-03-20 22:28:53,Chicken Delight,1,18.99,Large,Les Originales
2026-03-20 22:28:53,Bacon Groovy,1,17.49,Medium,Les Iconiques
2026-03-21 11:31:39,Chicken BBQ,1,21.99,XL,Les Grands Classiques
2026-03-21 11:31:39,Originale Pepperoni,1,18.99,XL,Les Bons Plans
2026-03-21 11:31:39,Crispy Cannibale,1,23.99,XL,Les Originales
2026-03-21 11:48:59,Indienne,1,18.99,Large,Les Grands Classiques
2026-03-21 11:48:59,Diavola Pepperoni,1,18.99,Large,Les Originales
2026-03-21 11:48:59,Algérienne,1,15.99,Medium,Les Grands Classiques
2026-03-21 11:56:23,Ultimate Meat,1,17.99,Medium,Toujours Plus
2026-03-21 11:56:23,Extravaganzza,1,17.99,Medium,Toujours Plus
2026-03-21 12:40:30,Chicken BBQ,1,18.99,Large,Les Grands Classiques
2026-03-21 12:40:30,4 Fromages,1,17.49,Medium,Les Iconiques
2026-03-21 12:40:30,Chèvre-Miel,1,21.99,XL,Les Iconiques
2026-03-21 12:40:30,Peppina,1,16.99,Medium,Les Gourmandes Veggies
2026-03-21 12:50:12,Indienne,1,15.99,Medium,Les Grands Classiques
2026-03-21 13:02:15,Chicken BBQ,1,18.99,Large,Les Grands Classiques
2026-03-21 13:02:15,Ultimate Meat,1,17.99,Medium,Toujours Plus
2026-03-21 13:02:15,Diavola Haché au bœuf,1,21.99,XL,Les Originales
2026-03-21 13:02:15,Chicken Delight,1,21.99,XL,Les Originales
2026-03-21 13:02:15,Chicken Delight,1,18.99,Large,Les Originales
2026-03-21 13:02:15,Divine 3 Fromages,1,21.99,XL,Éditions Limitées
2026-03-21 13:02:15,Chèvre-Miel,1,21.99,XL,Les Iconiques
2026-03-21 13:02:15,Pepperoni Party,1,23.49,XL,Les Iconiques
2026-03-21 13:02:15,Pepperoni Party,1,20.49,Large,Les Iconiques
2026-03-21 13:02:15,Royale Veggie,1,18.99,Large,Les Gourmandes Veggies
2026-03-21 13:02:15,Originale Pepperoni,1,12.99,Medium,Les Bons Plans
2026-03-21 13:02:15,Steak and Cheese,1,20.99,XL,Les Grands Classiques
2026-03-21 13:08:31,Ultimate Meat,2,35.98,Medium,Toujours Plus
2026-03-21 13:08:31,Chicken Delight,1,21.99,XL,Les Originales
2026-03-21 13:08:31,Margherita,1,18.99,XL,Les Bons Plans
2026-03-21 13:10:35,Originale Pepperoni,1,12.99,Medium,Les Bons Plans
2026-03-21 13:20:32,Peppina,1,16.99,Medium,Les Gourmandes Veggies
2026-03-21 13:20:32,Urban Kebab,1,17.49,Medium,Les Originales
2026-03-21 13:20:32,Chicken and Cheddar,1,17.49,Medium,Éditions Limitées
2026-03-21 13:20:32,Hawaïenne Poulet,1,17.99,Large,Les Grands Classiques
2026-03-21 13:20:32,Peppina Vegan,1,19.99,Large,Les Vegans
2026-03-21 13:35:05,Hawaïenne Jambon,1,14.99,Medium,Les Grands Classiques
2026-03-21 13:37:53,Ultimate Meat,1,17.99,Medium,Toujours Plus
2026-03-21 13:50:27,Cheesy and Veggie,1,17.99,Large,Les Gourmandes Veggies
2026-03-21 13:56:44,Cheesy and Veggie,1,20.99,XL,Les Gourmandes Veggies
2026-03-21 14:06:07,Chicken Delight,1,21.99,XL,Les Originales
2026-03-21 14:06:07,Peppina,1,19.99,Large,Les Gourmandes Veggies
2026-03-21 14:06:07,Diavola Pepperoni,1,15.99,Medium,Les Originales
2026-03-21 14:06:07,Algérienne,1,18.99,Large,Les Grands Classiques
2026-03-21 14:06:09,Pepperoni Party,1,23.49,XL,Les Iconiques
2026-03-21 14:06:09,Hawaïenne Poulet,1,20.99,XL,Les Grands Classiques
2026-03-21 14:06:09,Steak and Cheese,1,17.99,Large,Les Grands Classiques
2026-03-21 14:06:09,Steak and Cheese,1,14.99,Medium,Les Grands Classiques
2026-03-21 14:06:43,Extravaganzza,1,23.99,XL,Toujours Plus
2026-03-21 14:06:43,Super Veggie,1,17.49,Medium,Les Gourmandes Veggies
2026-03-21 14:06:43,Hawaïenne Jambon,1,20.99,XL,Les Grands Classiques
2026-03-21 14:06:43,Urban Kebab,1,17.49,Medium,Les Originales
2026-03-21 14:17:42,Beef and Cheddar,1,17.99,Medium,Éditions Limitées
2026-03-21 14:19:17,Kebab and Spicy,1,21.99,XL,Les Originales
2026-03-21 14:21:26,Originale Pepperoni,1,15.99,Large,Les Bons Plans
2026-03-21 14:31:37,Chicken Delight,1,21.99,XL,Les Originales
2026-03-21 14:31:37,Chicken Delight,1,18.99,Large,Les Originales
2026-03-21 14:31:37,Divine 3 Fromages,1,21.99,XL,Éditions Limitées
2026-03-21 14:31:37,Steak and Cheese,1,20.99,XL,Les Grands Classiques
2026-03-21 14:38:22,Chicken Delight,1,15.99,Medium,Les Originales
2026-03-21 14:38:22,Hawaïenne Poulet,1,20.99,XL,Les Grands Classiques
2026-03-21 14:40:36,Margherita,1,15.99,Large,Les Bons Plans
2026-03-21 14:46:54,Hawaïenne Jambon,1,17.99,Large,Les Grands Classiques
2026-03-21 14:46:54,Hawaïenne Jambon,1,14.99,Medium,Les Grands Classiques
2026-03-21 15:17:26,Extravaganzza,1,20.99,Large,Toujours Plus
2026-03-21 15:17:26,Pêcheur,1,18.99,Large,Les Grands Classiques
2026-03-21 15:17:26,Kebab and Spicy,1,18.99,Large,Les Originales
2026-03-21 15:21:55,Beef and Cheddar,1,20.99,Large,Éditions Limitées
2026-03-21 15:21:55,Peppina Vegan,1,19.99,Large,Les Vegans
2026-03-21 16:05:39,Urban Kebab,1,23.49,XL,Les Originales
2026-03-21 16:12:25,Kebab and Spicy,1,18.99,Large,Les Originales
2026-03-21 16:28:54,Ultimate Meat,1,17.99,Medium,Toujours Plus
2026-03-21 16:40:27,Divine 3 Fromages,1,21.99,XL,Éditions Limitées
2026-03-21 16:40:27,Crispy Cannibale,1,23.99,XL,Les Originales
2026-03-21 16:40:27,Cannibale,1,23.49,XL,Les Iconiques
2026-03-21 16:40:27,Urban Kebab,1,17.49,Medium,Les Originales
2026-03-21 16:51:43,Divine 3 Fromages,1,21.99,XL,Éditions Limitées
2026-03-21 16:51:43,Peppina Vegan,1,19.99,Large,Les Vegans
2026-03-21 16:52:17,Bacon Groovy,1,17.49,Medium,Les Iconiques
2026-03-21 17:07:20,Peppina,1,19.99,Large,Les Gourmandes Veggies
2026-03-21 17:08:35,Hawaïenne Jambon,1,20.99,XL,Les Grands Classiques
2026-03-21 17:08:35,Pepperoni Party,2,40.98,Large,Les Iconiques
2026-03-21 17:08:35,Steak and Cheese,1,20.99,XL,Les Grands Classiques
2026-03-21 17:26:32,Chicken Delight,1,21.99,XL,Les Originales
2026-03-21 17:26:32,Peppina,1,16.99,Medium,Les Gourmandes Veggies
2026-03-21 17:26:32,Diavola Pepperoni,1,18.99,Large,Les Originales
2026-03-21 18:10:58,4 Fromages,1,17.49,Medium,Les Iconiques
2026-03-21 18:10:58,Originale Pepperoni,1,12.99,Medium,Les Bons Plans
2026-03-21 18:10:58,Algérienne,1,15.99,Medium,Les Grands Classiques
2026-03-21 18:10:58,Steak and Cheese,1,20.99,XL,Les Grands Classiques
2026-03-21 18:39:15,Cheesy and Veggie,1,17.99,Large,Les Gourmandes Veggies
2026-03-21 18:44:01,Hawaïenne Jambon,1,17.99,Large,Les Grands Classiques
2026-03-21 18:44:01,Kebab and Spicy,1,21.99,XL,Les Originales
2026-03-21 18:44:01,Steak and Cheese,1,17.99,Large,Les Grands Classiques
2026-03-21 18:52:00,Divine 3 Fromages,1,21.99,XL,Éditions Limitées
2026-03-21 18:52:00,Algérienne,1,21.99,XL,Les Grands Classiques
2026-03-21 18:52:00,Kebab and Spicy,1,21.99,XL,Les Originales
2026-03-21 18:53:49,Extravaganzza,1,20.99,Large,Toujours Plus
2026-03-21 18:53:49,Hawaïenne Jambon,1,17.99,Large,Les Grands Classiques
2026-03-21 19:04:51,Hawaïenne Jambon,1,14.99,Medium,Les Grands Classiques
2026-03-21 19:04:51,Urban Kebab,1,20.49,Large,Les Originales
2026-03-21 19:20:15,Royale Veggie,1,21.99,XL,Les Gourmandes Veggies
2026-03-21 19:20:15,Algérienne,1,21.99,XL,Les Grands Classiques
2026-03-21 19:20:15,Kebab and Spicy,1,18.99,Large,Les Originales
2026-03-21 19:20:15,Hawaïenne Poulet,1,20.99,XL,Les Grands Classiques
2026-03-21 19:32:01,Pepperoni Party,1,20.49,Large,Les Iconiques
2026-03-21 19:32:01,Originale Pepperoni,1,15.99,Large,Les Bons Plans
2026-03-21 19:32:01,Cannibale,1,17.49,Medium,Les Iconiques
2026-03-21 19:32:01,Algérienne,1,21.99,XL,Les Grands Classiques
2026-03-21 19:41:04,Forestière,1,20.49,Large,Les Grands Classiques
2026-03-21 19:41:16,Urban Kebab,1,17.49,Medium,Les Originales
2026-03-21 19:41:16,Hawaïenne Poulet,1,20.99,XL,Les Grands Classiques
2026-03-21 19:49:47,Divine 3 Fromages,1,21.99,XL,Éditions Limitées
2026-03-21 19:49:47,Pepperoni Party,1,23.49,XL,Les Iconiques
2026-03-21 19:49:47,Beef and Cheddar,1,20.99,Large,Éditions Limitées
2026-03-21 19:49:47,Hawaïenne Poulet,1,17.99,Large,Les Grands Classiques
2026-03-21 19:53:41,Chicken BBQ,1,18.99,Large,Les Grands Classiques
2026-03-21 19:53:41,Urban Kebab,1,20.49,Large,Les Originales
2026-03-21 20:04:52,Hawaïenne Poulet,1,20.99,XL,Les Grands Classiques
2026-03-21 20:14:45,Hawaïenne Jambon,1,17.99,Large,Les Grands Classiques
2026-03-21 20:15:09,Royale Veggie,1,21.99,XL,Les Gourmandes Veggies
2026-03-21 20:15:09,Urban Kebab,1,17.49,Medium,Les Originales
2026-03-21 20:15:09,Steak and Cheese,1,17.99,Large,Les Grands Classiques
2026-03-21 20:15:09,Peppina Vegan,1,22.99,XL,Les Vegans
2026-03-21 20:15:27,Chicken Delight,1,15.99,Medium,Les Originales
2026-03-21 20:15:27,Hawaïenne Poulet,1,14.99,Medium,Les Grands Classiques
2026-03-21 20:35:51,Hawaïenne Jambon,1,14.99,Medium,Les Grands Classiques
2026-03-21 20:35:51,Royale Veggie,1,21.99,XL,Les Gourmandes Veggies
2026-03-21 20:38:40,Algérienne,1,15.99,Medium,Les Grands Classiques
2026-03-21 21:35:31,Algérienne,1,21.99,XL,Les Grands Classiques
2026-03-21 21:35:31,Steak and Cheese,1,20.99,XL,Les Grands Classiques
2026-03-21 21:47:02,Royale Veggie,1,21.99,XL,Les Gourmandes Veggies
2026-03-21 21:58:12,Algérienne,1,21.99,XL,Les Grands Classiques
2026-03-21 22:15:37,Originale Pepperoni,1,18.99,XL,Les Bons Plans
2026-03-21 22:15:37,Originale Pepperoni,1,15.99,Large,Les Bons Plans
2026-03-21 22:15:37,Cheesy and Veggie,1,20.99,XL,Les Gourmandes Veggies
2026-03-22 12:01:30,Cannibale,1,17.49,Medium,Les Iconiques
2026-03-22 12:01:30,Margherita,1,12.99,Medium,Les Bons Plans
2026-03-22 12:01:30,Hawaïenne Poulet,1,17.99,Large,Les Grands Classiques
2026-03-22 12:23:54,Peppina Vegan,1,16.99,Medium,Les Vegans
2026-03-22 12:31:46,Kebab and Spicy,1,21.99,XL,Les Originales
2026-03-22 12:54:56,Extravaganzza,1,23.99,XL,Toujours Plus
2026-03-22 12:54:56,Divine 3 Fromages,1,21.99,XL,Éditions Limitées
2026-03-22 13:01:37,Crispy Cannibale,1,17.99,Medium,Les Originales
2026-03-22 13:26:50,Steak and Cheese,1,14.99,Medium,Les Grands Classiques
2026-03-22 13:56:27,4 Fromages,1,17.49,Medium,Les Iconiques
2026-03-22 13:56:27,Extravaganzza,1,20.99,Large,Toujours Plus
2026-03-22 13:56:27,Extravaganzza,1,17.99,Medium,Toujours Plus
2026-03-22 13:56:27,Chèvre-Miel,1,21.99,XL,Les Iconiques
2026-03-22 13:56:27,Pepperoni Party,1,23.49,XL,Les Iconiques
2026-03-22 13:56:27,Originale Pepperoni,2,37.98,XL,Les Bons Plans
2026-03-22 13:56:27,Originale Pepperoni,1,15.99,Large,Les Bons Plans
2026-03-22 13:56:27,Crispy Cannibale,1,20.99,Large,Les Originales
2026-03-22 13:57:47,Divine 3 Fromages,1,21.99,XL,Éditions Limitées
2026-03-22 14:25:24,Originale Pepperoni,1,12.99,Medium,Les Bons Plans
2026-03-22 14:25:24,Urban Kebab,1,17.49,Medium,Les Originales
2026-03-22 14:42:50,Steak and Cheese,1,14.99,Medium,Les Grands Classiques
2026-03-22 14:56:38,Chicken Delight,1,18.99,Large,Les Originales
2026-03-22 14:56:38,Pêcheur,1,15.99,Medium,Les Grands Classiques
2026-03-22 15:54:26,Chicken Delight,1,21.99,XL,Les Originales
2026-03-22 15:54:26,Peppina Vegan,1,16.99,Medium,Les Vegans
2026-03-22 16:01:29,Extravaganzza,1,20.99,Large,Toujours Plus
2026-03-22 16:01:29,Crispy Cannibale,1,17.99,Medium,Les Originales
2026-03-22 16:01:29,Urban Kebab,1,20.49,Large,Les Originales
2026-03-22 16:09:49,Ultimate Meat,1,17.99,Medium,Toujours Plus
2026-03-22 16:16:29,Bacon Groovy,1,17.49,Medium,Les Iconiques
2026-03-22 16:16:29,Originale Pepperoni,1,15.99,Large,Les Bons Plans
2026-03-22 16:21:33,Diavola Haché au bœuf,1,18.99,Large,Les Originales
2026-03-22 16:21:33,Super Veggie,1,17.49,Medium,Les Gourmandes Veggies
2026-03-22 16:21:33,Cheesy and Veggie,1,20.99,XL,Les Gourmandes Veggies
2026-03-22 16:32:35,Chicken Delight,1,21.99,XL,Les Originales
2026-03-22 16:32:35,Chèvre-Miel,1,21.99,XL,Les Iconiques
2026-03-22 16:49:55,Peppina Vegan,1,19.99,Large,Les Vegans
2026-03-22 17:08:48,Chicken BBQ,1,21.99,XL,Les Grands Classiques
2026-03-22 17:08:48,Ultimate Meat,1,17.99,Medium,Toujours Plus
2026-03-22 17:08:48,Crispy Cannibale,1,20.99,Large,Les Originales
2026-03-22 17:08:48,Chicken and Cheddar,1,23.49,XL,Éditions Limitées
2026-03-22 17:37:13,Hawaïenne Poulet,1,20.99,XL,Les Grands Classiques
2026-03-22 17:50:14,Hawaïenne Jambon,1,17.99,Large,Les Grands Classiques
2026-03-22 17:52:20,Hawaïenne Jambon,1,14.99,Medium,Les Grands Classiques
2026-03-22 17:52:20,Peppina,1,19.99,Large,Les Gourmandes Veggies
2026-03-22 18:10:30,4 Fromages,1,17.49,Medium,Les Iconiques
2026-03-22 18:10:30,Peppina Vegan,1,22.99,XL,Les Vegans
2026-03-22 18:14:21,Indienne,1,18.99,Large,Les Grands Classiques
2026-03-22 18:14:21,Extravaganzza,1,20.99,Large,Toujours Plus
2026-03-22 18:14:21,Chèvre-Miel,1,21.99,XL,Les Iconiques
2026-03-22 18:14:21,Pepperoni Party,1,17.49,Medium,Les Iconiques
2026-03-22 18:26:11,Bacon Groovy,1,17.49,Medium,Les Iconiques
2026-03-22 18:26:11,Chèvre-Miel,1,21.99,XL,Les Iconiques
2026-03-22 18:57:35,Indienne,1,18.99,Large,Les Grands Classiques
2026-03-22 18:57:35,Hawaïenne Jambon,1,20.99,XL,Les Grands Classiques
2026-03-22 18:57:35,Hawaïenne Jambon,1,14.99,Medium,Les Grands Classiques
2026-03-22 19:18:35,Divine 3 Fromages,1,21.99,XL,Éditions Limitées
2026-03-22 19:18:35,Rocket Veggie,1,15.99,Large,Les Gourmandes Veggies
2026-03-22 19:18:35,Royale Veggie,1,21.99,XL,Les Gourmandes Veggies
2026-03-22 19:18:35,Crispy Cannibale,1,23.99,XL,Les Originales
2026-03-22 19:23:28,4 Fromages,1,17.49,Medium,Les Iconiques
2026-03-22 19:23:28,Urban Kebab,1,17.49,Medium,Les Originales
2026-03-22 19:23:28,Cheesy and Veggie,1,20.99,XL,Les Gourmandes Veggies
2026-03-22 19:34:54,Pêcheur,1,21.99,XL,Les Grands Classiques
2026-03-22 19:34:54,Steak and Cheese,1,17.99,Large,Les Grands Classiques
2026-03-22 19:35:48,Originale Pepperoni,1,12.99,Medium,Les Bons Plans
2026-03-22 19:52:54,Steak and Cheese,1,20.99,XL,Les Grands Classiques
2026-03-22 20:30:11,Rocket Veggie,1,18.99,XL,Les Gourmandes Veggies
2026-03-22 20:52:46,Chicken BBQ,1,21.99,XL,Les Grands Classiques
2026-03-22 20:52:46,Peppina,1,19.99,Large,Les Gourmandes Veggies
2026-03-22 20:55:27,Pepperoni Party,1,20.49,Large,Les Iconiques
2026-03-22 21:08:01,Bacon Groovy,1,20.49,Large,Les Iconiques
2026-03-22 21:08:01,Rocket Veggie,1,15.99,Large,Les Gourmandes Veggies
2026-03-22 21:31:24,Cannibale,1,17.49,Medium,Les Iconiques
2026-03-22 21:58:31,Margherita,1,18.99,XL,Les Bons Plans
2026-03-22 21:58:31,Hawaïenne Poulet,1,20.99,XL,Les Grands Classiques
2026-03-23 11:18:22,Royale Veggie,1,21.99,XL,Les Gourmandes Veggies
2026-03-23 11:23:52,Hawaïenne Jambon,1,14.99,Medium,Les Grands Classiques
2026-03-23 11:23:52,Originale Pepperoni,1,15.99,Large,Les Bons Plans
2026-03-23 11:23:52,Chicken and Cheddar,1,17.49,Medium,Éditions Limitées
2026-03-23 11:31:48,Extravaganzza,1,23.99,XL,Toujours Plus
2026-03-23 11:31:48,Urban Kebab,1,23.49,XL,Les Originales
2026-03-23 11:31:48,Beef and Cheddar,1,23.99,XL,Éditions Limitées
2026-03-23 11:31:48,Beef and Cheddar,1,20.99,Large,Éditions Limitées
2026-03-23 11:38:21,Crispy Cannibale,1,20.99,Large,Les Originales
2026-03-23 11:40:00,Algérienne,1,15.99,Medium,Les Grands Classiques
2026-03-23 11:48:12,Chicken BBQ,1,21.99,XL,Les Grands Classiques
2026-03-23 11:48:12,Extravaganzza,1,20.99,Large,Toujours Plus
2026-03-23 11:48:12,Rocket Veggie,1,15.99,Large,Les Gourmandes Veggies
2026-03-23 11:48:12,Hawaïenne Poulet,1,17.99,Large,Les Grands Classiques
2026-03-23 11:56:58,Hawaïenne Jambon,1,20.99,XL,Les Grands Classiques
2026-03-23 12:04:18,Originale Pepperoni,1,12.99,Medium,Les Bons Plans
2026-03-23 12:10:12,Chicken BBQ,1,21.99,XL,Les Grands Classiques
2026-03-23 12:14:01,Chicken BBQ,1,21.99,XL,Les Grands Classiques
2026-03-23 12:14:01,Algérienne,1,15.99,Medium,Les Grands Classiques
2026-03-23 12:40:25,Chicken Delight,1,21.99,XL,Les Originales
2026-03-23 12:40:25,Extravaganzza,1,23.99,XL,Toujours Plus
2026-03-23 12:40:25,Kebab and Spicy,1,18.99,Large,Les Originales
2026-03-23 12:46:10,Indienne,1,21.99,XL,Les Grands Classiques
2026-03-23 12:47:25,Crispy Cannibale,1,20.99,Large,Les Originales
2026-03-23 12:49:53,Peppina,1,16.99,Medium,Les Gourmandes Veggies
2026-03-23 12:51:24,Indienne,1,18.99,Large,Les Grands Classiques
2026-03-23 12:55:41,Divine 3 Fromages,1,21.99,XL,Éditions Limitées
2026-03-23 12:55:41,Royale Veggie,1,21.99,XL,Les Gourmandes Veggies
2026-03-23 12:57:49,Chicken BBQ,1,21.99,XL,Les Grands Classiques
2026-03-23 12:57:49,Bacon Groovy,1,20.49,Large,Les Iconiques
2026-03-23 12:57:49,Extravaganzza,1,17.99,Medium,Toujours Plus
2026-03-23 12:57:49,Divine 3 Fromages,1,21.99,XL,Éditions Limitées
2026-03-23 12:57:49,Super Veggie,1,20.49,Large,Les Gourmandes Veggies
2026-03-23 12:57:49,Hawaïenne Jambon,1,17.99,Large,Les Grands Classiques
2026-03-23 12:57:49,Pepperoni Party,1,17.49,Medium,Les Iconiques
2026-03-23 12:57:49,Peppina,2,33.98,Medium,Les Gourmandes Veggies
2026-03-23 12:57:49,Rocket Veggie,1,12.99,Medium,Les Gourmandes Veggies
2026-03-23 12:57:49,Originale Pepperoni,2,25.98,Medium,Les Bons Plans
2026-03-23 12:57:49,Urban Kebab,1,20.49,Large,Les Originales
2026-03-23 12:57:49,Algérienne,1,15.99,Medium,Les Grands Classiques
2026-03-23 12:57:49,Cheesy and Veggie,1,17.99,Large,Les Gourmandes Veggies
2026-03-23 13:04:56,Chicken BBQ,1,18.99,Large,Les Grands Classiques
2026-03-23 13:04:56,Urban Kebab,1,17.49,Medium,Les Originales
2026-03-23 13:14:04,Chicken BBQ,1,21.99,XL,Les Grands Classiques
2026-03-23 13:14:04,Chicken BBQ,1,15.99,Medium,Les Grands Classiques
2026-03-23 13:14:04,Chicken Delight,1,18.99,Large,Les Originales
2026-03-23 13:14:04,Indienne,1,18.99,Large,Les Grands Classiques
2026-03-23 13:14:04,Extravaganzza,1,20.99,Large,Toujours Plus
2026-03-23 13:14:04,Originale Pepperoni,1,18.99,XL,Les Bons Plans
2026-03-23 13:14:04,Hawaïenne Poulet,1,20.99,XL,Les Grands Classiques
2026-03-23 13:14:04,Steak and Cheese,1,20.99,XL,Les Grands Classiques
2026-03-23 13:39:44,Crispy Cannibale,1,17.99,Medium,Les Originales
2026-03-23 13:42:58,Indienne,1,21.99,XL,Les Grands Classiques
2026-03-23 13:42:58,Hawaïenne Jambon,1,20.99,XL,Les Grands Classiques
2026-03-23 13:45:24,Chèvre-Miel,1,21.99,XL,Les Iconiques
2026-03-23 13:45:24,Pêcheur,1,21.99,XL,Les Grands Classiques
2026-03-23 13:45:24,Diavola Pepperoni,1,21.99,XL,Les Originales
2026-03-23 13:45:24,Cannibale,1,20.49,Large,Les Iconiques
2026-03-23 13:45:24,Margherita,1,18.99,XL,Les Bons Plans
2026-03-23 13:45:24,Chicken and Cheddar,1,17.49,Medium,Éditions Limitées
2026-03-23 13:59:42,Crispy Cannibale,1,23.99,XL,Les Originales
2026-03-23 14:03:50,Hawaïenne Jambon,1,17.99,Large,Les Grands Classiques
2026-03-23 14:03:50,Urban Kebab,1,20.49,Large,Les Originales
2026-03-23 14:48:44,Pepperoni Party,1,20.49,Large,Les Iconiques
2026-03-23 15:30:17,Originale Pepperoni,1,15.99,Large,Les Bons Plans
2026-03-23 15:30:17,Algérienne,1,21.99,XL,Les Grands Classiques
2026-03-23 15:31:14,Divine 3 Fromages,1,21.99,XL,Éditions Limitées
2026-03-23 15:31:14,Rocket Veggie,1,18.99,XL,Les Gourmandes Veggies
2026-03-23 15:31:14,Diavola Pepperoni,1,15.99,Medium,Les Originales
2026-03-23 15:31:14,Urban Kebab,1,23.49,XL,Les Originales
2026-03-23 16:08:52,Extravaganzza,1,20.99,Large,Toujours Plus
2026-03-23 16:18:18,Divine 3 Fromages,1,21.99,XL,Éditions Limitées
2026-03-23 16:30:24,Chèvre-Miel,1,21.99,XL,Les Iconiques
2026-03-23 16:30:47,Chicken BBQ,1,21.99,XL,Les Grands Classiques
2026-03-23 16:30:47,Bacon Groovy,1,23.49,XL,Les Iconiques
2026-03-23 16:30:47,Extravaganzza,1,17.99,Medium,Toujours Plus
2026-03-23 16:30:47,Urban Kebab,1,20.49,Large,Les Originales
2026-03-23 16:36:52,Super Veggie,1,17.49,Medium,Les Gourmandes Veggies
2026-03-23 16:41:38,Diavola Haché au bœuf,1,15.99,Medium,Les Originales
2026-03-23 16:58:43,Bacon Groovy,1,17.49,Medium,Les Iconiques
2026-03-23 17:03:09,Chèvre-Miel,1,21.99,XL,Les Iconiques
2026-03-23 17:03:09,Royale Veggie,1,21.99,XL,Les Gourmandes Veggies
2026-03-23 17:08:22,Steak and Cheese,1,20.99,XL,Les Grands Classiques
2026-03-23 17:09:52,Kebab and Spicy,1,21.99,XL,Les Originales
2026-03-23 17:10:42,Chicken BBQ,1,15.99,Medium,Les Grands Classiques
2026-03-23 17:10:42,Extravaganzza,1,20.99,Large,Toujours Plus
2026-03-23 17:10:42,Peppina,1,16.99,Medium,Les Gourmandes Veggies
2026-03-23 17:10:42,Margherita,1,18.99,XL,Les Bons Plans
2026-03-23 17:20:36,Forestière,1,23.49,XL,Les Grands Classiques
2026-03-23 17:20:36,Cannibale,1,17.49,Medium,Les Iconiques
2026-03-23 17:30:36,Indienne,1,21.99,XL,Les Grands Classiques
2026-03-23 17:30:36,Extravaganzza,1,23.99,XL,Toujours Plus
2026-03-23 17:30:36,Algérienne,1,18.99,Large,Les Grands Classiques
2026-03-23 17:40:49,Originale Pepperoni,1,15.99,Large,Les Bons Plans
2026-03-23 17:40:49,Chicken and Cheddar,1,17.49,Medium,Éditions Limitées
2026-03-23 17:59:40,Chicken BBQ,1,18.99,Large,Les Grands Classiques
2026-03-23 17:59:40,Crispy Cannibale,1,20.99,Large,Les Originales
2026-03-23 18:11:50,Diavola Pepperoni,1,18.99,Large,Les Originales
2026-03-23 18:18:12,Pêcheur,1,18.99,Large,Les Grands Classiques
2026-03-23 18:18:12,Diavola Pepperoni,1,15.99,Medium,Les Originales
2026-03-23 18:50:25,Cheesy and Veggie,1,14.99,Medium,Les Gourmandes Veggies
2026-03-23 18:50:25,Chicken and Cheddar,1,23.49,XL,Éditions Limitées
2026-03-23 18:58:05,Beef and Cheddar,1,23.99,XL,Éditions Limitées
2026-03-23 18:58:05,Peppina Vegan,1,22.99,XL,Les Vegans
2026-03-23 19:20:18,Hawaïenne Jambon,1,20.99,XL,Les Grands Classiques
2026-03-23 19:20:18,Crispy Cannibale,1,23.99,XL,Les Originales
2026-03-23 19:21:09,Peppina Vegan,1,16.99,Medium,Les Vegans
2026-03-23 19:39:40,Indienne,1,18.99,Large,Les Grands Classiques
2026-03-23 19:39:40,Pêcheur,1,18.99,Large,Les Grands Classiques
2026-03-23 19:43:40,Super Veggie,1,20.49,Large,Les Gourmandes Veggies
2026-03-23 19:43:40,Crispy Cannibale,1,17.99,Medium,Les Originales
2026-03-23 19:43:40,Kebab and Spicy,1,18.99,Large,Les Originales
2026-03-23 19:50:49,Chèvre-Miel,1,21.99,XL,Les Iconiques
2026-03-23 19:54:00,Chicken Delight,2,43.98,XL,Les Originales
2026-03-23 19:54:00,Forestière,1,17.49,Medium,Les Grands Classiques
2026-03-23 19:54:00,Royale Veggie,1,15.99,Medium,Les Gourmandes Veggies
2026-03-23 20:09:11,Divine 3 Fromages,1,21.99,XL,Éditions Limitées
2026-03-23 20:09:11,Hawaïenne Jambon,1,20.99,XL,Les Grands Classiques
2026-03-23 20:25:39,Algérienne,1,18.99,Large,Les Grands Classiques
2026-03-23 20:31:44,Hawaïenne Poulet,1,20.99,XL,Les Grands Classiques
2026-03-23 20:55:17,Ultimate Meat,1,17.99,Medium,Toujours Plus
2026-03-23 20:55:17,Diavola Haché au bœuf,1,15.99,Medium,Les Originales
2026-03-23 20:55:17,Originale Pepperoni,1,18.99,XL,Les Bons Plans
2026-03-23 21:07:34,Algérienne,1,21.99,XL,Les Grands Classiques
2026-03-23 22:05:32,Chicken Delight,1,21.99,XL,Les Originales
2026-03-23 22:05:32,Diavola Pepperoni,1,18.99,Large,Les Originales
2026-03-23 22:12:04,Cannibale,1,17.49,Medium,Les Iconiques
2026-03-23 22:19:06,Ultimate Meat,1,17.99,Medium,Toujours Plus
2026-03-23 22:19:06,Divine 3 Fromages,1,21.99,XL,Éditions Limitées
2026-03-23 22:39:18,Hawaïenne Jambon,1,17.99,Large,Les Grands Classiques
2026-03-23 22:39:18,Royale Veggie,2,43.98,XL,Les Gourmandes Veggies
2026-03-24 11:16:40,Ultimate Meat,1,17.99,Medium,Toujours Plus
2026-03-24 11:16:40,Algérienne,1,21.99,XL,Les Grands Classiques
2026-03-24 11:16:40,Margherita,1,15.99,Large,Les Bons Plans
2026-03-24 11:16:40,Hawaïenne Poulet,1,20.99,XL,Les Grands Classiques
2026-03-24 11:20:32,Chicken Delight,1,15.99,Medium,Les Originales
2026-03-24 11:44:46,Crispy Cannibale,1,23.99,XL,Les Originales
2026-03-24 11:45:15,Bacon Groovy,1,20.49,Large,Les Iconiques
2026-03-24 11:57:15,Originale Pepperoni,1,18.99,XL,Les Bons Plans
2026-03-24 12:00:25,Chèvre-Miel,1,21.99,XL,Les Iconiques
2026-03-24 12:00:25,Crispy Cannibale,1,23.99,XL,Les Originales
2026-03-24 12:04:00,Ultimate Meat,1,17.99,Medium,Toujours Plus
2026-03-24 12:04:00,Algérienne,1,21.99,XL,Les Grands Classiques
2026-03-24 12:04:00,Peppina Vegan,1,19.99,Large,Les Vegans
2026-03-24 12:19:14,Hawaïenne Poulet,1,17.99,Large,Les Grands Classiques
2026-03-24 12:21:23,Chicken BBQ,1,21.99,XL,Les Grands Classiques
2026-03-24 12:26:16,Extravaganzza,1,20.99,Large,Toujours Plus
2026-03-24 12:26:41,Chicken Delight,1,18.99,Large,Les Originales
2026-03-24 12:26:41,Indienne,1,21.99,XL,Les Grands Classiques
2026-03-24 12:26:41,Bacon Groovy,1,20.49,Large,Les Iconiques
2026-03-24 12:26:41,Algérienne,1,21.99,XL,Les Grands Classiques
2026-03-24 12:49:05,Diavola Haché au bœuf,1,21.99,XL,Les Originales
2026-03-24 12:49:05,Chèvre-Miel,1,18.99,Large,Les Iconiques
2026-03-24 12:49:05,Hawaïenne Jambon,1,14.99,Medium,Les Grands Classiques
2026-03-24 12:53:26,Extravaganzza,1,20.99,Large,Toujours Plus
2026-03-24 12:53:26,Chèvre-Miel,1,21.99,XL,Les Iconiques
2026-03-24 12:53:26,Pepperoni Party,1,23.49,XL,Les Iconiques
2026-03-24 12:53:26,Royale Veggie,1,18.99,Large,Les Gourmandes Veggies
2026-03-24 12:53:26,Urban Kebab,1,20.49,Large,Les Originales
2026-03-24 12:53:26,Margherita,2,37.98,XL,Les Bons Plans
2026-03-24 12:53:26,Hawaïenne Poulet,1,20.99,XL,Les Grands Classiques
2026-03-24 12:53:26,Hawaïenne Poulet,1,17.99,Large,Les Grands Classiques
2026-03-24 12:54:29,Diavola Haché au bœuf,1,18.99,Large,Les Originales
2026-03-24 12:54:29,Indienne,1,18.99,Large,Les Grands Classiques
2026-03-24 12:57:03,Pepperoni Party,1,23.49,XL,Les Iconiques
2026-03-24 13:05:31,Cheesy and Veggie,1,17.99,Large,Les Gourmandes Veggies
2026-03-24 13:11:23,Hawaïenne Jambon,1,14.99,Medium,Les Grands Classiques
2026-03-24 13:22:58,Algérienne,1,21.99,XL,Les Grands Classiques
2026-03-24 14:14:11,Hawaïenne Jambon,1,14.99,Medium,Les Grands Classiques
2026-03-24 14:14:11,Originale Pepperoni,1,15.99,Large,Les Bons Plans
2026-03-24 14:28:06,Kebab and Spicy,1,18.99,Large,Les Originales
2026-03-24 14:28:06,Hawaïenne Poulet,1,14.99,Medium,Les Grands Classiques
2026-03-24 14:42:01,Royale Veggie,1,21.99,XL,Les Gourmandes Veggies
2026-03-24 14:42:01,Pêcheur,1,21.99,XL,Les Grands Classiques
2026-03-24 14:42:01,Urban Kebab,1,17.49,Medium,Les Originales
2026-03-24 15:31:33,Diavola Pepperoni,1,15.99,Medium,Les Originales
2026-03-24 15:31:33,Cannibale,1,20.49,Large,Les Iconiques
2026-03-24 15:31:33,Algérienne,1,18.99,Large,Les Grands Classiques
2026-03-24 15:57:20,Chicken BBQ,1,18.99,Large,Les Grands Classiques
2026-03-24 15:57:20,Kebab and Spicy,1,18.99,Large,Les Originales
2026-03-24 16:00:10,Hawaïenne Poulet,1,20.99,XL,Les Grands Classiques
2026-03-24 16:07:27,Extravaganzza,1,17.99,Medium,Toujours Plus
2026-03-24 16:07:27,Crispy Cannibale,1,20.99,Large,Les Originales
2026-03-24 16:25:58,Ultimate Meat,1,17.99,Medium,Toujours Plus
2026-03-24 16:25:58,Urban Kebab,2,46.98,XL,Les Originales
2026-03-24 16:25:58,Hawaïenne Poulet,1,20.99,XL,Les Grands Classiques
2026-03-24 16:28:16,Chicken Delight,1,18.99,Large,Les Originales
2026-03-24 16:28:16,Divine 3 Fromages,1,21.99,XL,Éditions Limitées
2026-03-24 16:28:16,Originale Pepperoni,1,15.99,Large,Les Bons Plans
2026-03-24 16:34:25,Royale Veggie,1,21.99,XL,Les Gourmandes Veggies
2026-03-24 16:34:25,Royale Veggie,1,18.99,Large,Les Gourmandes Veggies
2026-03-24 16:39:37,Algérienne,1,15.99,Medium,Les Grands Classiques
2026-03-24 16:43:09,Beef and Cheddar,1,17.99,Medium,Éditions Limitées
2026-03-24 16:50:08,Indienne,1,18.99,Large,Les Grands Classiques
2026-03-24 16:50:08,Crispy Cannibale,1,23.99,XL,Les Originales
2026-03-24 16:50:08,Hawaïenne Poulet,1,20.99,XL,Les Grands Classiques
2026-03-24 16:50:08,Hawaïenne Poulet,1,14.99,Medium,Les Grands Classiques
2026-03-24 16:58:45,Ultimate Meat,1,17.99,Medium,Toujours Plus
2026-03-24 16:58:45,Pêcheur,1,18.99,Large,Les Grands Classiques
2026-03-24 16:58:45,Peppina Vegan,1,16.99,Medium,Les Vegans
2026-03-24 17:04:55,Pepperoni Party,1,20.49,Large,Les Iconiques
2026-03-24 17:07:49,Steak and Cheese,1,20.99,XL,Les Grands Classiques
2026-03-24 17:08:31,Chicken BBQ,1,21.99,XL,Les Grands Classiques
2026-03-24 17:08:31,Diavola Pepperoni,1,15.99,Medium,Les Originales
2026-03-24 17:10:38,Ultimate Meat,1,17.99,Medium,Toujours Plus
2026-03-24 17:28:09,Extravaganzza,1,20.99,Large,Toujours Plus
2026-03-24 17:33:38,Chicken BBQ,1,18.99,Large,Les Grands Classiques
2026-03-24 17:39:17,Pepperoni Party,1,20.49,Large,Les Iconiques
2026-03-24 17:39:17,Cannibale,1,20.49,Large,Les Iconiques
2026-03-24 17:39:17,Hawaïenne Poulet,1,20.99,XL,Les Grands Classiques
2026-03-24 17:39:24,Chèvre-Miel,1,21.99,XL,Les Iconiques
2026-03-24 17:39:24,Pepperoni Party,1,23.49,XL,Les Iconiques
2026-03-24 17:59:12,Urban Kebab,1,20.49,Large,Les Originales
2026-03-24 17:59:12,Hawaïenne Poulet,1,14.99,Medium,Les Grands Classiques
2026-03-24 18:10:44,4 Fromages,1,17.49,Medium,Les Iconiques
2026-03-24 18:10:44,Originale Pepperoni,1,15.99,Large,Les Bons Plans
2026-03-24 18:48:54,Divine 3 Fromages,1,21.99,XL,Éditions Limitées
2026-03-24 18:53:06,Urban Kebab,1,17.49,Medium,Les Originales
2026-03-24 18:53:06,Steak and Cheese,1,20.99,XL,Les Grands Classiques
2026-03-24 18:57:07,Chèvre-Miel,1,18.99,Large,Les Iconiques
2026-03-24 18:57:07,Hawaïenne Poulet,1,17.99,Large,Les Grands Classiques
2026-03-24 19:00:07,Urban Kebab,1,17.49,Medium,Les Originales
2026-03-24 19:38:31,4 Fromages,1,17.49,Medium,Les Iconiques
2026-03-24 19:38:31,Chèvre-Miel,1,21.99,XL,Les Iconiques
2026-03-24 19:38:31,Steak and Cheese,1,14.99,Medium,Les Grands Classiques
2026-03-24 19:38:31,Peppina Vegan,1,19.99,Large,Les Vegans
2026-03-24 19:44:15,Forestière,1,17.49,Medium,Les Grands Classiques
2026-03-24 19:44:15,Kebab and Spicy,1,21.99,XL,Les Originales
2026-03-24 19:44:15,Steak and Cheese,1,20.99,XL,Les Grands Classiques
2026-03-24 19:49:39,Pepperoni Party,1,17.49,Medium,Les Iconiques
2026-03-24 19:49:39,Originale Pepperoni,1,12.99,Medium,Les Bons Plans
2026-03-24 19:57:44,Divine 3 Fromages,1,21.99,XL,Éditions Limitées
2026-03-24 19:57:44,Chicken and Cheddar,1,23.49,XL,Éditions Limitées
2026-03-24 19:57:44,Steak and Cheese,1,14.99,Medium,Les Grands Classiques
2026-03-24 20:01:03,Chicken BBQ,1,18.99,Large,Les Grands Classiques
2026-03-24 20:01:03,Ultimate Meat,1,17.99,Medium,Toujours Plus
2026-03-24 20:20:11,Pepperoni Party,1,20.49,Large,Les Iconiques
2026-03-24 20:20:11,Royale Veggie,1,21.99,XL,Les Gourmandes Veggies
2026-03-24 20:32:57,Chicken BBQ,1,18.99,Large,Les Grands Classiques
2026-03-24 20:32:57,Royale Veggie,1,21.99,XL,Les Gourmandes Veggies
2026-03-24 20:32:57,Kebab and Spicy,1,21.99,XL,Les Originales
2026-03-24 20:37:52,Chèvre-Miel,1,21.99,XL,Les Iconiques
2026-03-24 20:56:05,Chicken Delight,1,18.99,Large,Les Originales
2026-03-24 20:56:05,Chèvre-Miel,1,18.99,Large,Les Iconiques
2026-03-24 20:56:05,Peppina,1,19.99,Large,Les Gourmandes Veggies
2026-03-24 21:06:17,Urban Kebab,1,17.49,Medium,Les Originales
2026-03-24 22:03:54,Extravaganzza,1,17.99,Medium,Toujours Plus
2026-03-24 22:03:54,Forestière,1,23.49,XL,Les Grands Classiques
2026-03-24 22:14:02,Ultimate Meat,1,17.99,Medium,Toujours Plus
2026-03-24 22:14:02,Extravaganzza,1,17.99,Medium,Toujours Plus
2026-03-24 22:14:02,Forestière,1,23.49,XL,Les Grands Classiques
2026-03-24 22:14:02,Urban Kebab,1,17.49,Medium,Les Originales
2026-03-24 22:20:17,Hawaïenne Jambon,1,20.99,XL,Les Grands Classiques
2026-03-24 22:20:17,Crispy Cannibale,1,17.99,Medium,Les Originales
2026-03-24 22:20:17,Cannibale,1,23.49,XL,Les Iconiques
2026-03-24 22:20:17,Urban Kebab,1,17.49,Medium,Les Originales
2026-03-24 22:20:25,Forestière,1,23.49,XL,Les Grands Classiques
2026-03-24 22:20:25,Margherita,1,12.99,Medium,Les Bons Plans
2026-03-24 22:20:25,Peppina Vegan,1,19.99,Large,Les Vegans
2026-03-25 11:32:56,Pêcheur,1,21.99,XL,Les Grands Classiques
2026-03-25 11:37:54,Chicken BBQ,1,21.99,XL,Les Grands Classiques
2026-03-25 11:37:54,Ultimate Meat,1,17.99,Medium,Toujours Plus
2026-03-25 11:37:54,Diavola Pepperoni,1,15.99,Medium,Les Originales
2026-03-25 11:37:54,Hawaïenne Poulet,1,17.99,Large,Les Grands Classiques
2026-03-25 11:53:09,Peppina,1,19.99,Large,Les Gourmandes Veggies
2026-03-25 11:53:50,Indienne,1,18.99,Large,Les Grands Classiques
2026-03-25 12:00:40,Forestière,1,23.49,XL,Les Grands Classiques
2026-03-25 12:06:23,Beef and Cheddar,1,23.99,XL,Éditions Limitées
2026-03-25 12:06:23,Cheesy and Veggie,1,14.99,Medium,Les Gourmandes Veggies
2026-03-25 12:09:12,Diavola Haché au bœuf,1,18.99,Large,Les Originales
2026-03-25 12:09:12,Hawaïenne Jambon,1,20.99,XL,Les Grands Classiques
2026-03-25 12:11:42,Hawaïenne Poulet,1,20.99,XL,Les Grands Classiques
2026-03-25 12:20:42,Chèvre-Miel,1,18.99,Large,Les Iconiques
2026-03-25 12:22:09,4 Fromages,1,17.49,Medium,Les Iconiques
2026-03-25 12:22:09,Extravaganzza,1,20.99,Large,Toujours Plus
2026-03-25 12:22:09,Chèvre-Miel,1,18.99,Large,Les Iconiques
2026-03-25 12:41:13,Chicken Delight,1,18.99,Large,Les Originales
2026-03-25 12:41:13,Extravaganzza,1,20.99,Large,Toujours Plus
2026-03-25 12:41:13,Chèvre-Miel,1,18.99,Large,Les Iconiques
2026-03-25 12:41:13,Beef and Cheddar,1,23.99,XL,Éditions Limitées
2026-03-25 12:43:12,Chicken Delight,1,15.99,Medium,Les Originales
2026-03-25 13:00:56,Kebab and Spicy,1,15.99,Medium,Les Originales
2026-03-25 13:02:58,Rocket Veggie,1,18.99,XL,Les Gourmandes Veggies
2026-03-25 13:02:58,Cannibale,1,20.49,Large,Les Iconiques
2026-03-25 13:10:57,Extravaganzza,1,20.99,Large,Toujours Plus
2026-03-25 13:10:57,Diavola Pepperoni,1,15.99,Medium,Les Originales
2026-03-25 13:10:57,Beef and Cheddar,1,17.99,Medium,Éditions Limitées
2026-03-25 13:10:57,Cheesy and Veggie,1,17.99,Large,Les Gourmandes Veggies
2026-03-25 13:10:57,Chicken and Cheddar,1,20.49,Large,Éditions Limitées
2026-03-25 13:10:57,Hawaïenne Poulet,1,17.99,Large,Les Grands Classiques
2026-03-25 13:26:18,Extravaganzza,1,20.99,Large,Toujours Plus
2026-03-25 13:26:18,Kebab and Spicy,1,15.99,Medium,Les Originales
2026-03-25 13:34:24,Crispy Cannibale,1,23.99,XL,Les Originales
2026-03-25 13:36:37,Extravaganzza,1,20.99,Large,Toujours Plus
2026-03-25 13:49:25,Algérienne,1,21.99,XL,Les Grands Classiques
2026-03-25 13:58:48,Originale Pepperoni,1,15.99,Large,Les Bons Plans
2026-03-25 14:01:43,Urban Kebab,1,23.49,XL,Les Originales
2026-03-25 14:34:44,Diavola Pepperoni,1,15.99,Medium,Les Originales
2026-03-25 14:34:44,Steak and Cheese,1,20.99,XL,Les Grands Classiques
2026-03-25 14:57:26,Crispy Cannibale,1,23.99,XL,Les Originales
2026-03-25 15:42:29,Chicken Delight,1,18.99,Large,Les Originales
2026-03-25 15:42:29,Cannibale,1,20.49,Large,Les Iconiques
2026-03-25 16:12:29,Bacon Groovy,1,23.49,XL,Les Iconiques
2026-03-25 16:12:29,Margherita,1,12.99,Medium,Les Bons Plans
2026-03-25 16:43:47,Extravaganzza,1,20.99,Large,Toujours Plus
2026-03-25 17:02:42,Ultimate Meat,1,17.99,Medium,Toujours Plus
2026-03-25 17:02:42,Chèvre-Miel,1,21.99,XL,Les Iconiques
2026-03-25 17:02:42,Urban Kebab,1,20.49,Large,Les Originales
2026-03-25 17:07:45,Ultimate Meat,1,17.99,Medium,Toujours Plus
2026-03-25 17:07:45,Beef and Cheddar,1,20.99,Large,Éditions Limitées
2026-03-25 17:07:45,Algérienne,1,18.99,Large,Les Grands Classiques
2026-03-25 17:07:45,Peppina Vegan,1,22.99,XL,Les Vegans
2026-03-25 17:13:34,Bacon Groovy,1,23.49,XL,Les Iconiques
2026-03-25 17:13:34,Bacon Groovy,1,20.49,Large,Les Iconiques
2026-03-25 17:13:34,Royale Veggie,1,21.99,XL,Les Gourmandes Veggies
2026-03-25 17:32:07,Chèvre-Miel,1,21.99,XL,Les Iconiques
2026-03-25 17:32:07,Forestière,1,20.49,Large,Les Grands Classiques
2026-03-25 17:32:07,Urban Kebab,1,23.49,XL,Les Originales
2026-03-25 17:32:07,Kebab and Spicy,1,21.99,XL,Les Originales
2026-03-25 17:37:50,Bacon Groovy,1,17.49,Medium,Les Iconiques
2026-03-25 17:37:50,Kebab and Spicy,1,18.99,Large,Les Originales
2026-03-25 17:37:50,Peppina Vegan,1,22.99,XL,Les Vegans
2026-03-25 17:37:50,Peppina Vegan,1,16.99,Medium,Les Vegans
2026-03-25 17:43:05,Divine 3 Fromages,1,21.99,XL,Éditions Limitées
2026-03-25 17:43:05,Pepperoni Party,1,23.49,XL,Les Iconiques
2026-03-25 17:43:05,Pepperoni Party,1,20.49,Large,Les Iconiques
2026-03-25 17:49:01,Chicken Delight,1,18.99,Large,Les Originales
2026-03-25 17:49:01,Urban Kebab,1,23.49,XL,Les Originales
2026-03-25 17:59:15,Chicken Delight,1,21.99,XL,Les Originales
2026-03-25 17:59:15,Hawaïenne Jambon,1,20.99,XL,Les Grands Classiques
2026-03-25 17:59:15,Rocket Veggie,1,18.99,XL,Les Gourmandes Veggies
2026-03-25 18:05:54,Divine 3 Fromages,1,21.99,XL,Éditions Limitées
2026-03-25 18:11:17,Hawaïenne Jambon,1,14.99,Medium,Les Grands Classiques
2026-03-25 18:20:35,Chicken BBQ,1,21.99,XL,Les Grands Classiques
2026-03-25 18:20:35,Chicken Delight,1,21.99,XL,Les Originales
2026-03-25 18:20:35,Originale Pepperoni,1,12.99,Medium,Les Bons Plans
2026-03-25 18:35:12,Chicken BBQ,1,15.99,Medium,Les Grands Classiques
2026-03-25 18:35:12,Royale Veggie,1,18.99,Large,Les Gourmandes Veggies
2026-03-25 18:35:12,Kebab and Spicy,1,21.99,XL,Les Originales
2026-03-25 18:57:01,Chicken BBQ,1,18.99,Large,Les Grands Classiques
2026-03-25 18:57:01,Chèvre-Miel,1,21.99,XL,Les Iconiques
2026-03-25 18:57:01,Cannibale,1,20.49,Large,Les Iconiques
2026-03-25 18:57:01,Beef and Cheddar,1,23.99,XL,Éditions Limitées
2026-03-25 19:02:39,Peppina,1,16.99,Medium,Les Gourmandes Veggies
2026-03-25 19:02:39,Urban Kebab,1,23.49,XL,Les Originales
2026-03-25 19:12:01,Cheesy and Veggie,1,20.99,XL,Les Gourmandes Veggies
2026-03-25 19:12:01,Margherita,1,18.99,XL,Les Bons Plans
2026-03-25 19:12:01,Hawaïenne Poulet,1,17.99,Large,Les Grands Classiques
2026-03-25 19:21:56,Hawaïenne Poulet,1,20.99,XL,Les Grands Classiques
2026-03-25 19:39:31,Urban Kebab,1,17.49,Medium,Les Originales
2026-03-25 19:39:31,Beef and Cheddar,1,20.99,Large,Éditions Limitées
2026-03-25 19:39:31,Chicken and Cheddar,1,20.49,Large,Éditions Limitées
2026-03-25 19:52:33,Divine 3 Fromages,1,21.99,XL,Éditions Limitées
2026-03-25 19:52:33,Urban Kebab,1,17.49,Medium,Les Originales
2026-03-25 20:00:01,Royale Veggie,1,18.99,Large,Les Gourmandes Veggies
2026-03-25 20:06:38,Pepperoni Party,1,20.49,Large,Les Iconiques
2026-03-25 20:34:13,Indienne,1,18.99,Large,Les Grands Classiques
2026-03-25 20:34:13,Hawaïenne Jambon,1,14.99,Medium,Les Grands Classiques
2026-03-25 20:34:13,Rocket Veggie,1,18.99,XL,Les Gourmandes Veggies
2026-03-25 20:44:56,Chicken Delight,1,15.99,Medium,Les Originales
2026-03-25 20:44:56,Rocket Veggie,1,15.99,Large,Les Gourmandes Veggies
2026-03-25 20:44:56,Diavola Pepperoni,1,21.99,XL,Les Originales
2026-03-25 20:54:18,Chicken Delight,1,21.99,XL,Les Originales
2026-03-25 21:02:20,Algérienne,1,21.99,XL,Les Grands Classiques
2026-03-25 21:09:19,Chicken BBQ,1,18.99,Large,Les Grands Classiques
2026-03-25 21:09:19,Pêcheur,1,21.99,XL,Les Grands Classiques
2026-03-25 21:11:28,Originale Pepperoni,1,12.99,Medium,Les Bons Plans
2026-03-25 21:11:28,Crispy Cannibale,1,17.99,Medium,Les Originales
2026-03-25 21:13:53,Beef and Cheddar,1,17.99,Medium,Éditions Limitées
2026-03-25 21:26:47,Hawaïenne Jambon,1,14.99,Medium,Les Grands Classiques
2026-03-25 21:26:47,Originale Pepperoni,1,18.99,XL,Les Bons Plans
2026-03-25 21:26:57,Pepperoni Party,1,20.49,Large,Les Iconiques
2026-03-25 21:26:57,Originale Pepperoni,1,18.99,XL,Les Bons Plans
2026-03-25 22:16:46,Peppina,1,19.99,Large,Les Gourmandes Veggies
2026-03-26 11:22:59,Hawaïenne Jambon,1,20.99,XL,Les Grands Classiques
2026-03-26 11:34:32,Chèvre-Miel,1,21.99,XL,Les Iconiques
2026-03-26 11:37:06,Extravaganzza,1,20.99,Large,Toujours Plus
2026-03-26 11:37:06,Hawaïenne Jambon,1,14.99,Medium,Les Grands Classiques
2026-03-26 11:37:43,Diavola Haché au bœuf,1,18.99,Large,Les Originales
2026-03-26 11:37:43,Hawaïenne Jambon,1,14.99,Medium,Les Grands Classiques
2026-03-26 11:44:02,Bacon Groovy,1,17.49,Medium,Les Iconiques
2026-03-26 11:46:28,Chicken BBQ,1,21.99,XL,Les Grands Classiques
2026-03-26 11:46:28,Originale Pepperoni,1,12.99,Medium,Les Bons Plans
2026-03-26 11:50:45,Bacon Groovy,1,20.49,Large,Les Iconiques
2026-03-26 11:50:45,Extravaganzza,1,23.99,XL,Toujours Plus
2026-03-26 11:50:45,Crispy Cannibale,1,23.99,XL,Les Originales
2026-03-26 11:50:45,Urban Kebab,1,17.49,Medium,Les Originales
2026-03-26 12:00:55,Diavola Pepperoni,1,15.99,Medium,Les Originales
2026-03-26 12:18:13,Cannibale,1,17.49,Medium,Les Iconiques
2026-03-26 12:24:39,Rocket Veggie,1,18.99,XL,Les Gourmandes Veggies
2026-03-26 12:24:39,Peppina Vegan,1,16.99,Medium,Les Vegans
2026-03-26 12:38:04,Originale Pepperoni,1,18.99,XL,Les Bons Plans
2026-03-26 12:39:34,4 Fromages,1,17.49,Medium,Les Iconiques
2026-03-26 12:39:34,Originale Pepperoni,1,12.99,Medium,Les Bons Plans
2026-03-26 12:45:57,Indienne,1,21.99,XL,Les Grands Classiques
2026-03-26 12:45:57,Algérienne,1,21.99,XL,Les Grands Classiques
2026-03-26 12:48:02,Hawaïenne Poulet,1,14.99,Medium,Les Grands Classiques
2026-03-26 12:55:44,Chicken BBQ,1,15.99,Medium,Les Grands Classiques
2026-03-26 12:55:44,Originale Pepperoni,1,12.99,Medium,Les Bons Plans
2026-03-26 12:55:44,Beef and Cheddar,1,23.99,XL,Éditions Limitées
2026-03-26 12:55:44,Algérienne,1,15.99,Medium,Les Grands Classiques
2026-03-26 12:55:44,Kebab and Spicy,1,21.99,XL,Les Originales
2026-03-26 13:12:34,Cheesy and Veggie,1,17.99,Large,Les Gourmandes Veggies
2026-03-26 13:14:23,Chicken Delight,1,21.99,XL,Les Originales
2026-03-26 13:14:23,Pepperoni Party,1,23.49,XL,Les Iconiques
2026-03-26 13:14:23,Royale Veggie,1,21.99,XL,Les Gourmandes Veggies
2026-03-26 13:14:23,Urban Kebab,1,17.49,Medium,Les Originales
2026-03-26 13:34:44,Cheesy and Veggie,1,20.99,XL,Les Gourmandes Veggies
2026-03-26 13:35:54,Forestière,1,23.49,XL,Les Grands Classiques
2026-03-26 13:35:54,Beef and Cheddar,1,23.99,XL,Éditions Limitées
2026-03-26 13:53:46,Royale Veggie,1,15.99,Medium,Les Gourmandes Veggies
2026-03-26 13:58:44,Ultimate Meat,1,17.99,Medium,Toujours Plus
2026-03-26 13:58:44,Diavola Haché au bœuf,1,18.99,Large,Les Originales
2026-03-26 13:58:44,Chicken Delight,1,21.99,XL,Les Originales
2026-03-26 13:58:44,Extravaganzza,1,23.99,XL,Toujours Plus
2026-03-26 13:58:44,Extravaganzza,1,20.99,Large,Toujours Plus
2026-03-26 13:58:44,Forestière,1,17.49,Medium,Les Grands Classiques
2026-03-26 13:58:44,Pepperoni Party,1,23.49,XL,Les Iconiques
2026-03-26 13:58:44,Royale Veggie,1,21.99,XL,Les Gourmandes Veggies
2026-03-26 13:58:44,Urban Kebab,1,17.49,Medium,Les Originales
2026-03-26 13:58:44,Hawaïenne Poulet,1,20.99,XL,Les Grands Classiques
2026-03-26 13:58:44,Hawaïenne Poulet,1,17.99,Large,Les Grands Classiques
2026-03-26 13:58:44,Steak and Cheese,1,17.99,Large,Les Grands Classiques
2026-03-26 14:06:09,Kebab and Spicy,1,21.99,XL,Les Originales
2026-03-26 14:12:31,Chicken BBQ,1,21.99,XL,Les Grands Classiques
2026-03-26 14:12:31,Bacon Groovy,1,20.49,Large,Les Iconiques
2026-03-26 14:12:31,Hawaïenne Jambon,1,17.99,Large,Les Grands Classiques
2026-03-26 14:12:31,Beef and Cheddar,1,20.99,Large,Éditions Limitées
2026-03-26 14:15:57,Chicken Delight,1,21.99,XL,Les Originales
2026-03-26 14:23:00,Chicken BBQ,1,18.99,Large,Les Grands Classiques
2026-03-26 14:23:00,Peppina,1,19.99,Large,Les Gourmandes Veggies
2026-03-26 14:23:37,Chicken Delight,1,15.99,Medium,Les Originales
2026-03-26 14:23:37,Kebab and Spicy,1,15.99,Medium,Les Originales
2026-03-26 14:23:37,Margherita,1,12.99,Medium,Les Bons Plans
2026-03-26 14:37:13,Diavola Haché au bœuf,1,18.99,Large,Les Originales
2026-03-26 14:37:13,Chicken Delight,1,18.99,Large,Les Originales
2026-03-26 14:40:47,Chèvre-Miel,1,18.99,Large,Les Iconiques
2026-03-26 14:40:47,Algérienne,1,15.99,Medium,Les Grands Classiques
2026-03-26 14:54:00,Pepperoni Party,1,20.49,Large,Les Iconiques
2026-03-26 15:16:07,Indienne,1,18.99,Large,Les Grands Classiques
2026-03-26 15:16:07,Crispy Cannibale,1,20.99,Large,Les Originales
2026-03-26 15:37:15,Peppina,1,16.99,Medium,Les Gourmandes Veggies
2026-03-26 15:46:49,4 Fromages,1,17.49,Medium,Les Iconiques
2026-03-26 15:46:49,Urban Kebab,1,17.49,Medium,Les Originales
2026-03-26 15:55:20,Pêcheur,1,21.99,XL,Les Grands Classiques
2026-03-26 16:09:58,Bacon Groovy,1,23.49,XL,Les Iconiques
2026-03-26 16:09:58,Chèvre-Miel,1,18.99,Large,Les Iconiques
2026-03-26 16:09:58,Algérienne,1,21.99,XL,Les Grands Classiques
2026-03-26 16:09:58,Hawaïenne Poulet,1,20.99,XL,Les Grands Classiques
2026-03-26 16:17:47,Peppina,1,16.99,Medium,Les Gourmandes Veggies
2026-03-26 16:17:47,Steak and Cheese,1,20.99,XL,Les Grands Classiques
2026-03-26 16:20:57,Hawaïenne Jambon,1,20.99,XL,Les Grands Classiques
2026-03-26 16:20:57,Algérienne,1,21.99,XL,Les Grands Classiques
2026-03-26 16:30:33,Diavola Haché au bœuf,1,18.99,Large,Les Originales
2026-03-26 16:30:33,Cannibale,1,17.49,Medium,Les Iconiques
2026-03-26 16:51:53,Extravaganzza,1,20.99,Large,Toujours Plus
2026-03-26 16:51:53,Hawaïenne Jambon,1,17.99,Large,Les Grands Classiques
2026-03-26 16:51:53,Rocket Veggie,1,15.99,Large,Les Gourmandes Veggies
2026-03-26 16:51:53,Beef and Cheddar,1,23.99,XL,Éditions Limitées
2026-03-26 17:00:18,Kebab and Spicy,1,21.99,XL,Les Originales
2026-03-26 17:10:08,Chicken Delight,1,18.99,Large,Les Originales
2026-03-26 17:10:08,Divine 3 Fromages,1,21.99,XL,Éditions Limitées
2026-03-26 17:10:08,Hawaïenne Jambon,1,14.99,Medium,Les Grands Classiques
2026-03-26 17:10:08,Originale Pepperoni,1,12.99,Medium,Les Bons Plans
2026-03-26 17:10:13,Kebab and Spicy,1,21.99,XL,Les Originales
2026-03-26 17:12:05,Forestière,1,23.49,XL,Les Grands Classiques
2026-03-26 17:12:05,Pêcheur,1,21.99,XL,Les Grands Classiques
2026-03-26 17:30:05,Hawaïenne Jambon,1,14.99,Medium,Les Grands Classiques
2026-03-26 17:30:05,Beef and Cheddar,1,20.99,Large,Éditions Limitées
2026-03-26 17:30:05,Kebab and Spicy,1,21.99,XL,Les Originales
2026-03-26 17:40:27,Ultimate Meat,1,17.99,Medium,Toujours Plus
2026-03-26 17:43:00,Originale Pepperoni,1,12.99,Medium,Les Bons Plans
2026-03-26 17:50:15,Chicken BBQ,1,15.99,Medium,Les Grands Classiques
2026-03-26 17:55:08,Peppina,1,19.99,Large,Les Gourmandes Veggies
2026-03-26 17:58:03,Bacon Groovy,1,23.49,XL,Les Iconiques
2026-03-26 17:58:03,Diavola Pepperoni,1,15.99,Medium,Les Originales
2026-03-26 18:12:55,Extravaganzza,1,20.99,Large,Toujours Plus
2026-03-26 18:17:36,Chicken Delight,1,18.99,Large,Les Originales
2026-03-26 18:23:08,Chicken BBQ,1,18.99,Large,Les Grands Classiques
2026-03-26 18:23:08,Indienne,1,18.99,Large,Les Grands Classiques
2026-03-26 18:34:53,Extravaganzza,1,20.99,Large,Toujours Plus
2026-03-26 18:34:53,Originale Pepperoni,1,18.99,XL,Les Bons Plans
2026-03-26 18:34:53,Algérienne,1,21.99,XL,Les Grands Classiques
2026-03-26 18:34:53,Hawaïenne Poulet,1,20.99,XL,Les Grands Classiques
2026-03-26 18:40:21,Hawaïenne Jambon,1,20.99,XL,Les Grands Classiques
2026-03-26 18:45:15,Super Veggie,1,17.49,Medium,Les Gourmandes Veggies
2026-03-26 18:45:15,Forestière,1,17.49,Medium,Les Grands Classiques
2026-03-26 18:45:15,Chicken and Cheddar,1,17.49,Medium,Éditions Limitées
2026-03-26 18:49:21,Chicken Delight,1,15.99,Medium,Les Originales
2026-03-26 18:49:21,Cannibale,1,20.49,Large,Les Iconiques
2026-03-26 18:53:41,Ultimate Meat,1,17.99,Medium,Toujours Plus
2026-03-26 18:56:26,Ultimate Meat,1,17.99,Medium,Toujours Plus
2026-03-26 19:35:46,Pepperoni Party,1,20.49,Large,Les Iconiques
2026-03-26 19:51:36,Ultimate Meat,1,17.99,Medium,Toujours Plus
2026-03-26 19:51:36,Hawaïenne Poulet,1,20.99,XL,Les Grands Classiques
2026-03-26 20:01:53,Chicken BBQ,1,18.99,Large,Les Grands Classiques
2026-03-26 20:01:53,Cannibale,1,23.49,XL,Les Iconiques
2026-03-26 20:01:53,Beef and Cheddar,1,23.99,XL,Éditions Limitées
2026-03-26 20:01:53,Algérienne,1,15.99,Medium,Les Grands Classiques
2026-03-26 20:08:07,Hawaïenne Jambon,1,14.99,Medium,Les Grands Classiques
2026-03-26 20:08:07,Rocket Veggie,1,18.99,XL,Les Gourmandes Veggies
2026-03-26 20:08:07,Margherita,1,12.99,Medium,Les Bons Plans
2026-03-26 20:08:07,Hawaïenne Poulet,1,14.99,Medium,Les Grands Classiques
2026-03-26 20:21:14,Ultimate Meat,1,17.99,Medium,Toujours Plus
2026-03-26 20:21:14,Super Veggie,1,17.49,Medium,Les Gourmandes Veggies
2026-03-26 20:21:14,Margherita,1,18.99,XL,Les Bons Plans
2026-03-26 20:25:19,Hawaïenne Jambon,1,20.99,XL,Les Grands Classiques
2026-03-26 20:25:19,Forestière,1,23.49,XL,Les Grands Classiques
2026-03-26 20:44:56,Royale Veggie,1,21.99,XL,Les Gourmandes Veggies
2026-03-26 21:23:45,Algérienne,1,15.99,Medium,Les Grands Classiques
2026-03-27 11:49:29,Hawaïenne Jambon,1,20.99,XL,Les Grands Classiques
2026-03-27 11:50:10,Kebab and Spicy,1,15.99,Medium,Les Originales
2026-03-27 11:50:10,Hawaïenne Poulet,1,20.99,XL,Les Grands Classiques
2026-03-27 11:50:10,Steak and Cheese,1,20.99,XL,Les Grands Classiques
2026-03-27 11:58:27,Indienne,1,18.99,Large,Les Grands Classiques
2026-03-27 12:07:05,Steak and Cheese,1,20.99,XL,Les Grands Classiques
2026-03-27 12:20:59,Diavola Haché au bœuf,1,18.99,Large,Les Originales
2026-03-27 12:20:59,Chicken Delight,1,15.99,Medium,Les Originales
2026-03-27 12:20:59,Forestière,1,23.49,XL,Les Grands Classiques
2026-03-27 12:20:59,Pepperoni Party,1,20.49,Large,Les Iconiques
2026-03-27 12:20:59,Pepperoni Party,1,17.49,Medium,Les Iconiques
2026-03-27 12:20:59,Royale Veggie,1,21.99,XL,Les Gourmandes Veggies
2026-03-27 12:20:59,Pêcheur,1,18.99,Large,Les Grands Classiques
2026-03-27 12:20:59,Originale Pepperoni,1,15.99,Large,Les Bons Plans
2026-03-27 12:20:59,Urban Kebab,1,23.49,XL,Les Originales
2026-03-27 12:20:59,Urban Kebab,1,20.49,Large,Les Originales
2026-03-27 12:20:59,Algérienne,1,18.99,Large,Les Grands Classiques
2026-03-27 12:20:59,Margherita,1,18.99,XL,Les Bons Plans
2026-03-27 12:20:59,Peppina Vegan,1,19.99,Large,Les Vegans
2026-03-27 12:26:17,Hawaïenne Jambon,1,20.99,XL,Les Grands Classiques
2026-03-27 12:29:40,Super Veggie,1,17.49,Medium,Les Gourmandes Veggies
2026-03-27 12:29:40,Chicken and Cheddar,1,23.49,XL,Éditions Limitées
2026-03-27 12:29:41,Extravaganzza,1,17.99,Medium,Toujours Plus
2026-03-27 12:35:03,Kebab and Spicy,1,18.99,Large,Les Originales
2026-03-27 12:47:48,Extravaganzza,1,17.99,Medium,Toujours Plus
2026-03-27 12:47:48,Urban Kebab,1,23.49,XL,Les Originales
2026-03-27 12:47:48,Kebab and Spicy,1,21.99,XL,Les Originales
2026-03-27 12:53:56,Urban Kebab,1,17.49,Medium,Les Originales
2026-03-27 12:56:32,Divine 3 Fromages,1,21.99,XL,Éditions Limitées
2026-03-27 13:05:06,Cannibale,1,20.49,Large,Les Iconiques
2026-03-27 13:08:15,Extravaganzza,1,17.99,Medium,Toujours Plus
2026-03-27 13:08:15,Pepperoni Party,1,17.49,Medium,Les Iconiques
2026-03-27 13:12:12,Chèvre-Miel,1,21.99,XL,Les Iconiques
2026-03-27 13:12:12,Forestière,1,23.49,XL,Les Grands Classiques
2026-03-27 13:12:12,Margherita,1,15.99,Large,Les Bons Plans
2026-03-27 13:21:18,Chicken Delight,1,21.99,XL,Les Originales
2026-03-27 13:21:18,Pêcheur,1,18.99,Large,Les Grands Classiques
2026-03-27 13:21:18,Urban Kebab,1,20.49,Large,Les Originales
2026-03-27 13:21:18,Urban Kebab,1,17.49,Medium,Les Originales
2026-03-27 13:31:17,Cheesy and Veggie,1,20.99,XL,Les Gourmandes Veggies
2026-03-27 13:41:43,Divine 3 Fromages,1,21.99,XL,Éditions Limitées
2026-03-27 13:41:43,Peppina,1,16.99,Medium,Les Gourmandes Veggies
2026-03-27 13:41:43,Beef and Cheddar,1,23.99,XL,Éditions Limitées
2026-03-27 13:41:43,Algérienne,1,18.99,Large,Les Grands Classiques
2026-03-27 13:43:35,Chicken Delight,1,18.99,Large,Les Originales
2026-03-27 13:43:35,Super Veggie,1,23.49,XL,Les Gourmandes Veggies
2026-03-27 13:43:35,Originale Pepperoni,1,12.99,Medium,Les Bons Plans
2026-03-27 13:43:35,Crispy Cannibale,1,23.99,XL,Les Originales
2026-03-27 13:43:35,Algérienne,1,15.99,Medium,Les Grands Classiques
2026-03-27 13:43:35,Kebab and Spicy,1,21.99,XL,Les Originales
2026-03-27 13:43:35,Peppina Vegan,1,22.99,XL,Les Vegans
2026-03-27 13:59:35,Forestière,1,20.49,Large,Les Grands Classiques
2026-03-27 14:22:32,Cheesy and Veggie,1,17.99,Large,Les Gourmandes Veggies
2026-03-27 14:33:01,Beef and Cheddar,1,20.99,Large,Éditions Limitées
2026-03-27 14:33:30,Cannibale,1,23.49,XL,Les Iconiques
2026-03-27 14:57:13,Hawaïenne Jambon,1,14.99,Medium,Les Grands Classiques
2026-03-27 14:57:13,Peppina Vegan,1,16.99,Medium,Les Vegans
2026-03-27 15:30:43,Super Veggie,1,17.49,Medium,Les Gourmandes Veggies
2026-03-27 16:10:25,Divine 3 Fromages,1,21.99,XL,Éditions Limitées
2026-03-27 16:10:25,Pepperoni Party,1,23.49,XL,Les Iconiques
2026-03-27 16:10:25,Kebab and Spicy,1,21.99,XL,Les Originales
2026-03-27 16:12:26,Indienne,1,18.99,Large,Les Grands Classiques
2026-03-27 16:12:26,Kebab and Spicy,1,15.99,Medium,Les Originales
2026-03-27 16:12:46,Indienne,1,18.99,Large,Les Grands Classiques
2026-03-27 16:12:46,Extravaganzza,1,20.99,Large,Toujours Plus
2026-03-27 16:12:46,Steak and Cheese,1,20.99,XL,Les Grands Classiques
2026-03-27 16:16:50,Super Veggie,1,17.49,Medium,Les Gourmandes Veggies
2026-03-27 16:16:50,Originale Pepperoni,1,18.99,XL,Les Bons Plans
2026-03-27 16:25:42,Chicken BBQ,1,21.99,XL,Les Grands Classiques
2026-03-27 16:25:42,Chèvre-Miel,1,21.99,XL,Les Iconiques
2026-03-27 16:25:42,Peppina,1,19.99,Large,Les Gourmandes Veggies
2026-03-27 16:25:42,Diavola Pepperoni,1,21.99,XL,Les Originales
2026-03-27 16:48:30,Algérienne,1,18.99,Large,Les Grands Classiques
2026-03-27 16:48:30,Kebab and Spicy,1,15.99,Medium,Les Originales
2026-03-27 16:58:24,Extravaganzza,1,17.99,Medium,Toujours Plus
2026-03-27 17:00:09,Chicken Delight,1,18.99,Large,Les Originales
2026-03-27 17:00:09,Divine 3 Fromages,1,21.99,XL,Éditions Limitées
2026-03-27 17:04:40,Hawaïenne Jambon,1,20.99,XL,Les Grands Classiques
2026-03-27 17:04:40,Royale Veggie,1,21.99,XL,Les Gourmandes Veggies
2026-03-27 17:04:40,Urban Kebab,1,23.49,XL,Les Originales
2026-03-27 17:04:40,Algérienne,1,18.99,Large,Les Grands Classiques
2026-03-27 17:28:05,Extravaganzza,1,23.99,XL,Toujours Plus
2026-03-27 17:28:05,Extravaganzza,1,17.99,Medium,Toujours Plus
2026-03-27 17:28:05,Margherita,1,15.99,Large,Les Bons Plans
2026-03-27 17:31:39,Chicken and Cheddar,1,17.49,Medium,Éditions Limitées
2026-03-27 17:41:05,Chicken BBQ,1,21.99,XL,Les Grands Classiques
2026-03-27 17:45:15,Chicken BBQ,1,21.99,XL,Les Grands Classiques
2026-03-27 17:45:15,Algérienne,1,18.99,Large,Les Grands Classiques
2026-03-27 17:45:15,Steak and Cheese,1,20.99,XL,Les Grands Classiques
2026-03-27 17:49:28,Hawaïenne Jambon,1,17.99,Large,Les Grands Classiques
2026-03-27 17:49:28,Rocket Veggie,1,18.99,XL,Les Gourmandes Veggies
2026-03-27 17:49:28,Kebab and Spicy,1,15.99,Medium,Les Originales
2026-03-27 17:49:28,Hawaïenne Poulet,1,20.99,XL,Les Grands Classiques
2026-03-27 17:51:15,Algérienne,1,18.99,Large,Les Grands Classiques
2026-03-27 17:52:41,Hawaïenne Jambon,1,17.99,Large,Les Grands Classiques
2026-03-27 17:52:41,Steak and Cheese,1,20.99,XL,Les Grands Classiques
2026-03-27 17:52:55,Pepperoni Party,1,17.49,Medium,Les Iconiques
2026-03-27 17:56:27,Divine 3 Fromages,1,21.99,XL,Éditions Limitées
2026-03-27 17:56:27,Chèvre-Miel,1,21.99,XL,Les Iconiques
2026-03-27 17:56:27,Crispy Cannibale,1,20.99,Large,Les Originales
2026-03-27 17:56:27,Cheesy and Veggie,1,20.99,XL,Les Gourmandes Veggies
2026-03-27 17:56:55,Royale Veggie,1,18.99,Large,Les Gourmandes Veggies
2026-03-27 17:56:55,Originale Pepperoni,1,12.99,Medium,Les Bons Plans
2026-03-27 17:56:55,Margherita,1,15.99,Large,Les Bons Plans
2026-03-27 18:04:24,Margherita,1,12.99,Medium,Les Bons Plans
2026-03-27 18:15:26,Diavola Pepperoni,1,18.99,Large,Les Originales
2026-03-27 18:15:26,Originale Pepperoni,1,12.99,Medium,Les Bons Plans
2026-03-27 18:15:26,Urban Kebab,1,17.49,Medium,Les Originales
2026-03-27 18:15:26,Cheesy and Veggie,1,20.99,XL,Les Gourmandes Veggies
2026-03-27 18:16:47,Divine 3 Fromages,1,21.99,XL,Éditions Limitées
2026-03-27 18:16:47,Forestière,1,23.49,XL,Les Grands Classiques
2026-03-27 18:16:47,Peppina Vegan,1,16.99,Medium,Les Vegans
2026-03-27 18:19:24,Super Veggie,1,17.49,Medium,Les Gourmandes Veggies
2026-03-27 18:19:24,Pepperoni Party,1,20.49,Large,Les Iconiques
2026-03-27 18:19:24,Margherita,1,15.99,Large,Les Bons Plans
2026-03-27 18:19:24,Peppina Vegan,1,16.99,Medium,Les Vegans
2026-03-27 18:26:20,Divine 3 Fromages,1,21.99,XL,Éditions Limitées
2026-03-27 18:26:20,Originale Pepperoni,1,12.99,Medium,Les Bons Plans
2026-03-27 18:26:20,Peppina Vegan,1,16.99,Medium,Les Vegans
2026-03-27 18:46:46,Extravaganzza,1,20.99,Large,Toujours Plus
2026-03-27 18:46:46,Algérienne,1,18.99,Large,Les Grands Classiques
2026-03-27 18:46:46,Kebab and Spicy,1,21.99,XL,Les Originales
2026-03-27 18:54:36,Forestière,1,17.49,Medium,Les Grands Classiques
2026-03-27 19:14:27,Algérienne,1,18.99,Large,Les Grands Classiques
2026-03-27 19:15:56,Ultimate Meat,1,17.99,Medium,Toujours Plus
2026-03-27 19:15:56,Peppina,1,19.99,Large,Les Gourmandes Veggies
2026-03-27 19:18:58,Originale Pepperoni,1,15.99,Large,Les Bons Plans
2026-03-27 19:30:46,Cannibale,1,23.49,XL,Les Iconiques
2026-03-27 19:30:46,Steak and Cheese,1,14.99,Medium,Les Grands Classiques
2026-03-27 19:30:46,Peppina Vegan,1,19.99,Large,Les Vegans
2026-03-27 19:33:52,Extravaganzza,1,17.99,Medium,Toujours Plus
2026-03-27 19:40:48,Bacon Groovy,1,17.49,Medium,Les Iconiques
2026-03-27 19:40:48,Rocket Veggie,1,18.99,XL,Les Gourmandes Veggies
2026-03-27 19:40:48,Diavola Pepperoni,1,18.99,Large,Les Originales
2026-03-27 19:40:48,Crispy Cannibale,1,20.99,Large,Les Originales
2026-03-27 19:50:43,Chicken Delight,1,18.99,Large,Les Originales
2026-03-27 19:50:43,Cheesy and Veggie,1,17.99,Large,Les Gourmandes Veggies
2026-03-27 19:59:09,Diavola Haché au bœuf,1,18.99,Large,Les Originales
2026-03-27 19:59:09,Forestière,1,20.49,Large,Les Grands Classiques
2026-03-27 19:59:09,Cannibale,1,20.49,Large,Les Iconiques
2026-03-27 19:59:09,Urban Kebab,1,17.49,Medium,Les Originales
2026-03-27 20:03:34,Chicken BBQ,1,18.99,Large,Les Grands Classiques
2026-03-27 20:03:34,Hawaïenne Jambon,1,17.99,Large,Les Grands Classiques
2026-03-27 20:03:34,Forestière,1,23.49,XL,Les Grands Classiques
2026-03-27 20:26:45,Originale Pepperoni,1,15.99,Large,Les Bons Plans
2026-03-27 20:26:45,Cheesy and Veggie,1,20.99,XL,Les Gourmandes Veggies
2026-03-27 20:28:06,Chicken BBQ,1,21.99,XL,Les Grands Classiques
2026-03-27 20:28:06,Forestière,1,20.49,Large,Les Grands Classiques
2026-03-27 20:28:06,Royale Veggie,1,21.99,XL,Les Gourmandes Veggies
2026-03-27 20:53:44,Bacon Groovy,1,20.49,Large,Les Iconiques
2026-03-27 20:53:44,Super Veggie,1,17.49,Medium,Les Gourmandes Veggies
2026-03-27 20:53:44,Kebab and Spicy,1,18.99,Large,Les Originales
2026-03-27 20:53:44,Chicken and Cheddar,1,17.49,Medium,Éditions Limitées
2026-03-27 21:08:30,Pêcheur,1,15.99,Medium,Les Grands Classiques
2026-03-27 21:21:49,Bacon Groovy,1,23.49,XL,Les Iconiques
2026-03-27 21:21:49,Margherita,1,18.99,XL,Les Bons Plans
2026-03-27 21:43:10,Chicken BBQ,1,15.99,Medium,Les Grands Classiques
2026-03-27 21:43:10,Bacon Groovy,1,17.49,Medium,Les Iconiques
2026-03-27 21:58:19,Kebab and Spicy,1,21.99,XL,Les Originales
2026-03-27 22:16:53,Rocket Veggie,1,15.99,Large,Les Gourmandes Veggies
2026-03-27 22:16:53,Diavola Pepperoni,1,21.99,XL,Les Originales
2026-03-27 22:16:53,Steak and Cheese,1,20.99,XL,Les Grands Classiques
2026-03-27 22:19:13,Ultimate Meat,1,17.99,Medium,Toujours Plus
2026-03-27 22:19:13,Kebab and Spicy,1,21.99,XL,Les Originales
2026-03-27 22:37:50,Ultimate Meat,1,17.99,Medium,Toujours Plus
2026-03-27 22:52:56,Chèvre-Miel,1,21.99,XL,Les Iconiques
2026-03-27 22:52:56,Chicken and Cheddar,1,20.49,Large,Éditions Limitées
2026-03-28 11:41:16,Margherita,1,12.99,Medium,Les Bons Plans
2026-03-28 12:15:35,Hawaïenne Jambon,1,14.99,Medium,Les Grands Classiques
2026-03-28 12:17:36,Hawaïenne Poulet,1,20.99,XL,Les Grands Classiques
2026-03-28 12:37:40,Chicken BBQ,1,15.99,Medium,Les Grands Classiques
2026-03-28 12:37:40,Chicken Delight,1,18.99,Large,Les Originales
2026-03-28 12:37:40,Bacon Groovy,1,17.49,Medium,Les Iconiques
2026-03-28 12:37:40,Divine 3 Fromages,1,21.99,XL,Éditions Limitées
2026-03-28 12:37:40,Chèvre-Miel,1,21.99,XL,Les Iconiques
2026-03-28 12:37:40,Royale Veggie,1,18.99,Large,Les Gourmandes Veggies
2026-03-28 12:37:40,Crispy Cannibale,1,23.99,XL,Les Originales
2026-03-28 12:40:38,Chicken Delight,1,18.99,Large,Les Originales
2026-03-28 12:40:38,Divine 3 Fromages,2,43.98,XL,Éditions Limitées
2026-03-28 12:40:38,Cannibale,1,17.49,Medium,Les Iconiques
2026-03-28 12:40:38,Urban Kebab,1,17.49,Medium,Les Originales
2026-03-28 12:40:38,Hawaïenne Poulet,1,20.99,XL,Les Grands Classiques
2026-03-28 12:40:38,Steak and Cheese,1,20.99,XL,Les Grands Classiques
2026-03-28 12:40:47,Extravaganzza,1,23.99,XL,Toujours Plus
2026-03-28 12:40:47,Super Veggie,1,17.49,Medium,Les Gourmandes Veggies
2026-03-28 12:40:47,Pêcheur,1,15.99,Medium,Les Grands Classiques
2026-03-28 12:40:47,Margherita,1,15.99,Large,Les Bons Plans
2026-03-28 12:42:22,Royale Veggie,1,21.99,XL,Les Gourmandes Veggies
2026-03-28 12:45:45,Chèvre-Miel,1,21.99,XL,Les Iconiques
2026-03-28 12:45:45,Peppina Vegan,1,16.99,Medium,Les Vegans
2026-03-28 12:57:51,Chicken BBQ,1,18.99,Large,Les Grands Classiques
2026-03-28 12:57:51,Hawaïenne Jambon,1,20.99,XL,Les Grands Classiques
2026-03-28 12:57:51,Hawaïenne Jambon,1,14.99,Medium,Les Grands Classiques
2026-03-28 13:35:21,Chicken BBQ,1,18.99,Large,Les Grands Classiques
2026-03-28 13:35:21,Originale Pepperoni,1,18.99,XL,Les Bons Plans
2026-03-28 13:35:21,Kebab and Spicy,1,21.99,XL,Les Originales
2026-03-28 13:35:21,Cheesy and Veggie,1,20.99,XL,Les Gourmandes Veggies
2026-03-28 13:47:27,Margherita,1,18.99,XL,Les Bons Plans
2026-03-28 13:58:24,Pêcheur,1,15.99,Medium,Les Grands Classiques
2026-03-28 14:15:53,Peppina Vegan,1,19.99,Large,Les Vegans
2026-03-28 14:19:34,Pepperoni Party,1,20.49,Large,Les Iconiques
2026-03-28 14:19:34,Hawaïenne Poulet,1,14.99,Medium,Les Grands Classiques
2026-03-28 14:19:34,Steak and Cheese,1,14.99,Medium,Les Grands Classiques
2026-03-28 14:44:43,Algérienne,1,15.99,Medium,Les Grands Classiques
2026-03-28 14:48:02,Bacon Groovy,1,20.49,Large,Les Iconiques
2026-03-28 14:48:50,Originale Pepperoni,1,15.99,Large,Les Bons Plans
2026-03-28 14:48:50,Kebab and Spicy,1,15.99,Medium,Les Originales
2026-03-28 14:48:50,Cheesy and Veggie,1,14.99,Medium,Les Gourmandes Veggies
2026-03-28 14:48:50,Steak and Cheese,1,20.99,XL,Les Grands Classiques
2026-03-28 15:08:03,Extravaganzza,1,23.99,XL,Toujours Plus
2026-03-28 15:08:03,Originale Pepperoni,1,15.99,Large,Les Bons Plans
2026-03-28 15:08:24,Chicken BBQ,1,18.99,Large,Les Grands Classiques
2026-03-28 15:08:24,Originale Pepperoni,1,12.99,Medium,Les Bons Plans
2026-03-28 15:08:24,Margherita,1,15.99,Large,Les Bons Plans
2026-03-28 15:14:42,Super Veggie,1,20.49,Large,Les Gourmandes Veggies
2026-03-28 15:14:42,Rocket Veggie,1,15.99,Large,Les Gourmandes Veggies
2026-03-28 15:14:42,Kebab and Spicy,1,21.99,XL,Les Originales
2026-03-28 15:23:30,Divine 3 Fromages,1,21.99,XL,Éditions Limitées
2026-03-28 15:50:03,Pepperoni Party,1,20.49,Large,Les Iconiques
2026-03-28 15:50:03,Originale Pepperoni,1,15.99,Large,Les Bons Plans
2026-03-28 15:50:03,Cheesy and Veggie,1,17.99,Large,Les Gourmandes Veggies
2026-03-28 16:03:23,Royale Veggie,1,18.99,Large,Les Gourmandes Veggies
2026-03-28 16:03:23,Cheesy and Veggie,1,17.99,Large,Les Gourmandes Veggies
2026-03-28 16:07:33,Chicken BBQ,1,18.99,Large,Les Grands Classiques
2026-03-28 16:07:33,Ultimate Meat,1,17.99,Medium,Toujours Plus
2026-03-28 16:07:33,Kebab and Spicy,1,21.99,XL,Les Originales
2026-03-28 16:07:33,Hawaïenne Poulet,1,20.99,XL,Les Grands Classiques
2026-03-28 16:09:26,Ultimate Meat,1,17.99,Medium,Toujours Plus
2026-03-28 16:09:26,Originale Pepperoni,1,15.99,Large,Les Bons Plans
2026-03-28 16:16:37,Chicken BBQ,1,21.99,XL,Les Grands Classiques
2026-03-28 16:16:37,Pepperoni Party,1,17.49,Medium,Les Iconiques
2026-03-28 16:16:37,Diavola Pepperoni,1,21.99,XL,Les Originales
2026-03-28 16:38:35,Kebab and Spicy,1,18.99,Large,Les Originales
2026-03-28 16:53:33,Chicken Delight,1,18.99,Large,Les Originales
2026-03-28 16:53:33,Extravaganzza,1,20.99,Large,Toujours Plus
2026-03-28 16:53:33,Royale Veggie,1,21.99,XL,Les Gourmandes Veggies
2026-03-28 16:53:33,Urban Kebab,1,23.49,XL,Les Originales
2026-03-28 16:56:08,Pepperoni Party,1,23.49,XL,Les Iconiques
2026-03-28 16:56:08,Beef and Cheddar,1,23.99,XL,Éditions Limitées
2026-03-28 16:56:08,Kebab and Spicy,1,18.99,Large,Les Originales
2026-03-28 16:56:08,Cheesy and Veggie,1,17.99,Large,Les Gourmandes Veggies
2026-03-28 16:59:31,Diavola Pepperoni,1,21.99,XL,Les Originales
2026-03-28 17:08:46,Steak and Cheese,1,17.99,Large,Les Grands Classiques
2026-03-28 17:14:30,Urban Kebab,1,17.49,Medium,Les Originales
2026-03-28 17:26:43,Rocket Veggie,1,12.99,Medium,Les Gourmandes Veggies
2026-03-28 17:26:43,Cannibale,1,20.49,Large,Les Iconiques
2026-03-28 17:26:43,Steak and Cheese,1,14.99,Medium,Les Grands Classiques
2026-03-28 17:47:46,Cannibale,1,20.49,Large,Les Iconiques
2026-03-28 17:47:46,Kebab and Spicy,1,18.99,Large,Les Originales
2026-03-28 17:47:46,Hawaïenne Poulet,1,14.99,Medium,Les Grands Classiques
2026-03-28 17:55:48,Chicken BBQ,1,21.99,XL,Les Grands Classiques
2026-03-28 17:55:48,Hawaïenne Poulet,1,20.99,XL,Les Grands Classiques
2026-03-28 17:58:23,Urban Kebab,1,23.49,XL,Les Originales
2026-03-28 17:58:23,Margherita,1,12.99,Medium,Les Bons Plans
2026-03-28 18:04:45,Peppina Vegan,1,19.99,Large,Les Vegans
2026-03-28 18:12:16,Crispy Cannibale,1,23.99,XL,Les Originales
2026-03-28 18:12:16,Kebab and Spicy,1,21.99,XL,Les Originales
2026-03-28 18:43:40,Chicken Delight,1,21.99,XL,Les Originales
2026-03-28 18:49:27,Kebab and Spicy,1,21.99,XL,Les Originales
2026-03-28 18:49:27,Kebab and Spicy,1,15.99,Medium,Les Originales
2026-03-28 18:55:29,Beef and Cheddar,1,17.99,Medium,Éditions Limitées
2026-03-28 18:55:29,Kebab and Spicy,1,21.99,XL,Les Originales
2026-03-28 18:55:54,Hawaïenne Jambon,1,17.99,Large,Les Grands Classiques
2026-03-28 18:55:54,Royale Veggie,1,21.99,XL,Les Gourmandes Veggies
2026-03-28 19:25:20,Diavola Pepperoni,1,21.99,XL,Les Originales
2026-03-28 19:25:20,Beef and Cheddar,1,23.99,XL,Éditions Limitées
2026-03-28 19:25:20,Algérienne,1,18.99,Large,Les Grands Classiques
2026-03-28 19:28:49,Chicken Delight,1,18.99,Large,Les Originales
2026-03-28 19:35:27,Crispy Cannibale,1,20.99,Large,Les Originales
2026-03-28 19:37:09,Pepperoni Party,1,17.49,Medium,Les Iconiques
2026-03-28 19:37:09,Kebab and Spicy,1,15.99,Medium,Les Originales
2026-03-28 19:37:09,Peppina Vegan,1,16.99,Medium,Les Vegans
2026-03-28 19:45:19,Royale Veggie,1,21.99,XL,Les Gourmandes Veggies
2026-03-28 19:48:11,Chèvre-Miel,1,21.99,XL,Les Iconiques
2026-03-28 19:48:11,Royale Veggie,1,18.99,Large,Les Gourmandes Veggies
2026-03-28 19:48:11,Chicken and Cheddar,1,23.49,XL,Éditions Limitées
2026-03-28 19:54:39,Pêcheur,1,21.99,XL,Les Grands Classiques
2026-03-28 19:54:39,Hawaïenne Poulet,1,14.99,Medium,Les Grands Classiques
2026-03-28 20:05:31,Ultimate Meat,1,17.99,Medium,Toujours Plus
2026-03-28 20:05:31,Hawaïenne Jambon,1,14.99,Medium,Les Grands Classiques
2026-03-28 20:05:31,Peppina,1,16.99,Medium,Les Gourmandes Veggies
2026-03-28 20:05:31,Hawaïenne Poulet,1,20.99,XL,Les Grands Classiques
2026-03-28 20:13:50,Hawaïenne Jambon,1,14.99,Medium,Les Grands Classiques
2026-03-28 20:20:01,Extravaganzza,1,20.99,Large,Toujours Plus
2026-03-28 20:20:01,Algérienne,1,21.99,XL,Les Grands Classiques
2026-03-28 20:24:32,Hawaïenne Jambon,1,17.99,Large,Les Grands Classiques
2026-03-28 20:24:32,Kebab and Spicy,1,21.99,XL,Les Originales
2026-03-28 20:28:50,Originale Pepperoni,1,12.99,Medium,Les Bons Plans
2026-03-28 20:28:50,Margherita,1,15.99,Large,Les Bons Plans
2026-03-28 20:39:16,Chicken Delight,1,21.99,XL,Les Originales
2026-03-28 20:39:16,Extravaganzza,1,17.99,Medium,Toujours Plus
2026-03-28 20:39:16,Cheesy and Veggie,1,17.99,Large,Les Gourmandes Veggies
2026-03-28 20:43:58,Ultimate Meat,1,17.99,Medium,Toujours Plus
2026-03-28 20:43:58,Divine 3 Fromages,1,21.99,XL,Éditions Limitées
2026-03-28 20:43:58,Hawaïenne Jambon,1,14.99,Medium,Les Grands Classiques
2026-03-28 20:43:58,Peppina Vegan,1,19.99,Large,Les Vegans
2026-03-28 20:48:40,Indienne,1,21.99,XL,Les Grands Classiques
2026-03-28 20:48:40,Royale Veggie,1,21.99,XL,Les Gourmandes Veggies
2026-03-28 20:48:40,Hawaïenne Poulet,1,20.99,XL,Les Grands Classiques
2026-03-28 22:27:17,Ultimate Meat,1,17.99,Medium,Toujours Plus
2026-03-28 22:27:17,Indienne,1,18.99,Large,Les Grands Classiques
2026-03-28 22:27:17,Originale Pepperoni,1,15.99,Large,Les Bons Plans
2026-03-28 22:34:56,Rocket Veggie,1,12.99,Medium,Les Gourmandes Veggies
2026-03-28 22:34:56,Hawaïenne Poulet,1,14.99,Medium,Les Grands Classiques
2026-03-28 22:43:32,Chèvre-Miel,1,18.99,Large,Les Iconiques
2026-03-29 11:32:32,4 Fromages,1,17.49,Medium,Les Iconiques
2026-03-29 11:39:53,4 Fromages,1,17.49,Medium,Les Iconiques
2026-03-29 11:39:53,Extravaganzza,1,17.99,Medium,Toujours Plus
2026-03-29 11:40:17,Ultimate Meat,1,17.99,Medium,Toujours Plus
2026-03-29 12:03:04,Ultimate Meat,1,17.99,Medium,Toujours Plus
2026-03-29 12:03:04,Peppina Vegan,1,19.99,Large,Les Vegans
2026-03-29 12:07:16,Indienne,1,21.99,XL,Les Grands Classiques
2026-03-29 12:07:16,Hawaïenne Jambon,1,20.99,XL,Les Grands Classiques
2026-03-29 12:07:16,Margherita,1,12.99,Medium,Les Bons Plans
2026-03-29 12:09:12,Rocket Veggie,1,18.99,XL,Les Gourmandes Veggies
2026-03-29 12:09:12,Steak and Cheese,1,14.99,Medium,Les Grands Classiques
2026-03-29 12:12:15,Extravaganzza,1,17.99,Medium,Toujours Plus
2026-03-29 12:32:07,Chicken BBQ,1,21.99,XL,Les Grands Classiques
2026-03-29 12:32:07,Chicken Delight,1,15.99,Medium,Les Originales
2026-03-29 12:32:07,Divine 3 Fromages,1,21.99,XL,Éditions Limitées
2026-03-29 12:32:07,Chèvre-Miel,1,18.99,Large,Les Iconiques
2026-03-29 12:32:07,Pepperoni Party,1,20.49,Large,Les Iconiques
2026-03-29 12:32:07,Peppina,1,16.99,Medium,Les Gourmandes Veggies
2026-03-29 12:32:07,Originale Pepperoni,1,12.99,Medium,Les Bons Plans
2026-03-29 12:32:07,Urban Kebab,1,17.49,Medium,Les Originales
2026-03-29 12:32:07,Algérienne,1,21.99,XL,Les Grands Classiques
2026-03-29 12:32:07,Algérienne,1,18.99,Large,Les Grands Classiques
2026-03-29 12:32:07,Cheesy and Veggie,2,41.98,XL,Les Gourmandes Veggies
2026-03-29 12:32:07,Margherita,2,31.98,Large,Les Bons Plans
2026-03-29 12:32:07,Steak and Cheese,1,17.99,Large,Les Grands Classiques
2026-03-29 12:38:11,Ultimate Meat,1,17.99,Medium,Toujours Plus
2026-03-29 12:38:11,Super Veggie,1,17.49,Medium,Les Gourmandes Veggies
2026-03-29 12:38:11,Forestière,1,23.49,XL,Les Grands Classiques
2026-03-29 12:38:11,Peppina,1,22.99,XL,Les Gourmandes Veggies
2026-03-29 12:38:11,Hawaïenne Poulet,1,20.99,XL,Les Grands Classiques
2026-03-29 13:00:19,Indienne,1,18.99,Large,Les Grands Classiques
2026-03-29 13:00:19,Bacon Groovy,1,17.49,Medium,Les Iconiques
2026-03-29 13:00:19,Divine 3 Fromages,1,21.99,XL,Éditions Limitées
2026-03-29 13:00:19,Hawaïenne Jambon,1,20.99,XL,Les Grands Classiques
2026-03-29 13:00:19,Pepperoni Party,1,20.49,Large,Les Iconiques
2026-03-29 13:00:19,Algérienne,1,21.99,XL,Les Grands Classiques
2026-03-29 13:00:19,Hawaïenne Poulet,1,17.99,Large,Les Grands Classiques
2026-03-29 13:00:19,Peppina Vegan,1,19.99,Large,Les Vegans
2026-03-29 13:45:56,Chicken Delight,1,15.99,Medium,Les Originales
2026-03-29 13:45:56,Hawaïenne Jambon,1,20.99,XL,Les Grands Classiques
2026-03-29 13:45:56,Margherita,1,12.99,Medium,Les Bons Plans
2026-03-29 13:50:34,Chicken Delight,1,21.99,XL,Les Originales
2026-03-29 13:54:15,Rocket Veggie,1,18.99,XL,Les Gourmandes Veggies
2026-03-29 13:54:15,Cannibale,1,17.49,Medium,Les Iconiques
2026-03-29 13:54:15,Peppina Vegan,1,19.99,Large,Les Vegans
2026-03-29 13:58:37,Pepperoni Party,1,20.49,Large,Les Iconiques
2026-03-29 13:58:37,Originale Pepperoni,1,15.99,Large,Les Bons Plans
2026-03-29 14:06:28,Extravaganzza,1,23.99,XL,Toujours Plus
2026-03-29 14:15:37,Indienne,1,18.99,Large,Les Grands Classiques
2026-03-29 14:15:37,Hawaïenne Jambon,1,14.99,Medium,Les Grands Classiques
2026-03-29 14:40:49,Pêcheur,1,18.99,Large,Les Grands Classiques
2026-03-29 14:48:09,Cheesy and Veggie,1,17.99,Large,Les Gourmandes Veggies
2026-03-29 15:01:24,Hawaïenne Jambon,1,20.99,XL,Les Grands Classiques
2026-03-29 15:08:01,Rocket Veggie,1,12.99,Medium,Les Gourmandes Veggies
2026-03-29 15:08:01,Originale Pepperoni,1,15.99,Large,Les Bons Plans
2026-03-29 15:08:01,Crispy Cannibale,1,23.99,XL,Les Originales
2026-03-29 15:08:01,Margherita,1,12.99,Medium,Les Bons Plans
2026-03-29 15:11:52,Chicken Delight,1,18.99,Large,Les Originales
2026-03-29 15:11:52,Rocket Veggie,1,18.99,XL,Les Gourmandes Veggies
2026-03-29 15:11:52,Hawaïenne Poulet,1,20.99,XL,Les Grands Classiques
2026-03-29 15:39:45,Bacon Groovy,1,23.49,XL,Les Iconiques
2026-03-29 15:39:45,Extravaganzza,1,17.99,Medium,Toujours Plus
2026-03-29 15:39:45,Royale Veggie,1,18.99,Large,Les Gourmandes Veggies
2026-03-29 15:59:36,Rocket Veggie,1,18.99,XL,Les Gourmandes Veggies
2026-03-29 15:59:36,Diavola Pepperoni,1,21.99,XL,Les Originales
2026-03-29 15:59:36,Cannibale,1,23.49,XL,Les Iconiques
2026-03-29 16:10:29,Ultimate Meat,1,17.99,Medium,Toujours Plus
2026-03-29 16:10:29,Crispy Cannibale,1,17.99,Medium,Les Originales
2026-03-29 16:10:29,Urban Kebab,1,23.49,XL,Les Originales
2026-03-29 16:10:38,Ultimate Meat,1,17.99,Medium,Toujours Plus
2026-03-29 16:10:38,Crispy Cannibale,1,23.99,XL,Les Originales
2026-03-29 16:17:59,Extravaganzza,1,23.99,XL,Toujours Plus
2026-03-29 16:17:59,Margherita,1,12.99,Medium,Les Bons Plans
2026-03-29 16:17:59,Hawaïenne Poulet,1,14.99,Medium,Les Grands Classiques
2026-03-29 16:17:59,Peppina Vegan,1,19.99,Large,Les Vegans
2026-03-29 16:23:18,Chicken Delight,1,21.99,XL,Les Originales
2026-03-29 16:23:18,Diavola Pepperoni,1,18.99,Large,Les Originales
2026-03-29 16:23:18,Crispy Cannibale,1,20.99,Large,Les Originales
2026-03-29 16:50:51,Steak and Cheese,1,14.99,Medium,Les Grands Classiques
2026-03-29 16:50:56,Chicken BBQ,1,21.99,XL,Les Grands Classiques
2026-03-29 16:50:56,Chicken Delight,1,21.99,XL,Les Originales
2026-03-29 16:50:56,Chicken Delight,1,18.99,Large,Les Originales
2026-03-29 16:58:46,Diavola Pepperoni,1,18.99,Large,Les Originales
2026-03-29 16:58:46,Originale Pepperoni,1,12.99,Medium,Les Bons Plans
2026-03-29 16:59:08,Chicken Delight,1,21.99,XL,Les Originales
2026-03-29 16:59:08,Bacon Groovy,1,23.49,XL,Les Iconiques
2026-03-29 16:59:08,Chèvre-Miel,1,21.99,XL,Les Iconiques
2026-03-29 16:59:08,Hawaïenne Jambon,1,20.99,XL,Les Grands Classiques
2026-03-29 17:02:33,Forestière,2,34.98,Medium,Les Grands Classiques
2026-03-29 17:40:52,Urban Kebab,1,17.49,Medium,Les Originales
2026-03-29 17:40:52,Steak and Cheese,1,20.99,XL,Les Grands Classiques
2026-03-29 17:43:56,Originale Pepperoni,1,12.99,Medium,Les Bons Plans
2026-03-29 17:43:56,Cannibale,1,20.49,Large,Les Iconiques
2026-03-29 17:43:56,Steak and Cheese,1,20.99,XL,Les Grands Classiques
2026-03-29 17:43:56,Peppina Vegan,1,19.99,Large,Les Vegans
2026-03-29 17:44:17,Bacon Groovy,1,23.49,XL,Les Iconiques
2026-03-29 17:44:17,Royale Veggie,1,21.99,XL,Les Gourmandes Veggies
2026-03-29 17:47:22,Originale Pepperoni,1,15.99,Large,Les Bons Plans
2026-03-29 18:33:39,Crispy Cannibale,1,23.99,XL,Les Originales
2026-03-29 18:37:13,Indienne,1,18.99,Large,Les Grands Classiques
2026-03-29 18:37:13,Bacon Groovy,1,17.49,Medium,Les Iconiques
2026-03-29 18:37:13,Chicken and Cheddar,1,20.49,Large,Éditions Limitées
2026-03-29 18:42:15,Chicken BBQ,1,15.99,Medium,Les Grands Classiques
2026-03-29 18:42:15,Royale Veggie,1,18.99,Large,Les Gourmandes Veggies
2026-03-29 18:52:20,Chicken Delight,1,18.99,Large,Les Originales
2026-03-29 18:52:20,Originale Pepperoni,1,18.99,XL,Les Bons Plans
2026-03-29 18:53:49,Peppina,1,19.99,Large,Les Gourmandes Veggies
2026-03-29 18:53:49,Algérienne,1,21.99,XL,Les Grands Classiques
2026-03-29 19:05:13,Divine 3 Fromages,1,21.99,XL,Éditions Limitées
2026-03-29 19:05:13,Pepperoni Party,1,20.49,Large,Les Iconiques
2026-03-29 19:05:13,Rocket Veggie,1,12.99,Medium,Les Gourmandes Veggies
2026-03-29 19:05:13,Cannibale,1,20.49,Large,Les Iconiques
2026-03-29 19:05:52,Ultimate Meat,1,17.99,Medium,Toujours Plus
2026-03-29 19:09:56,Originale Pepperoni,1,15.99,Large,Les Bons Plans
2026-03-29 19:17:09,Kebab and Spicy,1,21.99,XL,Les Originales
2026-03-29 19:23:01,Peppina,1,16.99,Medium,Les Gourmandes Veggies
2026-03-29 19:23:31,Super Veggie,1,23.49,XL,Les Gourmandes Veggies
2026-03-29 19:23:31,Forestière,1,20.49,Large,Les Grands Classiques
2026-03-29 19:43:26,Pêcheur,1,15.99,Medium,Les Grands Classiques
2026-03-29 19:53:21,Chicken Delight,1,21.99,XL,Les Originales
2026-03-29 19:53:21,Forestière,1,20.49,Large,Les Grands Classiques
2026-03-29 19:56:06,Extravaganzza,1,20.99,Large,Toujours Plus
2026-03-29 20:03:49,Ultimate Meat,1,17.99,Medium,Toujours Plus
2026-03-29 20:03:49,Super Veggie,1,17.49,Medium,Les Gourmandes Veggies
2026-03-29 20:26:29,Chicken BBQ,1,21.99,XL,Les Grands Classiques
2026-03-29 20:26:29,Divine 3 Fromages,1,21.99,XL,Éditions Limitées
2026-03-29 20:26:29,Forestière,1,20.49,Large,Les Grands Classiques
2026-03-29 20:29:18,Cannibale,1,20.49,Large,Les Iconiques
2026-03-29 22:27:29,Originale Pepperoni,1,12.99,Medium,Les Bons Plans
2026-03-30 10:50:46,Chicken Delight,1,18.99,Large,Les Originales
2026-03-30 10:50:46,Indienne,1,21.99,XL,Les Grands Classiques
2026-03-30 10:50:46,Bacon Groovy,1,17.49,Medium,Les Iconiques
2026-03-30 11:15:48,Chicken BBQ,1,21.99,XL,Les Grands Classiques
2026-03-30 11:15:48,Super Veggie,1,17.49,Medium,Les Gourmandes Veggies
2026-03-30 11:15:48,Royale Veggie,1,15.99,Medium,Les Gourmandes Veggies
2026-03-30 11:15:48,Crispy Cannibale,1,23.99,XL,Les Originales
2026-03-30 11:25:41,Beef and Cheddar,1,20.99,Large,Éditions Limitées
2026-03-30 11:25:41,Kebab and Spicy,1,15.99,Medium,Les Originales
2026-03-30 11:25:41,Hawaïenne Poulet,1,17.99,Large,Les Grands Classiques
2026-03-30 11:42:06,Originale Pepperoni,1,12.99,Medium,Les Bons Plans
2026-03-30 11:52:18,Forestière,1,23.49,XL,Les Grands Classiques
2026-03-30 11:52:18,Rocket Veggie,1,12.99,Medium,Les Gourmandes Veggies
2026-03-30 11:52:18,Royale Veggie,1,18.99,Large,Les Gourmandes Veggies
2026-03-30 11:52:18,Peppina Vegan,1,19.99,Large,Les Vegans
2026-03-30 12:12:58,Ultimate Meat,1,17.99,Medium,Toujours Plus
2026-03-30 12:16:02,Algérienne,1,18.99,Large,Les Grands Classiques
2026-03-30 12:18:47,Chicken BBQ,1,18.99,Large,Les Grands Classiques
2026-03-30 12:18:47,Originale Pepperoni,1,18.99,XL,Les Bons Plans
2026-03-30 12:30:24,Pêcheur,1,18.99,Large,Les Grands Classiques
2026-03-30 12:36:09,Forestière,1,23.49,XL,Les Grands Classiques
2026-03-30 12:37:26,Diavola Haché au bœuf,1,15.99,Medium,Les Originales
2026-03-30 12:44:10,Super Veggie,1,17.49,Medium,Les Gourmandes Veggies
2026-03-30 12:44:10,Peppina,1,22.99,XL,Les Gourmandes Veggies
2026-03-30 12:44:10,Kebab and Spicy,1,18.99,Large,Les Originales
2026-03-30 12:52:24,Pepperoni Party,1,20.49,Large,Les Iconiques
2026-03-30 12:52:24,Beef and Cheddar,1,23.99,XL,Éditions Limitées
2026-03-30 12:57:03,Chèvre-Miel,1,21.99,XL,Les Iconiques
2026-03-30 13:09:48,Chicken BBQ,1,21.99,XL,Les Grands Classiques
2026-03-30 13:09:48,Crispy Cannibale,1,17.99,Medium,Les Originales
2026-03-30 13:20:55,Ultimate Meat,1,17.99,Medium,Toujours Plus
2026-03-30 13:20:55,Extravaganzza,1,20.99,Large,Toujours Plus
2026-03-30 13:23:38,Extravaganzza,1,20.99,Large,Toujours Plus
2026-03-30 13:24:35,Chicken BBQ,1,15.99,Medium,Les Grands Classiques
2026-03-30 13:24:35,Ultimate Meat,4,71.96,Medium,Toujours Plus
2026-03-30 13:24:35,4 Fromages,1,17.49,Medium,Les Iconiques
2026-03-30 13:24:35,Divine 3 Fromages,1,21.99,XL,Éditions Limitées
2026-03-30 13:24:35,Margherita,1,12.99,Medium,Les Bons Plans
2026-03-30 13:24:35,Chicken and Cheddar,1,17.49,Medium,Éditions Limitées
2026-03-30 13:24:35,Hawaïenne Poulet,1,17.99,Large,Les Grands Classiques
2026-03-30 13:24:35,Hawaïenne Poulet,1,14.99,Medium,Les Grands Classiques
2026-03-30 13:29:48,Indienne,1,18.99,Large,Les Grands Classiques
2026-03-30 13:53:43,Chicken Delight,1,18.99,Large,Les Originales
2026-03-30 13:53:43,Hawaïenne Jambon,2,41.98,XL,Les Grands Classiques
2026-03-30 13:53:43,Pêcheur,1,21.99,XL,Les Grands Classiques
2026-03-30 13:53:43,Diavola Pepperoni,1,15.99,Medium,Les Originales
2026-03-30 13:53:43,Cannibale,1,23.49,XL,Les Iconiques
2026-03-30 13:53:43,Cannibale,1,20.49,Large,Les Iconiques
2026-03-30 13:53:43,Algérienne,1,18.99,Large,Les Grands Classiques
2026-03-30 13:53:43,Peppina Vegan,1,16.99,Medium,Les Vegans
2026-03-30 14:17:09,Ultimate Meat,1,17.99,Medium,Toujours Plus
2026-03-30 14:17:09,Pepperoni Party,1,23.49,XL,Les Iconiques
2026-03-30 14:27:07,Chicken BBQ,1,21.99,XL,Les Grands Classiques
2026-03-30 15:05:00,Indienne,1,18.99,Large,Les Grands Classiques
2026-03-30 15:05:00,Algérienne,1,21.99,XL,Les Grands Classiques
2026-03-30 15:12:32,Chicken BBQ,1,18.99,Large,Les Grands Classiques
2026-03-30 15:12:32,Rocket Veggie,1,12.99,Medium,Les Gourmandes Veggies
2026-03-30 15:23:57,Chicken BBQ,1,21.99,XL,Les Grands Classiques
2026-03-30 15:39:12,Chicken BBQ,1,21.99,XL,Les Grands Classiques
2026-03-30 15:39:12,Pepperoni Party,1,23.49,XL,Les Iconiques
2026-03-30 15:39:12,Margherita,1,12.99,Medium,Les Bons Plans
2026-03-30 15:41:35,Ultimate Meat,1,17.99,Medium,Toujours Plus
2026-03-30 15:55:42,Hawaïenne Jambon,1,17.99,Large,Les Grands Classiques
2026-03-30 16:00:53,Chicken Delight,1,21.99,XL,Les Originales
2026-03-30 16:17:55,Super Veggie,1,17.49,Medium,Les Gourmandes Veggies
2026-03-30 16:18:59,Ultimate Meat,1,17.99,Medium,Toujours Plus
2026-03-30 16:18:59,4 Fromages,1,17.49,Medium,Les Iconiques
2026-03-30 16:18:59,Rocket Veggie,1,18.99,XL,Les Gourmandes Veggies
2026-03-30 16:18:59,Chicken and Cheddar,1,17.49,Medium,Éditions Limitées
2026-03-30 16:41:21,Extravaganzza,1,20.99,Large,Toujours Plus
2026-03-30 16:41:21,Margherita,1,12.99,Medium,Les Bons Plans
2026-03-30 16:44:53,Urban Kebab,1,23.49,XL,Les Originales
2026-03-30 16:52:59,Bacon Groovy,1,23.49,XL,Les Iconiques
2026-03-30 16:52:59,Chèvre-Miel,1,21.99,XL,Les Iconiques
2026-03-30 16:52:59,Forestière,1,20.49,Large,Les Grands Classiques
2026-03-30 16:52:59,Algérienne,1,21.99,XL,Les Grands Classiques
2026-03-30 16:56:04,Diavola Haché au bœuf,1,18.99,Large,Les Originales
2026-03-30 16:56:04,Hawaïenne Poulet,1,20.99,XL,Les Grands Classiques
2026-03-30 16:56:04,Hawaïenne Poulet,1,14.99,Medium,Les Grands Classiques
2026-03-30 16:56:04,Steak and Cheese,1,20.99,XL,Les Grands Classiques
2026-03-30 17:01:37,Ultimate Meat,1,17.99,Medium,Toujours Plus
2026-03-30 17:01:37,Chicken Delight,1,21.99,XL,Les Originales
2026-03-30 17:01:37,Forestière,1,17.49,Medium,Les Grands Classiques
2026-03-30 17:09:36,Algérienne,1,18.99,Large,Les Grands Classiques
2026-03-30 17:11:39,Chicken Delight,1,21.99,XL,Les Originales
2026-03-30 17:11:39,Originale Pepperoni,1,18.99,XL,Les Bons Plans
2026-03-30 17:11:39,Beef and Cheddar,1,20.99,Large,Éditions Limitées
2026-03-30 17:11:39,Kebab and Spicy,1,21.99,XL,Les Originales
2026-03-30 17:34:44,Chicken Delight,1,15.99,Medium,Les Originales
2026-03-30 17:34:44,Algérienne,1,21.99,XL,Les Grands Classiques
2026-03-30 17:49:12,Chicken BBQ,1,18.99,Large,Les Grands Classiques
2026-03-30 17:49:12,Forestière,1,23.49,XL,Les Grands Classiques
2026-03-30 17:49:12,Diavola Pepperoni,1,15.99,Medium,Les Originales
2026-03-30 17:49:12,Urban Kebab,1,17.49,Medium,Les Originales
2026-03-30 18:03:19,Divine 3 Fromages,1,21.99,XL,Éditions Limitées
2026-03-30 18:08:42,Crispy Cannibale,1,20.99,Large,Les Originales
2026-03-30 18:17:13,Margherita,1,18.99,XL,Les Bons Plans
2026-03-30 18:18:27,Ultimate Meat,1,17.99,Medium,Toujours Plus
2026-03-30 18:18:27,Pepperoni Party,1,20.49,Large,Les Iconiques
2026-03-30 18:18:27,Peppina Vegan,1,22.99,XL,Les Vegans
2026-03-30 18:22:03,Originale Pepperoni,1,18.99,XL,Les Bons Plans
2026-03-30 18:36:47,Indienne,1,18.99,Large,Les Grands Classiques
2026-03-30 18:36:47,Cheesy and Veggie,1,17.99,Large,Les Gourmandes Veggies
2026-03-30 18:36:47,Chicken and Cheddar,1,17.49,Medium,Éditions Limitées
2026-03-30 18:45:13,Chicken Delight,1,18.99,Large,Les Originales
2026-03-30 18:45:13,Cannibale,1,20.49,Large,Les Iconiques
2026-03-30 18:50:34,Peppina,1,16.99,Medium,Les Gourmandes Veggies
2026-03-30 19:10:56,Extravaganzza,1,20.99,Large,Toujours Plus
2026-03-30 19:30:56,Super Veggie,1,17.49,Medium,Les Gourmandes Veggies
2026-03-30 19:41:51,Rocket Veggie,1,18.99,XL,Les Gourmandes Veggies
2026-03-30 20:08:49,Originale Pepperoni,1,15.99,Large,Les Bons Plans
2026-03-30 20:10:10,Hawaïenne Poulet,1,20.99,XL,Les Grands Classiques
2026-03-30 20:17:59,Divine 3 Fromages,1,21.99,XL,Éditions Limitées
2026-03-30 20:17:59,Crispy Cannibale,1,23.99,XL,Les Originales
2026-03-30 20:17:59,Hawaïenne Poulet,1,20.99,XL,Les Grands Classiques
2026-03-30 21:04:56,Royale Veggie,1,21.99,XL,Les Gourmandes Veggies
2026-03-30 21:04:56,Steak and Cheese,1,14.99,Medium,Les Grands Classiques
2026-03-30 21:15:23,Chicken BBQ,1,15.99,Medium,Les Grands Classiques
2026-03-30 21:15:27,Royale Veggie,1,21.99,XL,Les Gourmandes Veggies
2026-03-30 21:15:27,Algérienne,1,15.99,Medium,Les Grands Classiques
2026-03-30 21:15:27,Kebab and Spicy,1,18.99,Large,Les Originales
2026-03-30 21:15:27,Steak and Cheese,1,20.99,XL,Les Grands Classiques
2026-03-30 21:16:48,Divine 3 Fromages,1,21.99,XL,Éditions Limitées
2026-03-30 21:16:48,Kebab and Spicy,1,21.99,XL,Les Originales
2026-03-30 21:16:48,Chicken and Cheddar,1,20.49,Large,Éditions Limitées
2026-03-30 21:34:09,Indienne,1,18.99,Large,Les Grands Classiques
2026-03-30 21:34:09,Extravaganzza,1,20.99,Large,Toujours Plus
2026-03-30 21:35:15,Extravaganzza,1,20.99,Large,Toujours Plus
2026-03-30 21:44:36,Indienne,1,21.99,XL,Les Grands Classiques
2026-03-30 21:44:36,Originale Pepperoni,1,18.99,XL,Les Bons Plans
2026-03-30 21:44:36,Algérienne,1,15.99,Medium,Les Grands Classiques
2026-03-30 21:44:36,Hawaïenne Poulet,1,14.99,Medium,Les Grands Classiques
2026-03-30 21:53:36,Hawaïenne Poulet,1,20.99,XL,Les Grands Classiques
2026-03-31 11:22:20,Rocket Veggie,1,12.99,Medium,Les Gourmandes Veggies
2026-03-31 12:00:51,Divine 3 Fromages,1,21.99,XL,Éditions Limitées
2026-03-31 12:00:51,Hawaïenne Poulet,1,20.99,XL,Les Grands Classiques
2026-03-31 12:02:45,Diavola Pepperoni,1,15.99,Medium,Les Originales
2026-03-31 12:06:28,Chicken Delight,1,21.99,XL,Les Originales
2026-03-31 12:06:28,Bacon Groovy,1,17.49,Medium,Les Iconiques
2026-03-31 12:06:28,Divine 3 Fromages,1,21.99,XL,Éditions Limitées
2026-03-31 12:24:23,Cheesy and Veggie,1,14.99,Medium,Les Gourmandes Veggies
2026-03-31 12:33:13,Forestière,1,23.49,XL,Les Grands Classiques
2026-03-31 12:48:46,Divine 3 Fromages,1,21.99,XL,Éditions Limitées
2026-03-31 12:48:46,Chèvre-Miel,1,21.99,XL,Les Iconiques
2026-03-31 12:48:46,Chèvre-Miel,1,18.99,Large,Les Iconiques
2026-03-31 12:48:46,Hawaïenne Jambon,1,20.99,XL,Les Grands Classiques
2026-03-31 12:48:46,Pepperoni Party,1,20.49,Large,Les Iconiques
2026-03-31 12:48:46,Royale Veggie,1,21.99,XL,Les Gourmandes Veggies
2026-03-31 12:48:46,Hawaïenne Poulet,1,17.99,Large,Les Grands Classiques
2026-03-31 12:59:45,Chicken BBQ,1,18.99,Large,Les Grands Classiques
2026-03-31 12:59:45,Originale Pepperoni,1,12.99,Medium,Les Bons Plans
2026-03-31 13:04:13,Chicken BBQ,1,21.99,XL,Les Grands Classiques
2026-03-31 13:04:13,Ultimate Meat,1,17.99,Medium,Toujours Plus
2026-03-31 13:04:13,Chicken Delight,1,21.99,XL,Les Originales
2026-03-31 13:04:13,Chicken Delight,1,18.99,Large,Les Originales
2026-03-31 13:04:13,Indienne,1,18.99,Large,Les Grands Classiques
2026-03-31 13:04:13,Pepperoni Party,1,23.49,XL,Les Iconiques
2026-03-31 13:04:13,Pêcheur,1,21.99,XL,Les Grands Classiques
2026-03-31 13:04:13,Originale Pepperoni,1,12.99,Medium,Les Bons Plans
2026-03-31 13:04:13,Cannibale,1,20.49,Large,Les Iconiques
2026-03-31 13:04:13,Kebab and Spicy,1,21.99,XL,Les Originales
2026-03-31 13:04:13,Cheesy and Veggie,1,14.99,Medium,Les Gourmandes Veggies
2026-03-31 13:11:16,Indienne,1,21.99,XL,Les Grands Classiques
2026-03-31 13:19:18,Diavola Haché au bœuf,1,21.99,XL,Les Originales
2026-03-31 13:19:18,Forestière,1,20.49,Large,Les Grands Classiques
2026-03-31 13:22:56,Chicken BBQ,1,21.99,XL,Les Grands Classiques
2026-03-31 13:22:56,Indienne,1,21.99,XL,Les Grands Classiques
2026-03-31 13:22:56,Extravaganzza,1,20.99,Large,Toujours Plus
2026-03-31 13:22:56,Urban Kebab,1,17.49,Medium,Les Originales
2026-03-31 13:29:47,Chicken BBQ,1,18.99,Large,Les Grands Classiques
2026-03-31 13:29:47,Kebab and Spicy,1,18.99,Large,Les Originales
2026-03-31 13:35:58,Ultimate Meat,1,17.99,Medium,Toujours Plus
2026-03-31 13:35:58,Extravaganzza,1,23.99,XL,Toujours Plus
2026-03-31 13:35:58,Chèvre-Miel,1,21.99,XL,Les Iconiques
2026-03-31 13:35:58,Peppina,1,16.99,Medium,Les Gourmandes Veggies
2026-03-31 13:35:58,Pêcheur,1,15.99,Medium,Les Grands Classiques
2026-03-31 13:35:58,Steak and Cheese,1,20.99,XL,Les Grands Classiques
2026-03-31 13:35:58,Peppina Vegan,1,19.99,Large,Les Vegans
2026-03-31 13:41:03,Pepperoni Party,1,23.49,XL,Les Iconiques
2026-03-31 13:41:15,Ultimate Meat,1,17.99,Medium,Toujours Plus
2026-03-31 13:44:52,Diavola Haché au bœuf,1,21.99,XL,Les Originales
2026-03-31 13:44:52,Kebab and Spicy,1,15.99,Medium,Les Originales
2026-03-31 13:50:17,Pepperoni Party,1,23.49,XL,Les Iconiques
2026-03-31 13:50:17,Peppina Vegan,1,16.99,Medium,Les Vegans
2026-03-31 13:51:47,Diavola Haché au bœuf,1,21.99,XL,Les Originales
2026-03-31 13:51:47,Chèvre-Miel,1,21.99,XL,Les Iconiques
2026-03-31 13:51:47,Cannibale,1,23.49,XL,Les Iconiques
2026-03-31 13:51:47,Beef and Cheddar,1,23.99,XL,Éditions Limitées
2026-03-31 14:23:57,Ultimate Meat,1,17.99,Medium,Toujours Plus
2026-03-31 14:23:57,Pepperoni Party,2,46.98,XL,Les Iconiques
2026-03-31 14:23:57,Pêcheur,1,21.99,XL,Les Grands Classiques
2026-03-31 14:48:27,Extravaganzza,1,20.99,Large,Toujours Plus
2026-03-31 14:48:27,Beef and Cheddar,1,23.99,XL,Éditions Limitées
2026-03-31 14:48:47,Chicken BBQ,1,18.99,Large,Les Grands Classiques
2026-03-31 14:48:47,Chicken Delight,1,21.99,XL,Les Originales
2026-03-31 14:48:47,Pêcheur,1,21.99,XL,Les Grands Classiques
2026-03-31 14:50:38,Chicken BBQ,1,18.99,Large,Les Grands Classiques
2026-03-31 14:50:38,Hawaïenne Jambon,1,14.99,Medium,Les Grands Classiques
2026-03-31 14:50:38,Kebab and Spicy,1,15.99,Medium,Les Originales
2026-03-31 14:51:37,Diavola Haché au bœuf,2,43.98,XL,Les Originales
2026-03-31 14:51:37,Super Veggie,1,17.49,Medium,Les Gourmandes Veggies
2026-03-31 14:51:37,Rocket Veggie,1,12.99,Medium,Les Gourmandes Veggies
2026-03-31 15:16:44,Ultimate Meat,1,17.99,Medium,Toujours Plus
2026-03-31 15:16:44,Pepperoni Party,1,23.49,XL,Les Iconiques
2026-03-31 15:29:36,4 Fromages,1,17.49,Medium,Les Iconiques
2026-03-31 15:29:36,Extravaganzza,1,17.99,Medium,Toujours Plus
2026-03-31 15:29:36,Peppina Vegan,1,22.99,XL,Les Vegans
2026-03-31 15:31:09,Peppina,1,16.99,Medium,Les Gourmandes Veggies
2026-03-31 15:32:39,Chicken BBQ,1,21.99,XL,Les Grands Classiques
2026-03-31 15:32:39,Extravaganzza,1,17.99,Medium,Toujours Plus
2026-03-31 15:32:39,Super Veggie,1,17.49,Medium,Les Gourmandes Veggies
2026-03-31 15:34:31,Pepperoni Party,1,20.49,Large,Les Iconiques
2026-03-31 15:34:31,Cannibale,1,20.49,Large,Les Iconiques
2026-03-31 15:34:31,Hawaïenne Poulet,1,20.99,XL,Les Grands Classiques
2026-03-31 16:06:36,Extravaganzza,1,17.99,Medium,Toujours Plus
2026-03-31 16:12:55,Chicken BBQ,1,21.99,XL,Les Grands Classiques
2026-03-31 16:12:55,Super Veggie,1,23.49,XL,Les Gourmandes Veggies
2026-03-31 16:12:55,Urban Kebab,1,20.49,Large,Les Originales
2026-03-31 16:12:55,Chicken and Cheddar,1,17.49,Medium,Éditions Limitées
2026-03-31 16:21:00,Hawaïenne Poulet,1,20.99,XL,Les Grands Classiques
2026-03-31 16:24:16,Chicken and Cheddar,1,20.49,Large,Éditions Limitées
2026-03-31 17:17:38,Royale Veggie,1,21.99,XL,Les Gourmandes Veggies
2026-03-31 17:19:08,Kebab and Spicy,1,21.99,XL,Les Originales
2026-03-31 17:22:40,4 Fromages,1,17.49,Medium,Les Iconiques
2026-03-31 17:22:40,Cannibale,1,20.49,Large,Les Iconiques
2026-03-31 17:22:40,Algérienne,1,21.99,XL,Les Grands Classiques
2026-03-31 17:22:40,Peppina Vegan,1,19.99,Large,Les Vegans
2026-03-31 17:30:29,Indienne,1,21.99,XL,Les Grands Classiques
2026-03-31 17:30:29,Cheesy and Veggie,1,14.99,Medium,Les Gourmandes Veggies
2026-03-31 17:30:58,Chicken Delight,1,21.99,XL,Les Originales
2026-03-31 17:30:58,Hawaïenne Poulet,1,20.99,XL,Les Grands Classiques
2026-03-31 17:33:17,Chèvre-Miel,1,18.99,Large,Les Iconiques
2026-03-31 17:33:17,Margherita,1,15.99,Large,Les Bons Plans
2026-03-31 17:33:17,Hawaïenne Poulet,1,20.99,XL,Les Grands Classiques
2026-03-31 17:37:44,Ultimate Meat,1,17.99,Medium,Toujours Plus
2026-03-31 17:37:44,Chèvre-Miel,1,21.99,XL,Les Iconiques
2026-03-31 17:42:09,Pepperoni Party,1,23.49,XL,Les Iconiques
2026-03-31 17:42:09,Kebab and Spicy,1,21.99,XL,Les Originales
2026-03-31 17:54:10,Indienne,1,18.99,Large,Les Grands Classiques
2026-03-31 17:54:10,Cheesy and Veggie,1,14.99,Medium,Les Gourmandes Veggies
2026-03-31 17:54:10,Hawaïenne Poulet,1,20.99,XL,Les Grands Classiques
2026-03-31 18:04:00,Super Veggie,1,17.49,Medium,Les Gourmandes Veggies
2026-03-31 18:04:00,Peppina,1,19.99,Large,Les Gourmandes Veggies
2026-03-31 18:04:00,Crispy Cannibale,1,20.99,Large,Les Originales
2026-03-31 18:04:00,Kebab and Spicy,1,21.99,XL,Les Originales
2026-03-31 18:04:35,Hawaïenne Jambon,1,14.99,Medium,Les Grands Classiques
2026-03-31 18:04:35,Kebab and Spicy,1,21.99,XL,Les Originales
2026-03-31 18:40:10,Originale Pepperoni,1,15.99,Large,Les Bons Plans
2026-03-31 18:40:10,Kebab and Spicy,1,21.99,XL,Les Originales
2026-03-31 18:40:10,Hawaïenne Poulet,1,14.99,Medium,Les Grands Classiques
2026-03-31 18:50:19,Chicken Delight,1,15.99,Medium,Les Originales
2026-03-31 18:51:00,Peppina Vegan,1,16.99,Medium,Les Vegans
2026-03-31 18:52:00,Super Veggie,1,23.49,XL,Les Gourmandes Veggies
2026-03-31 18:52:00,Pêcheur,1,15.99,Medium,Les Grands Classiques
2026-03-31 18:55:22,Originale Pepperoni,1,15.99,Large,Les Bons Plans
2026-03-31 18:55:22,Hawaïenne Poulet,1,20.99,XL,Les Grands Classiques
2026-03-31 19:07:27,Chicken BBQ,1,21.99,XL,Les Grands Classiques
2026-03-31 19:07:27,Rocket Veggie,1,18.99,XL,Les Gourmandes Veggies
2026-03-31 19:07:27,Algérienne,1,21.99,XL,Les Grands Classiques
2026-03-31 19:07:27,Margherita,1,15.99,Large,Les Bons Plans
2026-03-31 19:13:16,Originale Pepperoni,1,18.99,XL,Les Bons Plans
2026-03-31 19:13:16,Beef and Cheddar,1,23.99,XL,Éditions Limitées
2026-03-31 19:15:48,Diavola Haché au bœuf,1,21.99,XL,Les Originales
2026-03-31 19:40:42,Indienne,1,18.99,Large,Les Grands Classiques
2026-03-31 19:40:42,Originale Pepperoni,1,12.99,Medium,Les Bons Plans
2026-03-31 19:59:23,Chicken BBQ,1,21.99,XL,Les Grands Classiques
2026-03-31 19:59:23,Steak and Cheese,1,20.99,XL,Les Grands Classiques
2026-03-31 20:15:58,Cannibale,1,23.49,XL,Les Iconiques
2026-03-31 20:15:58,Urban Kebab,1,23.49,XL,Les Originales
2026-03-31 20:15:58,Kebab and Spicy,1,18.99,Large,Les Originales
2026-03-31 20:15:58,Chicken and Cheddar,1,17.49,Medium,Éditions Limitées
2026-03-31 20:16:14,Diavola Haché au bœuf,1,21.99,XL,Les Originales
2026-03-31 20:16:14,Indienne,1,18.99,Large,Les Grands Classiques
2026-03-31 20:16:14,Bacon Groovy,1,20.49,Large,Les Iconiques
2026-03-31 20:16:14,Crispy Cannibale,1,23.99,XL,Les Originales
2026-03-31 20:31:48,Pepperoni Party,1,17.49,Medium,Les Iconiques
2026-03-31 20:31:48,Royale Veggie,1,18.99,Large,Les Gourmandes Veggies
2026-03-31 20:31:48,Cheesy and Veggie,1,17.99,Large,Les Gourmandes Veggies
2026-03-31 21:01:41,Extravaganzza,1,20.99,Large,Toujours Plus
2026-03-31 21:01:41,Pêcheur,1,21.99,XL,Les Grands Classiques
2026-03-31 21:01:41,Pêcheur,1,15.99,Medium,Les Grands Classiques
2026-03-31 21:01:41,Kebab and Spicy,1,21.99,XL,Les Originales
2026-03-31 21:58:06,Cannibale,1,20.49,Large,Les Iconiques
2026-03-31 21:58:47,Chicken BBQ,1,21.99,XL,Les Grands Classiques
2026-03-31 21:58:47,Rocket Veggie,1,18.99,XL,Les Gourmandes Veggies
2026-03-31 21:58:47,Originale Pepperoni,1,15.99,Large,Les Bons Plans
2026-03-31 21:58:47,Crispy Cannibale,1,20.99,Large,Les Originales
2026-03-31 22:05:04,Hawaïenne Jambon,1,20.99,XL,Les Grands Classiques
2026-03-31 22:05:04,Royale Veggie,1,21.99,XL,Les Gourmandes Veggies
2026-03-31 22:05:04,Urban Kebab,1,17.49,Medium,Les Originales
2026-03-31 22:05:04,Kebab and Spicy,1,21.99,XL,Les Originales
2026-03-31 22:15:48,Kebab and Spicy,1,18.99,Large,Les Originales
